{"v":"5.7.11","fr":45,"ip":0,"op":90,"w":500,"h":500,"nm":"Lips heart burst","ddd":0,"assets":[{"id":"comp_0","layers":[{"ddd":0,"ind":1,"ty":0,"nm":"Page-1","refId":"comp_1","sr":1,"ks":{"o":{"a":0,"k":100},"r":{"a":0,"k":0},"p":{"a":0,"k":[105,71,0]},"a":{"a":0,"k":[105,71,0]},"s":{"a":0,"k":[100,100,100]}},"ao":0,"w":210,"h":142,"ip":0,"op":2700,"st":0,"bm":0}]},{"id":"comp_1","layers":[{"ddd":0,"ind":1,"ty":4,"nm":"053---Kissing","sr":1,"ks":{"o":{"a":0,"k":100},"r":{"a":0,"k":0},"p":{"a":0,"k":[105,70.723,0]},"a":{"a":0,"k":[0,0,0]},"s":{"a":0,"k":[100,100,100]}},"ao":0,"shapes":[{"ty":"rc","d":1,"s":{"a":0,"k":[210,141.447]},"p":{"a":0,"k":[0,0]},"r":{"a":0,"k":0},"nm":"Rectangle Path 1","hd":false}],"ip":0,"op":2700,"st":0,"bm":0},{"ddd":0,"ind":2,"ty":4,"nm":"Group 5","parent":1,"sr":1,"ks":{"o":{"a":0,"k":100},"r":{"a":0,"k":0},"p":{"a":0,"k":[-14.317,46.29,0]},"a":{"a":0,"k":[0,0,0]},"s":{"a":0,"k":[100,100,100]}},"ao":0,"shapes":[{"ty":"rc","d":1,"s":{"a":0,"k":[79.367,23.487]},"p":{"a":0,"k":[0,0]},"r":{"a":0,"k":0},"nm":"Rectangle Path 1","hd":false}],"ip":0,"op":2700,"st":0,"bm":0},{"ddd":0,"ind":3,"ty":4,"nm":"Oval","parent":2,"sr":1,"ks":{"o":{"a":0,"k":100},"r":{"a":0,"k":0},"p":{"a":0,"k":[-36.183,-8.243,0]},"a":{"a":0,"k":[0,0,0]},"s":{"a":0,"k":[100,100,100]}},"ao":0,"shapes":[{"ty":"gr","it":[{"d":1,"ty":"el","s":{"a":0,"k":[7,7]},"p":{"a":0,"k":[0,0]},"nm":"Ellipse Path 1","hd":false},{"ty":"fl","c":{"a":0,"k":[0.98431372549,0.482352941176,0.462745098039,1]},"o":{"a":0,"k":100},"r":1,"bm":0,"nm":"Fill 1","hd":false},{"ty":"tr","p":{"a":0,"k":[0,0]},"a":{"a":0,"k":[0,0]},"s":{"a":0,"k":[100,100]},"r":{"a":0,"k":0},"o":{"a":0,"k":100},"sk":{"a":0,"k":0},"sa":{"a":0,"k":0},"nm":"Transform"}],"nm":"Oval","bm":0,"hd":false}],"ip":0,"op":2700,"st":0,"bm":0},{"ddd":0,"ind":4,"ty":4,"nm":"Shape","parent":2,"sr":1,"ks":{"o":{"a":0,"k":100},"r":{"a":0,"k":0},"p":{"a":0,"k":[5.284,3.55,0]},"a":{"a":0,"k":[34.4,8.193,0]},"s":{"a":0,"k":[100,100,100]}},"ao":0,"shapes":[{"ty":"gr","it":[{"ind":0,"ty":"sh","ks":{"a":0,"k":{"i":[[12.1,0],[13.692,6.456],[-0.894,1.79],[-1.79,-0.894],[-0.315,0.072],[-0.782,-1.395],[1.112,-1.15]],"o":[[-15.136,0.194],[-1.79,-0.894],[0.894,-1.79],[27.419,13.708],[1.561,-0.349],[0.782,1.395],[-1.061,1.083]],"v":[[45.815,16.379],[2.005,6.864],[0.382,2.005],[5.241,0.382],[64.389,7.327],[68.337,9.09],[67.782,13.377]],"c":true}},"nm":"Path 1","hd":false},{"ty":"fl","c":{"a":0,"k":[0.98431372549,0.482352941176,0.462745098039,1]},"o":{"a":0,"k":100},"r":1,"bm":0,"nm":"Fill 1","hd":false},{"ty":"tr","p":{"a":0,"k":[0,0]},"a":{"a":0,"k":[0,0]},"s":{"a":0,"k":[100,100]},"r":{"a":0,"k":0},"o":{"a":0,"k":100},"sk":{"a":0,"k":0},"sa":{"a":0,"k":0},"nm":"Transform"}],"nm":"Shape","bm":0,"hd":false}],"ip":0,"op":2700,"st":0,"bm":0},{"ddd":0,"ind":5,"ty":4,"nm":"Shape","parent":1,"sr":1,"ks":{"o":{"a":0,"k":100},"r":{"a":0,"k":0},"p":{"a":0,"k":[0,31.928,0]},"a":{"a":0,"k":[105,38.796,0]},"s":{"a":0,"k":[100,100,100]}},"ao":0,"shapes":[{"ty":"gr","it":[{"ind":0,"ty":"sh","ks":{"a":0,"k":{"i":[[-5.717,0.034],[12.926,-15.497],[16.112,0.036],[20.203,24.259],[0,0],[-5.66,0.806],[-0.652,0.109],[-39.103,39.647],[-0.616,-0.072]],"o":[[0,0],[-20.203,24.259],[-16.112,0.036],[-12.926,-15.497],[5.717,0.034],[0.616,-0.072],[37.402,38.126],[0.652,0.109],[5.66,0.806]],"v":[[210,1.448],[169.629,49.35],[105,77.591],[40.371,49.35],[0,1.448],[17.09,0.29],[19.009,0],[190.991,0],[192.91,0.29]],"c":true}},"nm":"Path 1","hd":false},{"ty":"fl","c":{"a":0,"k":[0.874509803922,0.301960784314,0.376470588235,1]},"o":{"a":0,"k":100},"r":1,"bm":0,"nm":"Fill 1","hd":false},{"ty":"tr","p":{"a":0,"k":[0,0]},"a":{"a":0,"k":[0,0]},"s":{"a":0,"k":[100,100]},"r":{"a":0,"k":0},"o":{"a":0,"k":100},"sk":{"a":0,"k":0},"sa":{"a":0,"k":0},"nm":"Transform"}],"nm":"Shape","bm":0,"hd":false}],"ip":0,"op":2700,"st":0,"bm":0},{"ddd":0,"ind":6,"ty":4,"nm":"Shape","parent":1,"sr":1,"ks":{"o":{"a":0,"k":100},"r":{"a":0,"k":0},"p":{"a":0,"k":[40.805,-22.365,0]},"a":{"a":0,"k":[11.84,11.188,0]},"s":{"a":0,"k":[100,100,100]}},"ao":0,"shapes":[{"ty":"gr","it":[{"ind":0,"ty":"sh","ks":{"a":0,"k":{"i":[[-1.122,-0.724],[8.312,-1.106],[0,0],[-8.907,-6.843]],"o":[[-7.336,4.062],[0,0],[5.721,1.557],[1.014,0.797]],"v":[[23.679,14.555],[0,22.376],[0,0],[20.457,12.274]],"c":true}},"nm":"Path 1","hd":false},{"ty":"fl","c":{"a":0,"k":[0.925490196078,0.941176470588,0.945098039216,1]},"o":{"a":0,"k":100},"r":1,"bm":0,"nm":"Fill 1","hd":false},{"ty":"tr","p":{"a":0,"k":[0,0]},"a":{"a":0,"k":[0,0]},"s":{"a":0,"k":[100,100]},"r":{"a":0,"k":0},"o":{"a":0,"k":100},"sk":{"a":0,"k":0},"sa":{"a":0,"k":0},"nm":"Transform"}],"nm":"Shape","bm":0,"hd":false}],"ip":0,"op":2700,"st":0,"bm":0},{"ddd":0,"ind":7,"ty":4,"nm":"Shape","parent":1,"sr":1,"ks":{"o":{"a":0,"k":100},"r":{"a":0,"k":0},"p":{"a":0,"k":[14.483,-21.702,0]},"a":{"a":0,"k":[14.483,12.67,0]},"s":{"a":0,"k":[100,100,100]}},"ao":0,"shapes":[{"ty":"gr","it":[{"ind":0,"ty":"sh","ks":{"a":0,"k":{"i":[[-6.372,-1.738],[0,0],[9.698,0.091],[0,0],[-1.97,0.609]],"o":[[0,0],[-9.579,1.513],[0,0],[2.062,0.009],[10.247,-3.078]],"v":[[28.966,0.819],[28.966,23.195],[0,25.331],[0,4.187],[6.083,3.281]],"c":true}},"nm":"Path 1","hd":false},{"ty":"fl","c":{"a":0,"k":[1,1,1,1]},"o":{"a":0,"k":100},"r":1,"bm":0,"nm":"Fill 1","hd":false},{"ty":"tr","p":{"a":0,"k":[0,0]},"a":{"a":0,"k":[0,0]},"s":{"a":0,"k":[100,100]},"r":{"a":0,"k":0},"o":{"a":0,"k":100},"sk":{"a":0,"k":0},"sa":{"a":0,"k":0},"nm":"Transform"}],"nm":"Shape","bm":0,"hd":false}],"ip":0,"op":2700,"st":0,"bm":0},{"ddd":0,"ind":8,"ty":4,"nm":"Shape","parent":1,"sr":1,"ks":{"o":{"a":0,"k":100},"r":{"a":0,"k":0},"p":{"a":0,"k":[-14.483,-21.702,0]},"a":{"a":0,"k":[14.483,12.67,0]},"s":{"a":0,"k":[100,100,100]}},"ao":0,"shapes":[{"ty":"gr","it":[{"ind":0,"ty":"sh","ks":{"a":0,"k":{"i":[[-2.062,0.009],[0,0],[9.579,1.513],[0,0],[-10.247,-3.078]],"o":[[0,0],[-9.698,0.091],[0,0],[6.372,-1.738],[1.97,0.609]],"v":[[28.966,4.187],[28.966,25.331],[0,23.195],[0,0.819],[22.883,3.281]],"c":true}},"nm":"Path 1","hd":false},{"ty":"fl","c":{"a":0,"k":[0.925490196078,0.941176470588,0.945098039216,1]},"o":{"a":0,"k":100},"r":1,"bm":0,"nm":"Fill 1","hd":false},{"ty":"tr","p":{"a":0,"k":[0,0]},"a":{"a":0,"k":[0,0]},"s":{"a":0,"k":[100,100]},"r":{"a":0,"k":0},"o":{"a":0,"k":100},"sk":{"a":0,"k":0},"sa":{"a":0,"k":0},"nm":"Transform"}],"nm":"Shape","bm":0,"hd":false}],"ip":0,"op":2700,"st":0,"bm":0},{"ddd":0,"ind":9,"ty":4,"nm":"Shape","parent":1,"sr":1,"ks":{"o":{"a":0,"k":100},"r":{"a":0,"k":0},"p":{"a":0,"k":[-40.823,-22.365,0]},"a":{"a":0,"k":[11.858,11.188,0]},"s":{"a":0,"k":[100,100,100]}},"ao":0,"shapes":[{"ty":"gr","it":[{"ind":0,"ty":"sh","ks":{"a":0,"k":{"i":[[-5.721,1.557],[0,0],[7.354,4.05],[-1.05,0.797]],"o":[[0,0],[-8.32,-1.119],[1.122,-0.724],[8.907,-6.843]],"v":[[23.716,0],[23.716,22.376],[0,14.555],[3.259,12.274]],"c":true}},"nm":"Path 1","hd":false},{"ty":"fl","c":{"a":0,"k":[1,1,1,1]},"o":{"a":0,"k":100},"r":1,"bm":0,"nm":"Fill 1","hd":false},{"ty":"tr","p":{"a":0,"k":[0,0]},"a":{"a":0,"k":[0,0]},"s":{"a":0,"k":[100,100]},"r":{"a":0,"k":0},"o":{"a":0,"k":100},"sk":{"a":0,"k":0},"sa":{"a":0,"k":0},"nm":"Transform"}],"nm":"Shape","bm":0,"hd":false}],"ip":0,"op":2700,"st":0,"bm":0},{"ddd":0,"ind":10,"ty":4,"nm":"Shape","parent":1,"sr":1,"ks":{"o":{"a":0,"k":100},"r":{"a":0,"k":0},"p":{"a":0,"k":[0,1.651,0]},"a":{"a":0,"k":[85.991,20.648,0]},"s":{"a":0,"k":[100,100,100]}},"ao":0,"shapes":[{"ty":"gr","it":[{"ind":0,"ty":"sh","ks":{"a":0,"k":{"i":[[-11.392,-1.605],[37.402,38.126],[-9.861,5.903],[-0.362,0.253],[-8.32,-1.119],[-9.698,0.091],[-9.579,1.513],[-7.336,4.062],[-0.362,-0.253]],"o":[[-39.103,39.647],[11.381,-1.6],[0.362,-0.253],[7.354,4.05],[9.579,1.513],[9.698,0.091],[8.312,-1.106],[0.362,0.253],[9.877,5.899]],"v":[[171.983,12.129],[0,12.129],[32.188,0.76],[33.31,0],[57.026,7.821],[85.991,9.957],[114.957,7.821],[138.636,0],[139.759,0.76]],"c":true}},"nm":"Path 1","hd":false},{"ty":"fl","c":{"a":0,"k":[0.501960784314,0.176470588235,0.250980392157,1]},"o":{"a":0,"k":100},"r":1,"bm":0,"nm":"Fill 1","hd":false},{"ty":"tr","p":{"a":0,"k":[0,0]},"a":{"a":0,"k":[0,0]},"s":{"a":0,"k":[100,100]},"r":{"a":0,"k":0},"o":{"a":0,"k":100},"sk":{"a":0,"k":0},"sa":{"a":0,"k":0},"nm":"Transform"}],"nm":"Shape","bm":0,"hd":false}],"ip":0,"op":2700,"st":0,"bm":0},{"ddd":0,"ind":11,"ty":4,"nm":"Shape","parent":1,"sr":1,"ks":{"o":{"a":0,"k":100},"r":{"a":0,"k":0},"p":{"a":0,"k":[0,0,0]},"a":{"a":0,"k":[105,70.723,0]},"s":{"a":0,"k":[100,100,100]}},"ao":0,"shapes":[{"ty":"gr","it":[{"ind":0,"ty":"sh","ks":{"a":0,"k":{"i":[[-0.579,-0.579],[-28.278,-20.203],[12.926,-15.497],[16.112,0.036],[20.203,24.259],[0,0],[-24.222,24.259],[-11.297,-5.431],[-5.652,2.718],[-11.903,-1.303]],"o":[[24.222,24.259],[0,0],[-20.203,24.259],[-16.112,0.036],[-12.926,-15.497],[28.278,-20.203],[16.329,-16.293],[5.652,2.718],[8.085,-4.143],[11.903,1.303]],"v":[[161.555,10.884],[210,65.303],[169.629,113.205],[105,141.447],[40.371,113.205],[0,65.303],[48.445,10.884],[96.057,5.671],[113.943,5.671],[140.157,0.348]],"c":true}},"nm":"Path 1","hd":false},{"ty":"fl","c":{"a":0,"k":[1,0.325490196078,0.392156862745,1]},"o":{"a":0,"k":100},"r":1,"bm":0,"nm":"Fill 1","hd":false},{"ty":"tr","p":{"a":0,"k":[0,0]},"a":{"a":0,"k":[0,0]},"s":{"a":0,"k":[100,100]},"r":{"a":0,"k":0},"o":{"a":0,"k":100},"sk":{"a":0,"k":0},"sa":{"a":0,"k":0},"nm":"Transform"}],"nm":"Shape","bm":0,"hd":false}],"ip":0,"op":2700,"st":0,"bm":0}]}],"layers":[{"ddd":0,"ind":1,"ty":4,"nm":"Burst white","sr":1,"ks":{"o":{"a":1,"k":[{"i":{"x":[0.833],"y":[0.833]},"o":{"x":[0.167],"y":[0.167]},"t":28,"s":[0]},{"t":29,"s":[100]}]},"r":{"a":0,"k":0},"p":{"k":[{"s":[250,249,0],"t":10,"i":{"x":1,"y":1},"o":{"x":0,"y":0}},{"s":[250,249,0],"t":89,"i":{"x":1,"y":1},"o":{"x":0,"y":0}}]},"a":{"a":0,"k":[0,0,0]},"s":{"a":0,"k":[70,70,100]}},"ao":0,"ef":[{"ty":5,"nm":"Burst","np":32,"mn":"Pseudo/UgOta64372a0u","ix":1,"en":1,"ef":[{"ty":3,"nm":"Global Position","mn":"Pseudo/UgOta64372a0u-0001","ix":1,"v":{"a":0,"k":[250,249]}},{"ty":6,"nm":"Copies","mn":"Pseudo/UgOta64372a0u-0002","ix":2,"v":0},{"ty":0,"nm":"Count","mn":"Pseudo/UgOta64372a0u-0003","ix":3,"v":{"k":[{"s":[8],"t":10,"i":{"x":[1],"y":[1]},"o":{"x":[0],"y":[0]}},{"s":[8],"t":89,"i":{"x":[1],"y":[1]},"o":{"x":[0],"y":[0]}}]}},{"ty":0,"nm":"Burst Offset","mn":"Pseudo/UgOta64372a0u-0004","ix":4,"v":{"a":0,"k":0}},{"ty":0,"nm":"Dist. from Center","mn":"Pseudo/UgOta64372a0u-0005","ix":5,"v":{"k":[{"s":[0],"t":28,"i":{"x":[1],"y":[1]},"o":{"x":[0],"y":[0]}},{"s":[243.901],"t":36,"i":{"x":[1],"y":[1]},"o":{"x":[0],"y":[0]}},{"s":[265.414],"t":37,"i":{"x":[1],"y":[1]},"o":{"x":[0],"y":[0]}},{"s":[280.708],"t":38,"i":{"x":[1],"y":[1]},"o":{"x":[0],"y":[0]}},{"s":[290.503],"t":39,"i":{"x":[1],"y":[1]},"o":{"x":[0],"y":[0]}},{"s":[295.606],"t":40,"i":{"x":[1],"y":[1]},"o":{"x":[0],"y":[0]}},{"s":[296.849],"t":41,"i":{"x":[1],"y":[1]},"o":{"x":[0],"y":[0]}},{"s":[295.045],"t":42,"i":{"x":[1],"y":[1]},"o":{"x":[0],"y":[0]}},{"s":[290.959],"t":43,"i":{"x":[1],"y":[1]},"o":{"x":[0],"y":[0]}},{"s":[285.278],"t":44,"i":{"x":[1],"y":[1]},"o":{"x":[0],"y":[0]}},{"s":[278.604],"t":45,"i":{"x":[1],"y":[1]},"o":{"x":[0],"y":[0]}},{"s":[271.443],"t":46,"i":{"x":[1],"y":[1]},"o":{"x":[0],"y":[0]}},{"s":[264.204],"t":47,"i":{"x":[1],"y":[1]},"o":{"x":[0],"y":[0]}},{"s":[257.205],"t":48,"i":{"x":[1],"y":[1]},"o":{"x":[0],"y":[0]}},{"s":[250.677],"t":49,"i":{"x":[1],"y":[1]},"o":{"x":[0],"y":[0]}},{"s":[244.778],"t":50,"i":{"x":[1],"y":[1]},"o":{"x":[0],"y":[0]}},{"s":[239.597],"t":51,"i":{"x":[1],"y":[1]},"o":{"x":[0],"y":[0]}},{"s":[235.172],"t":52,"i":{"x":[1],"y":[1]},"o":{"x":[0],"y":[0]}},{"s":[231.496],"t":53,"i":{"x":[1],"y":[1]},"o":{"x":[0],"y":[0]}},{"s":[228.529],"t":54,"i":{"x":[1],"y":[1]},"o":{"x":[0],"y":[0]}},{"s":[226.208],"t":55,"i":{"x":[1],"y":[1]},"o":{"x":[0],"y":[0]}},{"s":[224.457],"t":56,"i":{"x":[1],"y":[1]},"o":{"x":[0],"y":[0]}},{"s":[223.19],"t":57,"i":{"x":[1],"y":[1]},"o":{"x":[0],"y":[0]}},{"s":[222.319],"t":58,"i":{"x":[1],"y":[1]},"o":{"x":[0],"y":[0]}},{"s":[221.758],"t":59,"i":{"x":[1],"y":[1]},"o":{"x":[0],"y":[0]}},{"s":[221.429],"t":60,"i":{"x":[1],"y":[1]},"o":{"x":[0],"y":[0]}},{"s":[221.259],"t":61,"i":{"x":[1],"y":[1]},"o":{"x":[0],"y":[0]}},{"s":[221.083],"t":65,"i":{"x":[1],"y":[1]},"o":{"x":[0],"y":[0]}},{"s":[220.978],"t":66,"i":{"x":[1],"y":[1]},"o":{"x":[0],"y":[0]}},{"s":[221.883],"t":67,"i":{"x":[1],"y":[1]},"o":{"x":[0],"y":[0]}},{"s":[227.623],"t":68,"i":{"x":[1],"y":[1]},"o":{"x":[0],"y":[0]}},{"s":[233.507],"t":69,"i":{"x":[1],"y":[1]},"o":{"x":[0],"y":[0]}},{"s":[239.52],"t":70,"i":{"x":[1],"y":[1]},"o":{"x":[0],"y":[0]}},{"s":[245.642],"t":71,"i":{"x":[1],"y":[1]},"o":{"x":[0],"y":[0]}},{"s":[251.854],"t":72,"i":{"x":[1],"y":[1]},"o":{"x":[0],"y":[0]}},{"s":[258.137],"t":73,"i":{"x":[1],"y":[1]},"o":{"x":[0],"y":[0]}},{"s":[264.473],"t":74,"i":{"x":[1],"y":[1]},"o":{"x":[0],"y":[0]}},{"s":[270.847],"t":75,"i":{"x":[1],"y":[1]},"o":{"x":[0],"y":[0]}},{"s":[278.201],"t":76,"i":{"x":[1],"y":[1]},"o":{"x":[0],"y":[0]}},{"s":[282.762],"t":77,"i":{"x":[1],"y":[1]},"o":{"x":[0],"y":[0]}},{"s":[286.047],"t":78,"i":{"x":[1],"y":[1]},"o":{"x":[0],"y":[0]}},{"s":[288.203],"t":79,"i":{"x":[1],"y":[1]},"o":{"x":[0],"y":[0]}},{"s":[289.396],"t":80,"i":{"x":[1],"y":[1]},"o":{"x":[0],"y":[0]}},{"s":[289.573],"t":82,"i":{"x":[1],"y":[1]},"o":{"x":[0],"y":[0]}},{"s":[288.88],"t":83,"i":{"x":[1],"y":[1]},"o":{"x":[0],"y":[0]}},{"s":[287.859],"t":84,"i":{"x":[1],"y":[1]},"o":{"x":[0],"y":[0]}},{"s":[286.635],"t":85,"i":{"x":[1],"y":[1]},"o":{"x":[0],"y":[0]}},{"s":[285.311],"t":86,"i":{"x":[1],"y":[1]},"o":{"x":[0],"y":[0]}},{"s":[283.971],"t":87,"i":{"x":[1],"y":[1]},"o":{"x":[0],"y":[0]}},{"s":[282.681],"t":88,"i":{"x":[1],"y":[1]},"o":{"x":[0],"y":[0]}},{"s":[281.487],"t":89,"i":{"x":[1],"y":[1]},"o":{"x":[0],"y":[0]}}]}},{"ty":0,"nm":"Revolution","mn":"Pseudo/UgOta64372a0u-0006","ix":6,"v":{"a":0,"k":360}},{"ty":0,"nm":"Revolution Offset","mn":"Pseudo/UgOta64372a0u-0007","ix":7,"v":{"a":0,"k":0}},{"ty":6,"nm":"","mn":"Pseudo/UgOta64372a0u-0008","ix":8,"v":0},{"ty":6,"nm":"Properties","mn":"Pseudo/UgOta64372a0u-0009","ix":9,"v":0},{"ty":7,"nm":"Link","mn":"Pseudo/UgOta64372a0u-0010","ix":10,"v":{"a":0,"k":0}},{"ty":0,"nm":"Height","mn":"Pseudo/UgOta64372a0u-0011","ix":11,"v":{"a":0,"k":22.4}},{"ty":0,"nm":"Width","mn":"Pseudo/UgOta64372a0u-0012","ix":12,"v":{"k":[{"s":[11.8],"t":10,"i":{"x":[1],"y":[1]},"o":{"x":[0],"y":[0]}},{"s":[11.8],"t":89,"i":{"x":[1],"y":[1]},"o":{"x":[0],"y":[0]}}]}},{"ty":0,"nm":"Roundness","mn":"Pseudo/UgOta64372a0u-0013","ix":13,"v":{"k":[{"s":[30],"t":10,"i":{"x":[1],"y":[1]},"o":{"x":[0],"y":[0]}},{"s":[30],"t":89,"i":{"x":[1],"y":[1]},"o":{"x":[0],"y":[0]}}]}},{"ty":0,"nm":"Stroke Width","mn":"Pseudo/UgOta64372a0u-0014","ix":14,"v":{"a":0,"k":8}},{"ty":6,"nm":"","mn":"Pseudo/UgOta64372a0u-0015","ix":15,"v":0},{"ty":6,"nm":"Color","mn":"Pseudo/UgOta64372a0u-0016","ix":16,"v":0},{"ty":6,"nm":"Fill","mn":"Pseudo/UgOta64372a0u-0017","ix":17,"v":0},{"ty":7,"nm":"Enable","mn":"Pseudo/UgOta64372a0u-0018","ix":18,"v":{"a":0,"k":1}},{"ty":2,"nm":"Color","mn":"Pseudo/UgOta64372a0u-0019","ix":19,"v":{"a":0,"k":[1,1,1,1]}},{"ty":6,"nm":"","mn":"Pseudo/UgOta64372a0u-0020","ix":20,"v":0},{"ty":6,"nm":"Stroke","mn":"Pseudo/UgOta64372a0u-0021","ix":21,"v":0},{"ty":7,"nm":"Enable","mn":"Pseudo/UgOta64372a0u-0022","ix":22,"v":{"a":0,"k":1}},{"ty":2,"nm":"Color","mn":"Pseudo/UgOta64372a0u-0023","ix":23,"v":{"a":0,"k":[0.453999996185,0.73299998045,1,1]}},{"ty":6,"nm":"","mn":"Pseudo/UgOta64372a0u-0024","ix":24,"v":0},{"ty":6,"nm":"","mn":"Pseudo/UgOta64372a0u-0025","ix":25,"v":0},{"ty":6,"nm":"Sequence","mn":"Pseudo/UgOta64372a0u-0026","ix":26,"v":0},{"ty":7,"nm":"Link","mn":"Pseudo/UgOta64372a0u-0027","ix":27,"v":{"a":0,"k":1}},{"ty":0,"nm":"Height","mn":"Pseudo/UgOta64372a0u-0028","ix":28,"v":{"a":0,"k":0}},{"ty":0,"nm":"Width","mn":"Pseudo/UgOta64372a0u-0029","ix":29,"v":{"a":0,"k":0}},{"ty":6,"nm":"","mn":"Pseudo/UgOta64372a0u-0030","ix":30,"v":0}]},{"ty":5,"nm":"Elastic: Dist. from Center - Burst","np":5,"mn":"Pseudo/MDS Elastic Controller","ix":2,"en":1,"ef":[{"ty":0,"nm":"Amplitude","mn":"Pseudo/MDS Elastic Controller-0001","ix":1,"v":{"a":0,"k":20}},{"ty":0,"nm":"Frequency","mn":"Pseudo/MDS Elastic Controller-0002","ix":2,"v":{"a":0,"k":40}},{"ty":0,"nm":"Decay","mn":"Pseudo/MDS Elastic Controller-0003","ix":3,"v":{"a":0,"k":60}}]}],"shapes":[{"ty":"gr","it":[{"ty":"rc","d":1,"s":{"k":[{"s":[11.8,22.4],"t":10,"i":{"x":[1,1],"y":[1,1]},"o":{"x":[0,0],"y":[0,0]}},{"s":[11.8,22.4],"t":89,"i":{"x":[1,1],"y":[1,1]},"o":{"x":[0,0],"y":[0,0]}}]},"p":{"k":[{"s":[0,0],"t":28,"i":{"x":1,"y":1},"o":{"x":0,"y":0}},{"s":[0,243.901],"t":36,"i":{"x":1,"y":1},"o":{"x":0,"y":0}},{"s":[0,265.414],"t":37,"i":{"x":1,"y":1},"o":{"x":0,"y":0}},{"s":[0,280.708],"t":38,"i":{"x":1,"y":1},"o":{"x":0,"y":0}},{"s":[0,290.503],"t":39,"i":{"x":1,"y":1},"o":{"x":0,"y":0}},{"s":[0,295.606],"t":40,"i":{"x":1,"y":1},"o":{"x":0,"y":0}},{"s":[0,296.849],"t":41,"i":{"x":1,"y":1},"o":{"x":0,"y":0}},{"s":[0,295.045],"t":42,"i":{"x":1,"y":1},"o":{"x":0,"y":0}},{"s":[0,290.959],"t":43,"i":{"x":1,"y":1},"o":{"x":0,"y":0}},{"s":[0,285.278],"t":44,"i":{"x":1,"y":1},"o":{"x":0,"y":0}},{"s":[0,278.604],"t":45,"i":{"x":1,"y":1},"o":{"x":0,"y":0}},{"s":[0,271.443],"t":46,"i":{"x":1,"y":1},"o":{"x":0,"y":0}},{"s":[0,264.204],"t":47,"i":{"x":1,"y":1},"o":{"x":0,"y":0}},{"s":[0,257.205],"t":48,"i":{"x":1,"y":1},"o":{"x":0,"y":0}},{"s":[0,250.677],"t":49,"i":{"x":1,"y":1},"o":{"x":0,"y":0}},{"s":[0,244.778],"t":50,"i":{"x":1,"y":1},"o":{"x":0,"y":0}},{"s":[0,239.597],"t":51,"i":{"x":1,"y":1},"o":{"x":0,"y":0}},{"s":[0,235.172],"t":52,"i":{"x":1,"y":1},"o":{"x":0,"y":0}},{"s":[0,231.496],"t":53,"i":{"x":1,"y":1},"o":{"x":0,"y":0}},{"s":[0,228.529],"t":54,"i":{"x":1,"y":1},"o":{"x":0,"y":0}},{"s":[0,226.208],"t":55,"i":{"x":1,"y":1},"o":{"x":0,"y":0}},{"s":[0,224.457],"t":56,"i":{"x":1,"y":1},"o":{"x":0,"y":0}},{"s":[0,223.19],"t":57,"i":{"x":1,"y":1},"o":{"x":0,"y":0}},{"s":[0,222.319],"t":58,"i":{"x":1,"y":1},"o":{"x":0,"y":0}},{"s":[0,221.758],"t":59,"i":{"x":1,"y":1},"o":{"x":0,"y":0}},{"s":[0,221.429],"t":60,"i":{"x":1,"y":1},"o":{"x":0,"y":0}},{"s":[0,221.259],"t":61,"i":{"x":1,"y":1},"o":{"x":0,"y":0}},{"s":[0,221.083],"t":65,"i":{"x":1,"y":1},"o":{"x":0,"y":0}},{"s":[0,220.978],"t":66,"i":{"x":1,"y":1},"o":{"x":0,"y":0}},{"s":[0,221.883],"t":67,"i":{"x":1,"y":1},"o":{"x":0,"y":0}},{"s":[0,227.623],"t":68,"i":{"x":1,"y":1},"o":{"x":0,"y":0}},{"s":[0,233.507],"t":69,"i":{"x":1,"y":1},"o":{"x":0,"y":0}},{"s":[0,239.52],"t":70,"i":{"x":1,"y":1},"o":{"x":0,"y":0}},{"s":[0,245.642],"t":71,"i":{"x":1,"y":1},"o":{"x":0,"y":0}},{"s":[0,251.854],"t":72,"i":{"x":1,"y":1},"o":{"x":0,"y":0}},{"s":[0,258.137],"t":73,"i":{"x":1,"y":1},"o":{"x":0,"y":0}},{"s":[0,264.473],"t":74,"i":{"x":1,"y":1},"o":{"x":0,"y":0}},{"s":[0,270.847],"t":75,"i":{"x":1,"y":1},"o":{"x":0,"y":0}},{"s":[0,278.201],"t":76,"i":{"x":1,"y":1},"o":{"x":0,"y":0}},{"s":[0,282.762],"t":77,"i":{"x":1,"y":1},"o":{"x":0,"y":0}},{"s":[0,286.047],"t":78,"i":{"x":1,"y":1},"o":{"x":0,"y":0}},{"s":[0,288.203],"t":79,"i":{"x":1,"y":1},"o":{"x":0,"y":0}},{"s":[0,289.396],"t":80,"i":{"x":1,"y":1},"o":{"x":0,"y":0}},{"s":[0,289.573],"t":82,"i":{"x":1,"y":1},"o":{"x":0,"y":0}},{"s":[0,288.88],"t":83,"i":{"x":1,"y":1},"o":{"x":0,"y":0}},{"s":[0,287.859],"t":84,"i":{"x":1,"y":1},"o":{"x":0,"y":0}},{"s":[0,286.635],"t":85,"i":{"x":1,"y":1},"o":{"x":0,"y":0}},{"s":[0,285.311],"t":86,"i":{"x":1,"y":1},"o":{"x":0,"y":0}},{"s":[0,283.971],"t":87,"i":{"x":1,"y":1},"o":{"x":0,"y":0}},{"s":[0,282.681],"t":88,"i":{"x":1,"y":1},"o":{"x":0,"y":0}},{"s":[0,281.487],"t":89,"i":{"x":1,"y":1},"o":{"x":0,"y":0}}]},"r":{"k":[{"s":[30],"t":10,"i":{"x":[1],"y":[1]},"o":{"x":[0],"y":[0]}},{"s":[30],"t":89,"i":{"x":[1],"y":[1]},"o":{"x":[0],"y":[0]}}]},"nm":"Burst Piece 1","hd":false},{"ty":"rp","c":{"k":[{"s":[8],"t":10,"i":{"x":[1],"y":[1]},"o":{"x":[0],"y":[0]}},{"s":[8],"t":89,"i":{"x":[1],"y":[1]},"o":{"x":[0],"y":[0]}}]},"o":{"a":0,"k":0},"m":1,"tr":{"ty":"tr","p":{"a":0,"k":[0,0]},"a":{"a":0,"k":[0,0]},"s":{"k":[{"s":[100,100],"t":10,"i":{"x":[1,1],"y":[1,1]},"o":{"x":[0,0],"y":[0,0]}},{"s":[100,100],"t":89,"i":{"x":[1,1],"y":[1,1]},"o":{"x":[0,0],"y":[0,0]}}]},"r":{"k":[{"s":[45],"t":10,"i":{"x":[1],"y":[1]},"o":{"x":[0],"y":[0]}},{"s":[45],"t":89,"i":{"x":[1],"y":[1]},"o":{"x":[0],"y":[0]}}]},"so":{"a":0,"k":100},"eo":{"a":0,"k":100},"nm":"Transform"},"nm":"Repeater 1","hd":false},{"ty":"fl","c":{"k":[{"s":[1,1,1,1],"t":10,"i":{"x":[1],"y":[1]},"o":{"x":[0],"y":[0]}},{"s":[1,1,1,1],"t":89,"i":{"x":[1],"y":[1]},"o":{"x":[0],"y":[0]}}]},"o":{"k":[{"s":[100],"t":10,"i":{"x":[1],"y":[1]},"o":{"x":[0],"y":[0]}},{"s":[100],"t":89,"i":{"x":[1],"y":[1]},"o":{"x":[0],"y":[0]}}]},"r":1,"bm":0,"nm":"Fill 1","hd":false},{"ty":"tr","p":{"a":0,"k":[0,0]},"a":{"a":0,"k":[0,0]},"s":{"a":0,"k":[100,100]},"r":{"a":0,"k":0},"o":{"a":0,"k":100},"sk":{"a":0,"k":0},"sa":{"a":0,"k":0},"nm":"Transform"}],"nm":"Rectangle 1","bm":0,"hd":false}],"ip":10,"op":100,"st":10,"bm":0},{"ddd":0,"ind":2,"ty":0,"nm":"Main object logo","refId":"comp_0","sr":1,"ks":{"o":{"k":[{"s":[100],"t":0,"i":{"x":[1],"y":[1]},"o":{"x":[0],"y":[0]}},{"s":[100],"t":89,"i":{"x":[1],"y":[1]},"o":{"x":[0],"y":[0]}}]},"r":{"a":1,"k":[{"i":{"x":[0.833],"y":[1]},"o":{"x":[0.167],"y":[0.222]},"t":13,"s":[0]},{"i":{"x":[0.833],"y":[0.792]},"o":{"x":[0.167],"y":[0]},"t":17,"s":[-11]},{"t":22,"s":[0]}]},"p":{"k":[{"s":[250,250,0],"t":0,"i":{"x":1,"y":1},"o":{"x":0,"y":0}},{"s":[250,250,0],"t":89,"i":{"x":1,"y":1},"o":{"x":0,"y":0}}]},"a":{"k":[{"s":[105,71,0],"t":0,"i":{"x":1,"y":1},"o":{"x":0,"y":0}},{"s":[105,71,0],"t":89,"i":{"x":1,"y":1},"o":{"x":0,"y":0}}]},"s":{"k":[{"s":[0,0,100],"t":12,"i":{"x":[1,1,1],"y":[1,1,1]},"o":{"x":[0,0,0],"y":[0,0,0]}},{"s":[100,100,100],"t":19,"i":{"x":[1,1,1],"y":[1,1,1]},"o":{"x":[0,0,0],"y":[0,0,0]}},{"s":[110.414,110.414,100],"t":20,"i":{"x":[1,1,1],"y":[1,1,1]},"o":{"x":[0,0,0],"y":[0,0,0]}},{"s":[117.913,117.913,100],"t":21,"i":{"x":[1,1,1],"y":[1,1,1]},"o":{"x":[0,0,0],"y":[0,0,0]}},{"s":[122.835,122.835,100],"t":22,"i":{"x":[1,1,1],"y":[1,1,1]},"o":{"x":[0,0,0],"y":[0,0,0]}},{"s":[125.559,125.559,100],"t":23,"i":{"x":[1,1,1],"y":[1,1,1]},"o":{"x":[0,0,0],"y":[0,0,0]}},{"s":[126.474,126.474,100],"t":24,"i":{"x":[1,1,1],"y":[1,1,1]},"o":{"x":[0,0,0],"y":[0,0,0]}},{"s":[125.962,125.962,100],"t":25,"i":{"x":[1,1,1],"y":[1,1,1]},"o":{"x":[0,0,0],"y":[0,0,0]}},{"s":[124.38,124.38,100],"t":26,"i":{"x":[1,1,1],"y":[1,1,1]},"o":{"x":[0,0,0],"y":[0,0,0]}},{"s":[122.051,122.051,100],"t":27,"i":{"x":[1,1,1],"y":[1,1,1]},"o":{"x":[0,0,0],"y":[0,0,0]}},{"s":[119.256,119.256,100],"t":28,"i":{"x":[1,1,1],"y":[1,1,1]},"o":{"x":[0,0,0],"y":[0,0,0]}},{"s":[116.234,116.234,100],"t":29,"i":{"x":[1,1,1],"y":[1,1,1]},"o":{"x":[0,0,0],"y":[0,0,0]}},{"s":[113.174,113.174,100],"t":30,"i":{"x":[1,1,1],"y":[1,1,1]},"o":{"x":[0,0,0],"y":[0,0,0]}},{"s":[110.228,110.228,100],"t":31,"i":{"x":[1,1,1],"y":[1,1,1]},"o":{"x":[0,0,0],"y":[0,0,0]}},{"s":[107.502,107.502,100],"t":32,"i":{"x":[1,1,1],"y":[1,1,1]},"o":{"x":[0,0,0],"y":[0,0,0]}},{"s":[105.07,105.07,100],"t":33,"i":{"x":[1,1,1],"y":[1,1,1]},"o":{"x":[0,0,0],"y":[0,0,0]}},{"s":[102.976,102.976,100],"t":34,"i":{"x":[1,1,1],"y":[1,1,1]},"o":{"x":[0,0,0],"y":[0,0,0]}},{"s":[101.235,101.235,100],"t":35,"i":{"x":[1,1,1],"y":[1,1,1]},"o":{"x":[0,0,0],"y":[0,0,0]}},{"s":[99.845,99.845,100],"t":36,"i":{"x":[1,1,1],"y":[1,1,1]},"o":{"x":[0,0,0],"y":[0,0,0]}},{"s":[98.787,98.787,100],"t":37,"i":{"x":[1,1,1],"y":[1,1,1]},"o":{"x":[0,0,0],"y":[0,0,0]}},{"s":[98.033,98.033,100],"t":38,"i":{"x":[1,1,1],"y":[1,1,1]},"o":{"x":[0,0,0],"y":[0,0,0]}},{"s":[97.545,97.545,100],"t":39,"i":{"x":[1,1,1],"y":[1,1,1]},"o":{"x":[0,0,0],"y":[0,0,0]}},{"s":[97.284,97.284,100],"t":40,"i":{"x":[1,1,1],"y":[1,1,1]},"o":{"x":[0,0,0],"y":[0,0,0]}},{"s":[97.279,97.279,100],"t":42,"i":{"x":[1,1,1],"y":[1,1,1]},"o":{"x":[0,0,0],"y":[0,0,0]}},{"s":[97.457,97.457,100],"t":43,"i":{"x":[1,1,1],"y":[1,1,1]},"o":{"x":[0,0,0],"y":[0,0,0]}},{"s":[97.711,97.711,100],"t":44,"i":{"x":[1,1,1],"y":[1,1,1]},"o":{"x":[0,0,0],"y":[0,0,0]}},{"s":[98.009,98.009,100],"t":45,"i":{"x":[1,1,1],"y":[1,1,1]},"o":{"x":[0,0,0],"y":[0,0,0]}},{"s":[98.329,98.329,100],"t":46,"i":{"x":[1,1,1],"y":[1,1,1]},"o":{"x":[0,0,0],"y":[0,0,0]}},{"s":[98.651,98.651,100],"t":47,"i":{"x":[1,1,1],"y":[1,1,1]},"o":{"x":[0,0,0],"y":[0,0,0]}},{"s":[98.959,98.959,100],"t":48,"i":{"x":[1,1,1],"y":[1,1,1]},"o":{"x":[0,0,0],"y":[0,0,0]}},{"s":[99.243,99.243,100],"t":49,"i":{"x":[1,1,1],"y":[1,1,1]},"o":{"x":[0,0,0],"y":[0,0,0]}},{"s":[99.495,99.495,100],"t":50,"i":{"x":[1,1,1],"y":[1,1,1]},"o":{"x":[0,0,0],"y":[0,0,0]}},{"s":[99.711,99.711,100],"t":51,"i":{"x":[1,1,1],"y":[1,1,1]},"o":{"x":[0,0,0],"y":[0,0,0]}},{"s":[99.89,99.89,100],"t":52,"i":{"x":[1,1,1],"y":[1,1,1]},"o":{"x":[0,0,0],"y":[0,0,0]}},{"s":[100.032,100.032,100],"t":53,"i":{"x":[1,1,1],"y":[1,1,1]},"o":{"x":[0,0,0],"y":[0,0,0]}},{"s":[100.139,100.139,100],"t":54,"i":{"x":[1,1,1],"y":[1,1,1]},"o":{"x":[0,0,0],"y":[0,0,0]}},{"s":[100.215,100.215,100],"t":55,"i":{"x":[1,1,1],"y":[1,1,1]},"o":{"x":[0,0,0],"y":[0,0,0]}},{"s":[100.138,100.138,100],"t":64,"i":{"x":[1,1,1],"y":[1,1,1]},"o":{"x":[0,0,0],"y":[0,0,0]}},{"s":[100.05,100.05,100],"t":67,"i":{"x":[1,1,1],"y":[1,1,1]},"o":{"x":[0,0,0],"y":[0,0,0]}}]}},"ao":0,"ef":[{"ty":5,"nm":"Elastic Controller","np":5,"mn":"Pseudo/MDS Elastic Controller","ix":1,"en":1,"ef":[{"ty":0,"nm":"Amplitude","mn":"Pseudo/MDS Elastic Controller-0001","ix":1,"v":{"a":0,"k":20}},{"ty":0,"nm":"Frequency","mn":"Pseudo/MDS Elastic Controller-0002","ix":2,"v":{"a":0,"k":40}},{"ty":0,"nm":"Decay","mn":"Pseudo/MDS Elastic Controller-0003","ix":3,"v":{"a":0,"k":60}}]}],"w":210,"h":142,"ip":0,"op":2700,"st":0,"bm":0},{"ddd":0,"ind":3,"ty":4,"nm":"Burst black","sr":1,"ks":{"o":{"a":1,"k":[{"i":{"x":[0.833],"y":[0.833]},"o":{"x":[0.167],"y":[0.167]},"t":24,"s":[0]},{"t":25,"s":[100]}]},"r":{"a":0,"k":0},"p":{"k":[{"s":[250,249,0],"t":6,"i":{"x":1,"y":1},"o":{"x":0,"y":0}},{"s":[250,249,0],"t":89,"i":{"x":1,"y":1},"o":{"x":0,"y":0}}]},"a":{"a":0,"k":[0,0,0]},"s":{"a":0,"k":[70,70,100]}},"ao":0,"ef":[{"ty":5,"nm":"Burst","np":32,"mn":"Pseudo/UgOta64372a0u","ix":1,"en":1,"ef":[{"ty":3,"nm":"Global Position","mn":"Pseudo/UgOta64372a0u-0001","ix":1,"v":{"a":0,"k":[250,249]}},{"ty":6,"nm":"Copies","mn":"Pseudo/UgOta64372a0u-0002","ix":2,"v":0},{"ty":0,"nm":"Count","mn":"Pseudo/UgOta64372a0u-0003","ix":3,"v":{"k":[{"s":[8],"t":6,"i":{"x":[1],"y":[1]},"o":{"x":[0],"y":[0]}},{"s":[8],"t":89,"i":{"x":[1],"y":[1]},"o":{"x":[0],"y":[0]}}]}},{"ty":0,"nm":"Burst Offset","mn":"Pseudo/UgOta64372a0u-0004","ix":4,"v":{"a":0,"k":0}},{"ty":0,"nm":"Dist. from Center","mn":"Pseudo/UgOta64372a0u-0005","ix":5,"v":{"k":[{"s":[0],"t":24,"i":{"x":[1],"y":[1]},"o":{"x":[0],"y":[0]}},{"s":[243.901],"t":32,"i":{"x":[1],"y":[1]},"o":{"x":[0],"y":[0]}},{"s":[266.982],"t":33,"i":{"x":[1],"y":[1]},"o":{"x":[0],"y":[0]}},{"s":[283.843],"t":34,"i":{"x":[1],"y":[1]},"o":{"x":[0],"y":[0]}},{"s":[295.207],"t":35,"i":{"x":[1],"y":[1]},"o":{"x":[0],"y":[0]}},{"s":[301.877],"t":36,"i":{"x":[1],"y":[1]},"o":{"x":[0],"y":[0]}},{"s":[304.688],"t":37,"i":{"x":[1],"y":[1]},"o":{"x":[0],"y":[0]}},{"s":[304.452],"t":38,"i":{"x":[1],"y":[1]},"o":{"x":[0],"y":[0]}},{"s":[301.933],"t":39,"i":{"x":[1],"y":[1]},"o":{"x":[0],"y":[0]}},{"s":[297.82],"t":40,"i":{"x":[1],"y":[1]},"o":{"x":[0],"y":[0]}},{"s":[292.714],"t":41,"i":{"x":[1],"y":[1]},"o":{"x":[0],"y":[0]}},{"s":[287.12],"t":42,"i":{"x":[1],"y":[1]},"o":{"x":[0],"y":[0]}},{"s":[281.449],"t":43,"i":{"x":[1],"y":[1]},"o":{"x":[0],"y":[0]}},{"s":[276.018],"t":44,"i":{"x":[1],"y":[1]},"o":{"x":[0],"y":[0]}},{"s":[271.058],"t":45,"i":{"x":[1],"y":[1]},"o":{"x":[0],"y":[0]}},{"s":[266.726],"t":46,"i":{"x":[1],"y":[1]},"o":{"x":[0],"y":[0]}},{"s":[263.113],"t":47,"i":{"x":[1],"y":[1]},"o":{"x":[0],"y":[0]}},{"s":[260.256],"t":48,"i":{"x":[1],"y":[1]},"o":{"x":[0],"y":[0]}},{"s":[258.147],"t":49,"i":{"x":[1],"y":[1]},"o":{"x":[0],"y":[0]}},{"s":[256.748],"t":50,"i":{"x":[1],"y":[1]},"o":{"x":[0],"y":[0]}},{"s":[255.995],"t":51,"i":{"x":[1],"y":[1]},"o":{"x":[0],"y":[0]}},{"s":[255.812],"t":52,"i":{"x":[1],"y":[1]},"o":{"x":[0],"y":[0]}},{"s":[256.113],"t":53,"i":{"x":[1],"y":[1]},"o":{"x":[0],"y":[0]}},{"s":[256.809],"t":54,"i":{"x":[1],"y":[1]},"o":{"x":[0],"y":[0]}},{"s":[257.816],"t":55,"i":{"x":[1],"y":[1]},"o":{"x":[0],"y":[0]}},{"s":[259.054],"t":56,"i":{"x":[1],"y":[1]},"o":{"x":[0],"y":[0]}},{"s":[260.452],"t":57,"i":{"x":[1],"y":[1]},"o":{"x":[0],"y":[0]}},{"s":[261.947],"t":58,"i":{"x":[1],"y":[1]},"o":{"x":[0],"y":[0]}},{"s":[263.488],"t":59,"i":{"x":[1],"y":[1]},"o":{"x":[0],"y":[0]}},{"s":[265.032],"t":60,"i":{"x":[1],"y":[1]},"o":{"x":[0],"y":[0]}},{"s":[266.547],"t":61,"i":{"x":[1],"y":[1]},"o":{"x":[0],"y":[0]}},{"s":[268.01],"t":62,"i":{"x":[1],"y":[1]},"o":{"x":[0],"y":[0]}},{"s":[269.406],"t":63,"i":{"x":[1],"y":[1]},"o":{"x":[0],"y":[0]}},{"s":[270.725],"t":64,"i":{"x":[1],"y":[1]},"o":{"x":[0],"y":[0]}},{"s":[271.964],"t":65,"i":{"x":[1],"y":[1]},"o":{"x":[0],"y":[0]}},{"s":[273.124],"t":66,"i":{"x":[1],"y":[1]},"o":{"x":[0],"y":[0]}},{"s":[274.211],"t":67,"i":{"x":[1],"y":[1]},"o":{"x":[0],"y":[0]}},{"s":[275.23],"t":68,"i":{"x":[1],"y":[1]},"o":{"x":[0],"y":[0]}},{"s":[276.19],"t":69,"i":{"x":[1],"y":[1]},"o":{"x":[0],"y":[0]}},{"s":[277.101],"t":70,"i":{"x":[1],"y":[1]},"o":{"x":[0],"y":[0]}},{"s":[277.97],"t":71,"i":{"x":[1],"y":[1]},"o":{"x":[0],"y":[0]}},{"s":[278.201],"t":72,"i":{"x":[1],"y":[1]},"o":{"x":[0],"y":[0]}},{"s":[278.826],"t":73,"i":{"x":[1],"y":[1]},"o":{"x":[0],"y":[0]}},{"s":[279.276],"t":74,"i":{"x":[1],"y":[1]},"o":{"x":[0],"y":[0]}},{"s":[279.571],"t":75,"i":{"x":[1],"y":[1]},"o":{"x":[0],"y":[0]}},{"s":[279.356],"t":81,"i":{"x":[1],"y":[1]},"o":{"x":[0],"y":[0]}},{"s":[279.175],"t":82,"i":{"x":[1],"y":[1]},"o":{"x":[0],"y":[0]}},{"s":[278.991],"t":83,"i":{"x":[1],"y":[1]},"o":{"x":[0],"y":[0]}},{"s":[278.814],"t":84,"i":{"x":[1],"y":[1]},"o":{"x":[0],"y":[0]}},{"s":[278.651],"t":85,"i":{"x":[1],"y":[1]},"o":{"x":[0],"y":[0]}},{"s":[278.379],"t":87,"i":{"x":[1],"y":[1]},"o":{"x":[0],"y":[0]}}]}},{"ty":0,"nm":"Revolution","mn":"Pseudo/UgOta64372a0u-0006","ix":6,"v":{"a":0,"k":360}},{"ty":0,"nm":"Revolution Offset","mn":"Pseudo/UgOta64372a0u-0007","ix":7,"v":{"a":0,"k":0}},{"ty":6,"nm":"","mn":"Pseudo/UgOta64372a0u-0008","ix":8,"v":0},{"ty":6,"nm":"Properties","mn":"Pseudo/UgOta64372a0u-0009","ix":9,"v":0},{"ty":7,"nm":"Link","mn":"Pseudo/UgOta64372a0u-0010","ix":10,"v":{"a":0,"k":0}},{"ty":0,"nm":"Height","mn":"Pseudo/UgOta64372a0u-0011","ix":11,"v":{"a":0,"k":17.9}},{"ty":0,"nm":"Width","mn":"Pseudo/UgOta64372a0u-0012","ix":12,"v":{"k":[{"s":[11.8],"t":6,"i":{"x":[1],"y":[1]},"o":{"x":[0],"y":[0]}},{"s":[11.8],"t":89,"i":{"x":[1],"y":[1]},"o":{"x":[0],"y":[0]}}]}},{"ty":0,"nm":"Roundness","mn":"Pseudo/UgOta64372a0u-0013","ix":13,"v":{"k":[{"s":[30],"t":6,"i":{"x":[1],"y":[1]},"o":{"x":[0],"y":[0]}},{"s":[30],"t":89,"i":{"x":[1],"y":[1]},"o":{"x":[0],"y":[0]}}]}},{"ty":0,"nm":"Stroke Width","mn":"Pseudo/UgOta64372a0u-0014","ix":14,"v":{"a":0,"k":8}},{"ty":6,"nm":"","mn":"Pseudo/UgOta64372a0u-0015","ix":15,"v":0},{"ty":6,"nm":"Color","mn":"Pseudo/UgOta64372a0u-0016","ix":16,"v":0},{"ty":6,"nm":"Fill","mn":"Pseudo/UgOta64372a0u-0017","ix":17,"v":0},{"ty":7,"nm":"Enable","mn":"Pseudo/UgOta64372a0u-0018","ix":18,"v":{"a":0,"k":1}},{"ty":2,"nm":"Color","mn":"Pseudo/UgOta64372a0u-0019","ix":19,"v":{"a":0,"k":[0.956862807274,0.262745112181,0.211764723063,1]}},{"ty":6,"nm":"","mn":"Pseudo/UgOta64372a0u-0020","ix":20,"v":0},{"ty":6,"nm":"Stroke","mn":"Pseudo/UgOta64372a0u-0021","ix":21,"v":0},{"ty":7,"nm":"Enable","mn":"Pseudo/UgOta64372a0u-0022","ix":22,"v":{"a":0,"k":1}},{"ty":2,"nm":"Color","mn":"Pseudo/UgOta64372a0u-0023","ix":23,"v":{"a":0,"k":[0.453999996185,0.73299998045,1,1]}},{"ty":6,"nm":"","mn":"Pseudo/UgOta64372a0u-0024","ix":24,"v":0},{"ty":6,"nm":"","mn":"Pseudo/UgOta64372a0u-0025","ix":25,"v":0},{"ty":6,"nm":"Sequence","mn":"Pseudo/UgOta64372a0u-0026","ix":26,"v":0},{"ty":7,"nm":"Link","mn":"Pseudo/UgOta64372a0u-0027","ix":27,"v":{"a":0,"k":1}},{"ty":0,"nm":"Height","mn":"Pseudo/UgOta64372a0u-0028","ix":28,"v":{"a":0,"k":0}},{"ty":0,"nm":"Width","mn":"Pseudo/UgOta64372a0u-0029","ix":29,"v":{"a":0,"k":0}},{"ty":6,"nm":"","mn":"Pseudo/UgOta64372a0u-0030","ix":30,"v":0}]},{"ty":5,"nm":"Elastic: Dist. from Center - Burst","np":5,"mn":"Pseudo/MDS Elastic Controller","ix":2,"en":1,"ef":[{"ty":0,"nm":"Amplitude","mn":"Pseudo/MDS Elastic Controller-0001","ix":1,"v":{"a":0,"k":20}},{"ty":0,"nm":"Frequency","mn":"Pseudo/MDS Elastic Controller-0002","ix":2,"v":{"a":0,"k":40}},{"ty":0,"nm":"Decay","mn":"Pseudo/MDS Elastic Controller-0003","ix":3,"v":{"a":0,"k":60}}]}],"shapes":[{"ty":"gr","it":[{"ty":"rc","d":1,"s":{"k":[{"s":[11.8,17.9],"t":6,"i":{"x":[1,1],"y":[1,1]},"o":{"x":[0,0],"y":[0,0]}},{"s":[11.8,17.9],"t":89,"i":{"x":[1,1],"y":[1,1]},"o":{"x":[0,0],"y":[0,0]}}]},"p":{"k":[{"s":[0,0],"t":24,"i":{"x":1,"y":1},"o":{"x":0,"y":0}},{"s":[0,243.901],"t":32,"i":{"x":1,"y":1},"o":{"x":0,"y":0}},{"s":[0,266.982],"t":33,"i":{"x":1,"y":1},"o":{"x":0,"y":0}},{"s":[0,283.843],"t":34,"i":{"x":1,"y":1},"o":{"x":0,"y":0}},{"s":[0,295.207],"t":35,"i":{"x":1,"y":1},"o":{"x":0,"y":0}},{"s":[0,301.877],"t":36,"i":{"x":1,"y":1},"o":{"x":0,"y":0}},{"s":[0,304.688],"t":37,"i":{"x":1,"y":1},"o":{"x":0,"y":0}},{"s":[0,304.452],"t":38,"i":{"x":1,"y":1},"o":{"x":0,"y":0}},{"s":[0,301.933],"t":39,"i":{"x":1,"y":1},"o":{"x":0,"y":0}},{"s":[0,297.82],"t":40,"i":{"x":1,"y":1},"o":{"x":0,"y":0}},{"s":[0,292.714],"t":41,"i":{"x":1,"y":1},"o":{"x":0,"y":0}},{"s":[0,287.12],"t":42,"i":{"x":1,"y":1},"o":{"x":0,"y":0}},{"s":[0,281.449],"t":43,"i":{"x":1,"y":1},"o":{"x":0,"y":0}},{"s":[0,276.018],"t":44,"i":{"x":1,"y":1},"o":{"x":0,"y":0}},{"s":[0,271.058],"t":45,"i":{"x":1,"y":1},"o":{"x":0,"y":0}},{"s":[0,266.726],"t":46,"i":{"x":1,"y":1},"o":{"x":0,"y":0}},{"s":[0,263.113],"t":47,"i":{"x":1,"y":1},"o":{"x":0,"y":0}},{"s":[0,260.256],"t":48,"i":{"x":1,"y":1},"o":{"x":0,"y":0}},{"s":[0,258.147],"t":49,"i":{"x":1,"y":1},"o":{"x":0,"y":0}},{"s":[0,256.748],"t":50,"i":{"x":1,"y":1},"o":{"x":0,"y":0}},{"s":[0,255.995],"t":51,"i":{"x":1,"y":1},"o":{"x":0,"y":0}},{"s":[0,255.812],"t":52,"i":{"x":1,"y":1},"o":{"x":0,"y":0}},{"s":[0,256.113],"t":53,"i":{"x":1,"y":1},"o":{"x":0,"y":0}},{"s":[0,256.809],"t":54,"i":{"x":1,"y":1},"o":{"x":0,"y":0}},{"s":[0,257.816],"t":55,"i":{"x":1,"y":1},"o":{"x":0,"y":0}},{"s":[0,259.054],"t":56,"i":{"x":1,"y":1},"o":{"x":0,"y":0}},{"s":[0,260.452],"t":57,"i":{"x":1,"y":1},"o":{"x":0,"y":0}},{"s":[0,261.947],"t":58,"i":{"x":1,"y":1},"o":{"x":0,"y":0}},{"s":[0,263.488],"t":59,"i":{"x":1,"y":1},"o":{"x":0,"y":0}},{"s":[0,265.032],"t":60,"i":{"x":1,"y":1},"o":{"x":0,"y":0}},{"s":[0,266.547],"t":61,"i":{"x":1,"y":1},"o":{"x":0,"y":0}},{"s":[0,268.01],"t":62,"i":{"x":1,"y":1},"o":{"x":0,"y":0}},{"s":[0,269.406],"t":63,"i":{"x":1,"y":1},"o":{"x":0,"y":0}},{"s":[0,270.725],"t":64,"i":{"x":1,"y":1},"o":{"x":0,"y":0}},{"s":[0,271.964],"t":65,"i":{"x":1,"y":1},"o":{"x":0,"y":0}},{"s":[0,273.124],"t":66,"i":{"x":1,"y":1},"o":{"x":0,"y":0}},{"s":[0,274.211],"t":67,"i":{"x":1,"y":1},"o":{"x":0,"y":0}},{"s":[0,275.23],"t":68,"i":{"x":1,"y":1},"o":{"x":0,"y":0}},{"s":[0,276.19],"t":69,"i":{"x":1,"y":1},"o":{"x":0,"y":0}},{"s":[0,277.101],"t":70,"i":{"x":1,"y":1},"o":{"x":0,"y":0}},{"s":[0,277.97],"t":71,"i":{"x":1,"y":1},"o":{"x":0,"y":0}},{"s":[0,278.201],"t":72,"i":{"x":1,"y":1},"o":{"x":0,"y":0}},{"s":[0,278.826],"t":73,"i":{"x":1,"y":1},"o":{"x":0,"y":0}},{"s":[0,279.276],"t":74,"i":{"x":1,"y":1},"o":{"x":0,"y":0}},{"s":[0,279.571],"t":75,"i":{"x":1,"y":1},"o":{"x":0,"y":0}},{"s":[0,279.356],"t":81,"i":{"x":1,"y":1},"o":{"x":0,"y":0}},{"s":[0,279.175],"t":82,"i":{"x":1,"y":1},"o":{"x":0,"y":0}},{"s":[0,278.991],"t":83,"i":{"x":1,"y":1},"o":{"x":0,"y":0}},{"s":[0,278.814],"t":84,"i":{"x":1,"y":1},"o":{"x":0,"y":0}},{"s":[0,278.651],"t":85,"i":{"x":1,"y":1},"o":{"x":0,"y":0}},{"s":[0,278.379],"t":87,"i":{"x":1,"y":1},"o":{"x":0,"y":0}}]},"r":{"k":[{"s":[30],"t":6,"i":{"x":[1],"y":[1]},"o":{"x":[0],"y":[0]}},{"s":[30],"t":89,"i":{"x":[1],"y":[1]},"o":{"x":[0],"y":[0]}}]},"nm":"Burst Piece 1","hd":false},{"ty":"rp","c":{"k":[{"s":[8],"t":6,"i":{"x":[1],"y":[1]},"o":{"x":[0],"y":[0]}},{"s":[8],"t":89,"i":{"x":[1],"y":[1]},"o":{"x":[0],"y":[0]}}]},"o":{"a":0,"k":0},"m":1,"tr":{"ty":"tr","p":{"a":0,"k":[0,0]},"a":{"a":0,"k":[0,0]},"s":{"k":[{"s":[100,100],"t":6,"i":{"x":[1,1],"y":[1,1]},"o":{"x":[0,0],"y":[0,0]}},{"s":[100,100],"t":89,"i":{"x":[1,1],"y":[1,1]},"o":{"x":[0,0],"y":[0,0]}}]},"r":{"k":[{"s":[45],"t":6,"i":{"x":[1],"y":[1]},"o":{"x":[0],"y":[0]}},{"s":[45],"t":89,"i":{"x":[1],"y":[1]},"o":{"x":[0],"y":[0]}}]},"so":{"a":0,"k":100},"eo":{"a":0,"k":100},"nm":"Transform"},"nm":"Repeater 1","hd":false},{"ty":"fl","c":{"k":[{"s":[0.957,0.263,0.212,1],"t":6,"i":{"x":[1],"y":[1]},"o":{"x":[0],"y":[0]}},{"s":[0.957,0.263,0.212,1],"t":89,"i":{"x":[1],"y":[1]},"o":{"x":[0],"y":[0]}}]},"o":{"k":[{"s":[100],"t":6,"i":{"x":[1],"y":[1]},"o":{"x":[0],"y":[0]}},{"s":[100],"t":89,"i":{"x":[1],"y":[1]},"o":{"x":[0],"y":[0]}}]},"r":1,"bm":0,"nm":"Fill 1","hd":false},{"ty":"tr","p":{"a":0,"k":[0,0]},"a":{"a":0,"k":[0,0]},"s":{"a":0,"k":[100,100]},"r":{"a":0,"k":0},"o":{"a":0,"k":100},"sk":{"a":0,"k":0},"sa":{"a":0,"k":0},"nm":"Transform"}],"nm":"Rectangle 1","bm":0,"hd":false}],"ip":6,"op":96,"st":6,"bm":0},{"ddd":0,"ind":4,"ty":4,"nm":"Burst blue 3","sr":1,"ks":{"o":{"a":1,"k":[{"i":{"x":[0.833],"y":[0.833]},"o":{"x":[0.167],"y":[0.167]},"t":23,"s":[0]},{"t":24,"s":[100]}]},"r":{"a":0,"k":23},"p":{"k":[{"s":[250,249,0],"t":5,"i":{"x":1,"y":1},"o":{"x":0,"y":0}},{"s":[250,249,0],"t":89,"i":{"x":1,"y":1},"o":{"x":0,"y":0}}]},"a":{"a":0,"k":[0,0,0]},"s":{"a":0,"k":[70,70,100]}},"ao":0,"ef":[{"ty":5,"nm":"Burst","np":32,"mn":"Pseudo/UgOta64372a0u","ix":1,"en":1,"ef":[{"ty":3,"nm":"Global Position","mn":"Pseudo/UgOta64372a0u-0001","ix":1,"v":{"a":0,"k":[250,249]}},{"ty":6,"nm":"Copies","mn":"Pseudo/UgOta64372a0u-0002","ix":2,"v":0},{"ty":0,"nm":"Count","mn":"Pseudo/UgOta64372a0u-0003","ix":3,"v":{"k":[{"s":[8],"t":5,"i":{"x":[1],"y":[1]},"o":{"x":[0],"y":[0]}},{"s":[8],"t":89,"i":{"x":[1],"y":[1]},"o":{"x":[0],"y":[0]}}]}},{"ty":0,"nm":"Burst Offset","mn":"Pseudo/UgOta64372a0u-0004","ix":4,"v":{"a":0,"k":0}},{"ty":0,"nm":"Dist. from Center","mn":"Pseudo/UgOta64372a0u-0005","ix":5,"v":{"k":[{"s":[0],"t":23,"i":{"x":[1],"y":[1]},"o":{"x":[0],"y":[0]}},{"s":[431.201],"t":31,"i":{"x":[1],"y":[1]},"o":{"x":[0],"y":[0]}},{"s":[470.491],"t":32,"i":{"x":[1],"y":[1]},"o":{"x":[0],"y":[0]}},{"s":[498.785],"t":33,"i":{"x":[1],"y":[1]},"o":{"x":[0],"y":[0]}},{"s":[517.358],"t":34,"i":{"x":[1],"y":[1]},"o":{"x":[0],"y":[0]}},{"s":[527.636],"t":35,"i":{"x":[1],"y":[1]},"o":{"x":[0],"y":[0]}},{"s":[531.089],"t":36,"i":{"x":[1],"y":[1]},"o":{"x":[0],"y":[0]}},{"s":[529.156],"t":37,"i":{"x":[1],"y":[1]},"o":{"x":[0],"y":[0]}},{"s":[523.186],"t":38,"i":{"x":[1],"y":[1]},"o":{"x":[0],"y":[0]}},{"s":[514.398],"t":39,"i":{"x":[1],"y":[1]},"o":{"x":[0],"y":[0]}},{"s":[503.855],"t":40,"i":{"x":[1],"y":[1]},"o":{"x":[0],"y":[0]}},{"s":[492.45],"t":41,"i":{"x":[1],"y":[1]},"o":{"x":[0],"y":[0]}},{"s":[480.908],"t":42,"i":{"x":[1],"y":[1]},"o":{"x":[0],"y":[0]}},{"s":[469.789],"t":43,"i":{"x":[1],"y":[1]},"o":{"x":[0],"y":[0]}},{"s":[459.505],"t":44,"i":{"x":[1],"y":[1]},"o":{"x":[0],"y":[0]}},{"s":[450.331],"t":45,"i":{"x":[1],"y":[1]},"o":{"x":[0],"y":[0]}},{"s":[442.428],"t":46,"i":{"x":[1],"y":[1]},"o":{"x":[0],"y":[0]}},{"s":[435.86],"t":47,"i":{"x":[1],"y":[1]},"o":{"x":[0],"y":[0]}},{"s":[430.616],"t":48,"i":{"x":[1],"y":[1]},"o":{"x":[0],"y":[0]}},{"s":[426.626],"t":49,"i":{"x":[1],"y":[1]},"o":{"x":[0],"y":[0]}},{"s":[423.779],"t":50,"i":{"x":[1],"y":[1]},"o":{"x":[0],"y":[0]}},{"s":[421.94],"t":51,"i":{"x":[1],"y":[1]},"o":{"x":[0],"y":[0]}},{"s":[420.955],"t":52,"i":{"x":[1],"y":[1]},"o":{"x":[0],"y":[0]}},{"s":[420.934],"t":54,"i":{"x":[1],"y":[1]},"o":{"x":[0],"y":[0]}},{"s":[421.607],"t":55,"i":{"x":[1],"y":[1]},"o":{"x":[0],"y":[0]}},{"s":[422.562],"t":56,"i":{"x":[1],"y":[1]},"o":{"x":[0],"y":[0]}},{"s":[423.69],"t":57,"i":{"x":[1],"y":[1]},"o":{"x":[0],"y":[0]}},{"s":[424.898],"t":58,"i":{"x":[1],"y":[1]},"o":{"x":[0],"y":[0]}},{"s":[426.111],"t":59,"i":{"x":[1],"y":[1]},"o":{"x":[0],"y":[0]}},{"s":[427.274],"t":60,"i":{"x":[1],"y":[1]},"o":{"x":[0],"y":[0]}},{"s":[428.345],"t":61,"i":{"x":[1],"y":[1]},"o":{"x":[0],"y":[0]}},{"s":[429.296],"t":62,"i":{"x":[1],"y":[1]},"o":{"x":[0],"y":[0]}},{"s":[430.112],"t":63,"i":{"x":[1],"y":[1]},"o":{"x":[0],"y":[0]}},{"s":[430.786],"t":64,"i":{"x":[1],"y":[1]},"o":{"x":[0],"y":[0]}},{"s":[431.322],"t":65,"i":{"x":[1],"y":[1]},"o":{"x":[0],"y":[0]}},{"s":[431.727],"t":66,"i":{"x":[1],"y":[1]},"o":{"x":[0],"y":[0]}},{"s":[432.012],"t":67,"i":{"x":[1],"y":[1]},"o":{"x":[0],"y":[0]}},{"s":[431.6],"t":77,"i":{"x":[1],"y":[1]},"o":{"x":[0],"y":[0]}},{"s":[431.182],"t":82,"i":{"x":[1],"y":[1]},"o":{"x":[0],"y":[0]}}]}},{"ty":0,"nm":"Revolution","mn":"Pseudo/UgOta64372a0u-0006","ix":6,"v":{"a":0,"k":360}},{"ty":0,"nm":"Revolution Offset","mn":"Pseudo/UgOta64372a0u-0007","ix":7,"v":{"a":0,"k":0}},{"ty":6,"nm":"","mn":"Pseudo/UgOta64372a0u-0008","ix":8,"v":0},{"ty":6,"nm":"Properties","mn":"Pseudo/UgOta64372a0u-0009","ix":9,"v":0},{"ty":7,"nm":"Link","mn":"Pseudo/UgOta64372a0u-0010","ix":10,"v":{"a":0,"k":0}},{"ty":0,"nm":"Height","mn":"Pseudo/UgOta64372a0u-0011","ix":11,"v":{"a":0,"k":14.2}},{"ty":0,"nm":"Width","mn":"Pseudo/UgOta64372a0u-0012","ix":12,"v":{"k":[{"s":[11.8],"t":5,"i":{"x":[1],"y":[1]},"o":{"x":[0],"y":[0]}},{"s":[11.8],"t":89,"i":{"x":[1],"y":[1]},"o":{"x":[0],"y":[0]}}]}},{"ty":0,"nm":"Roundness","mn":"Pseudo/UgOta64372a0u-0013","ix":13,"v":{"k":[{"s":[86.5],"t":5,"i":{"x":[1],"y":[1]},"o":{"x":[0],"y":[0]}},{"s":[86.5],"t":89,"i":{"x":[1],"y":[1]},"o":{"x":[0],"y":[0]}}]}},{"ty":0,"nm":"Stroke Width","mn":"Pseudo/UgOta64372a0u-0014","ix":14,"v":{"a":0,"k":8}},{"ty":6,"nm":"","mn":"Pseudo/UgOta64372a0u-0015","ix":15,"v":0},{"ty":6,"nm":"Color","mn":"Pseudo/UgOta64372a0u-0016","ix":16,"v":0},{"ty":6,"nm":"Fill","mn":"Pseudo/UgOta64372a0u-0017","ix":17,"v":0},{"ty":7,"nm":"Enable","mn":"Pseudo/UgOta64372a0u-0018","ix":18,"v":{"a":0,"k":1}},{"ty":2,"nm":"Color","mn":"Pseudo/UgOta64372a0u-0019","ix":19,"v":{"a":0,"k":[0.988235354424,0.741176486015,0,1]}},{"ty":6,"nm":"","mn":"Pseudo/UgOta64372a0u-0020","ix":20,"v":0},{"ty":6,"nm":"Stroke","mn":"Pseudo/UgOta64372a0u-0021","ix":21,"v":0},{"ty":7,"nm":"Enable","mn":"Pseudo/UgOta64372a0u-0022","ix":22,"v":{"a":0,"k":1}},{"ty":2,"nm":"Color","mn":"Pseudo/UgOta64372a0u-0023","ix":23,"v":{"a":0,"k":[0.453999996185,0.73299998045,1,1]}},{"ty":6,"nm":"","mn":"Pseudo/UgOta64372a0u-0024","ix":24,"v":0},{"ty":6,"nm":"","mn":"Pseudo/UgOta64372a0u-0025","ix":25,"v":0},{"ty":6,"nm":"Sequence","mn":"Pseudo/UgOta64372a0u-0026","ix":26,"v":0},{"ty":7,"nm":"Link","mn":"Pseudo/UgOta64372a0u-0027","ix":27,"v":{"a":0,"k":1}},{"ty":0,"nm":"Height","mn":"Pseudo/UgOta64372a0u-0028","ix":28,"v":{"a":0,"k":0}},{"ty":0,"nm":"Width","mn":"Pseudo/UgOta64372a0u-0029","ix":29,"v":{"a":0,"k":0}},{"ty":6,"nm":"","mn":"Pseudo/UgOta64372a0u-0030","ix":30,"v":0}]},{"ty":5,"nm":"Elastic: Dist. from Center - Burst","np":5,"mn":"Pseudo/MDS Elastic Controller","ix":2,"en":1,"ef":[{"ty":0,"nm":"Amplitude","mn":"Pseudo/MDS Elastic Controller-0001","ix":1,"v":{"a":0,"k":20}},{"ty":0,"nm":"Frequency","mn":"Pseudo/MDS Elastic Controller-0002","ix":2,"v":{"a":0,"k":40}},{"ty":0,"nm":"Decay","mn":"Pseudo/MDS Elastic Controller-0003","ix":3,"v":{"a":0,"k":60}}]}],"shapes":[{"ty":"gr","it":[{"ty":"rc","d":1,"s":{"k":[{"s":[11.8,14.2],"t":5,"i":{"x":[1,1],"y":[1,1]},"o":{"x":[0,0],"y":[0,0]}},{"s":[11.8,14.2],"t":89,"i":{"x":[1,1],"y":[1,1]},"o":{"x":[0,0],"y":[0,0]}}]},"p":{"k":[{"s":[0,0],"t":23,"i":{"x":1,"y":1},"o":{"x":0,"y":0}},{"s":[0,431.201],"t":31,"i":{"x":1,"y":1},"o":{"x":0,"y":0}},{"s":[0,470.491],"t":32,"i":{"x":1,"y":1},"o":{"x":0,"y":0}},{"s":[0,498.785],"t":33,"i":{"x":1,"y":1},"o":{"x":0,"y":0}},{"s":[0,517.358],"t":34,"i":{"x":1,"y":1},"o":{"x":0,"y":0}},{"s":[0,527.636],"t":35,"i":{"x":1,"y":1},"o":{"x":0,"y":0}},{"s":[0,531.089],"t":36,"i":{"x":1,"y":1},"o":{"x":0,"y":0}},{"s":[0,529.156],"t":37,"i":{"x":1,"y":1},"o":{"x":0,"y":0}},{"s":[0,523.186],"t":38,"i":{"x":1,"y":1},"o":{"x":0,"y":0}},{"s":[0,514.398],"t":39,"i":{"x":1,"y":1},"o":{"x":0,"y":0}},{"s":[0,503.855],"t":40,"i":{"x":1,"y":1},"o":{"x":0,"y":0}},{"s":[0,492.45],"t":41,"i":{"x":1,"y":1},"o":{"x":0,"y":0}},{"s":[0,480.908],"t":42,"i":{"x":1,"y":1},"o":{"x":0,"y":0}},{"s":[0,469.789],"t":43,"i":{"x":1,"y":1},"o":{"x":0,"y":0}},{"s":[0,459.505],"t":44,"i":{"x":1,"y":1},"o":{"x":0,"y":0}},{"s":[0,450.331],"t":45,"i":{"x":1,"y":1},"o":{"x":0,"y":0}},{"s":[0,442.428],"t":46,"i":{"x":1,"y":1},"o":{"x":0,"y":0}},{"s":[0,435.86],"t":47,"i":{"x":1,"y":1},"o":{"x":0,"y":0}},{"s":[0,430.616],"t":48,"i":{"x":1,"y":1},"o":{"x":0,"y":0}},{"s":[0,426.626],"t":49,"i":{"x":1,"y":1},"o":{"x":0,"y":0}},{"s":[0,423.779],"t":50,"i":{"x":1,"y":1},"o":{"x":0,"y":0}},{"s":[0,421.94],"t":51,"i":{"x":1,"y":1},"o":{"x":0,"y":0}},{"s":[0,420.955],"t":52,"i":{"x":1,"y":1},"o":{"x":0,"y":0}},{"s":[0,420.934],"t":54,"i":{"x":1,"y":1},"o":{"x":0,"y":0}},{"s":[0,421.607],"t":55,"i":{"x":1,"y":1},"o":{"x":0,"y":0}},{"s":[0,422.562],"t":56,"i":{"x":1,"y":1},"o":{"x":0,"y":0}},{"s":[0,423.69],"t":57,"i":{"x":1,"y":1},"o":{"x":0,"y":0}},{"s":[0,424.898],"t":58,"i":{"x":1,"y":1},"o":{"x":0,"y":0}},{"s":[0,426.111],"t":59,"i":{"x":1,"y":1},"o":{"x":0,"y":0}},{"s":[0,427.274],"t":60,"i":{"x":1,"y":1},"o":{"x":0,"y":0}},{"s":[0,428.345],"t":61,"i":{"x":1,"y":1},"o":{"x":0,"y":0}},{"s":[0,429.296],"t":62,"i":{"x":1,"y":1},"o":{"x":0,"y":0}},{"s":[0,430.112],"t":63,"i":{"x":1,"y":1},"o":{"x":0,"y":0}},{"s":[0,430.786],"t":64,"i":{"x":1,"y":1},"o":{"x":0,"y":0}},{"s":[0,431.322],"t":65,"i":{"x":1,"y":1},"o":{"x":0,"y":0}},{"s":[0,431.727],"t":66,"i":{"x":1,"y":1},"o":{"x":0,"y":0}},{"s":[0,432.012],"t":67,"i":{"x":1,"y":1},"o":{"x":0,"y":0}},{"s":[0,431.6],"t":77,"i":{"x":1,"y":1},"o":{"x":0,"y":0}},{"s":[0,431.182],"t":82,"i":{"x":1,"y":1},"o":{"x":0,"y":0}}]},"r":{"k":[{"s":[86.5],"t":5,"i":{"x":[1],"y":[1]},"o":{"x":[0],"y":[0]}},{"s":[86.5],"t":89,"i":{"x":[1],"y":[1]},"o":{"x":[0],"y":[0]}}]},"nm":"Burst Piece 1","hd":false},{"ty":"rp","c":{"k":[{"s":[8],"t":5,"i":{"x":[1],"y":[1]},"o":{"x":[0],"y":[0]}},{"s":[8],"t":89,"i":{"x":[1],"y":[1]},"o":{"x":[0],"y":[0]}}]},"o":{"a":0,"k":0},"m":1,"tr":{"ty":"tr","p":{"a":0,"k":[0,0]},"a":{"a":0,"k":[0,0]},"s":{"k":[{"s":[100,100],"t":5,"i":{"x":[1,1],"y":[1,1]},"o":{"x":[0,0],"y":[0,0]}},{"s":[100,100],"t":89,"i":{"x":[1,1],"y":[1,1]},"o":{"x":[0,0],"y":[0,0]}}]},"r":{"k":[{"s":[45],"t":5,"i":{"x":[1],"y":[1]},"o":{"x":[0],"y":[0]}},{"s":[45],"t":89,"i":{"x":[1],"y":[1]},"o":{"x":[0],"y":[0]}}]},"so":{"a":0,"k":100},"eo":{"a":0,"k":100},"nm":"Transform"},"nm":"Repeater 1","hd":false},{"ty":"fl","c":{"k":[{"s":[0.988,0.741,0,1],"t":5,"i":{"x":[1],"y":[1]},"o":{"x":[0],"y":[0]}},{"s":[0.988,0.741,0,1],"t":89,"i":{"x":[1],"y":[1]},"o":{"x":[0],"y":[0]}}]},"o":{"k":[{"s":[100],"t":5,"i":{"x":[1],"y":[1]},"o":{"x":[0],"y":[0]}},{"s":[100],"t":89,"i":{"x":[1],"y":[1]},"o":{"x":[0],"y":[0]}}]},"r":1,"bm":0,"nm":"Fill 1","hd":false},{"ty":"tr","p":{"a":0,"k":[0,0]},"a":{"a":0,"k":[0,0]},"s":{"a":0,"k":[100,100]},"r":{"a":0,"k":0},"o":{"a":0,"k":100},"sk":{"a":0,"k":0},"sa":{"a":0,"k":0},"nm":"Transform"}],"nm":"Rectangle 1","bm":0,"hd":false}],"ip":5,"op":95,"st":5,"bm":0},{"ddd":0,"ind":5,"ty":4,"nm":"Burst dot","sr":1,"ks":{"o":{"a":1,"k":[{"i":{"x":[0.833],"y":[0.833]},"o":{"x":[0.167],"y":[0.167]},"t":24,"s":[0]},{"t":25,"s":[100]}]},"r":{"a":0,"k":23},"p":{"k":[{"s":[250,249,0],"t":6,"i":{"x":1,"y":1},"o":{"x":0,"y":0}},{"s":[250,249,0],"t":89,"i":{"x":1,"y":1},"o":{"x":0,"y":0}}]},"a":{"a":0,"k":[0,0,0]},"s":{"a":0,"k":[70,70,100]}},"ao":0,"ef":[{"ty":5,"nm":"Burst","np":32,"mn":"Pseudo/UgOta64372a0u","ix":1,"en":1,"ef":[{"ty":3,"nm":"Global Position","mn":"Pseudo/UgOta64372a0u-0001","ix":1,"v":{"a":0,"k":[250,249]}},{"ty":6,"nm":"Copies","mn":"Pseudo/UgOta64372a0u-0002","ix":2,"v":0},{"ty":0,"nm":"Count","mn":"Pseudo/UgOta64372a0u-0003","ix":3,"v":{"k":[{"s":[8],"t":6,"i":{"x":[1],"y":[1]},"o":{"x":[0],"y":[0]}},{"s":[8],"t":89,"i":{"x":[1],"y":[1]},"o":{"x":[0],"y":[0]}}]}},{"ty":0,"nm":"Burst Offset","mn":"Pseudo/UgOta64372a0u-0004","ix":4,"v":{"a":0,"k":0}},{"ty":0,"nm":"Dist. from Center","mn":"Pseudo/UgOta64372a0u-0005","ix":5,"v":{"k":[{"s":[0],"t":24,"i":{"x":[1],"y":[1]},"o":{"x":[0],"y":[0]}},{"s":[235.701],"t":32,"i":{"x":[1],"y":[1]},"o":{"x":[0],"y":[0]}},{"s":[257.177],"t":33,"i":{"x":[1],"y":[1]},"o":{"x":[0],"y":[0]}},{"s":[272.643],"t":34,"i":{"x":[1],"y":[1]},"o":{"x":[0],"y":[0]}},{"s":[282.796],"t":35,"i":{"x":[1],"y":[1]},"o":{"x":[0],"y":[0]}},{"s":[288.414],"t":36,"i":{"x":[1],"y":[1]},"o":{"x":[0],"y":[0]}},{"s":[290.301],"t":37,"i":{"x":[1],"y":[1]},"o":{"x":[0],"y":[0]}},{"s":[289.244],"t":38,"i":{"x":[1],"y":[1]},"o":{"x":[0],"y":[0]}},{"s":[285.981],"t":39,"i":{"x":[1],"y":[1]},"o":{"x":[0],"y":[0]}},{"s":[281.178],"t":40,"i":{"x":[1],"y":[1]},"o":{"x":[0],"y":[0]}},{"s":[275.415],"t":41,"i":{"x":[1],"y":[1]},"o":{"x":[0],"y":[0]}},{"s":[269.18],"t":42,"i":{"x":[1],"y":[1]},"o":{"x":[0],"y":[0]}},{"s":[262.871],"t":43,"i":{"x":[1],"y":[1]},"o":{"x":[0],"y":[0]}},{"s":[256.794],"t":44,"i":{"x":[1],"y":[1]},"o":{"x":[0],"y":[0]}},{"s":[251.172],"t":45,"i":{"x":[1],"y":[1]},"o":{"x":[0],"y":[0]}},{"s":[246.158],"t":46,"i":{"x":[1],"y":[1]},"o":{"x":[0],"y":[0]}},{"s":[241.837],"t":47,"i":{"x":[1],"y":[1]},"o":{"x":[0],"y":[0]}},{"s":[238.247],"t":48,"i":{"x":[1],"y":[1]},"o":{"x":[0],"y":[0]}},{"s":[235.381],"t":49,"i":{"x":[1],"y":[1]},"o":{"x":[0],"y":[0]}},{"s":[233.2],"t":50,"i":{"x":[1],"y":[1]},"o":{"x":[0],"y":[0]}},{"s":[231.644],"t":51,"i":{"x":[1],"y":[1]},"o":{"x":[0],"y":[0]}},{"s":[230.638],"t":52,"i":{"x":[1],"y":[1]},"o":{"x":[0],"y":[0]}},{"s":[230.1],"t":53,"i":{"x":[1],"y":[1]},"o":{"x":[0],"y":[0]}},{"s":[230.089],"t":55,"i":{"x":[1],"y":[1]},"o":{"x":[0],"y":[0]}},{"s":[230.457],"t":56,"i":{"x":[1],"y":[1]},"o":{"x":[0],"y":[0]}},{"s":[230.979],"t":57,"i":{"x":[1],"y":[1]},"o":{"x":[0],"y":[0]}},{"s":[231.595],"t":58,"i":{"x":[1],"y":[1]},"o":{"x":[0],"y":[0]}},{"s":[232.255],"t":59,"i":{"x":[1],"y":[1]},"o":{"x":[0],"y":[0]}},{"s":[232.919],"t":60,"i":{"x":[1],"y":[1]},"o":{"x":[0],"y":[0]}},{"s":[233.554],"t":61,"i":{"x":[1],"y":[1]},"o":{"x":[0],"y":[0]}},{"s":[234.14],"t":62,"i":{"x":[1],"y":[1]},"o":{"x":[0],"y":[0]}},{"s":[234.659],"t":63,"i":{"x":[1],"y":[1]},"o":{"x":[0],"y":[0]}},{"s":[235.105],"t":64,"i":{"x":[1],"y":[1]},"o":{"x":[0],"y":[0]}},{"s":[235.474],"t":65,"i":{"x":[1],"y":[1]},"o":{"x":[0],"y":[0]}},{"s":[235.767],"t":66,"i":{"x":[1],"y":[1]},"o":{"x":[0],"y":[0]}},{"s":[235.988],"t":67,"i":{"x":[1],"y":[1]},"o":{"x":[0],"y":[0]}},{"s":[236.144],"t":68,"i":{"x":[1],"y":[1]},"o":{"x":[0],"y":[0]}},{"s":[235.919],"t":78,"i":{"x":[1],"y":[1]},"o":{"x":[0],"y":[0]}},{"s":[235.69],"t":83,"i":{"x":[1],"y":[1]},"o":{"x":[0],"y":[0]}}]}},{"ty":0,"nm":"Revolution","mn":"Pseudo/UgOta64372a0u-0006","ix":6,"v":{"a":0,"k":360}},{"ty":0,"nm":"Revolution Offset","mn":"Pseudo/UgOta64372a0u-0007","ix":7,"v":{"a":0,"k":0}},{"ty":6,"nm":"","mn":"Pseudo/UgOta64372a0u-0008","ix":8,"v":0},{"ty":6,"nm":"Properties","mn":"Pseudo/UgOta64372a0u-0009","ix":9,"v":0},{"ty":7,"nm":"Link","mn":"Pseudo/UgOta64372a0u-0010","ix":10,"v":{"a":0,"k":0}},{"ty":0,"nm":"Height","mn":"Pseudo/UgOta64372a0u-0011","ix":11,"v":{"a":0,"k":14.2}},{"ty":0,"nm":"Width","mn":"Pseudo/UgOta64372a0u-0012","ix":12,"v":{"k":[{"s":[11.8],"t":6,"i":{"x":[1],"y":[1]},"o":{"x":[0],"y":[0]}},{"s":[11.8],"t":89,"i":{"x":[1],"y":[1]},"o":{"x":[0],"y":[0]}}]}},{"ty":0,"nm":"Roundness","mn":"Pseudo/UgOta64372a0u-0013","ix":13,"v":{"k":[{"s":[86.5],"t":6,"i":{"x":[1],"y":[1]},"o":{"x":[0],"y":[0]}},{"s":[86.5],"t":89,"i":{"x":[1],"y":[1]},"o":{"x":[0],"y":[0]}}]}},{"ty":0,"nm":"Stroke Width","mn":"Pseudo/UgOta64372a0u-0014","ix":14,"v":{"a":0,"k":8}},{"ty":6,"nm":"","mn":"Pseudo/UgOta64372a0u-0015","ix":15,"v":0},{"ty":6,"nm":"Color","mn":"Pseudo/UgOta64372a0u-0016","ix":16,"v":0},{"ty":6,"nm":"Fill","mn":"Pseudo/UgOta64372a0u-0017","ix":17,"v":0},{"ty":7,"nm":"Enable","mn":"Pseudo/UgOta64372a0u-0018","ix":18,"v":{"a":0,"k":1}},{"ty":2,"nm":"Color","mn":"Pseudo/UgOta64372a0u-0019","ix":19,"v":{"a":0,"k":[0.086274512112,0.65098041296,0.388235330582,1]}},{"ty":6,"nm":"","mn":"Pseudo/UgOta64372a0u-0020","ix":20,"v":0},{"ty":6,"nm":"Stroke","mn":"Pseudo/UgOta64372a0u-0021","ix":21,"v":0},{"ty":7,"nm":"Enable","mn":"Pseudo/UgOta64372a0u-0022","ix":22,"v":{"a":0,"k":1}},{"ty":2,"nm":"Color","mn":"Pseudo/UgOta64372a0u-0023","ix":23,"v":{"a":0,"k":[0.137254908681,0.137254908681,0.137254908681,1]}},{"ty":6,"nm":"","mn":"Pseudo/UgOta64372a0u-0024","ix":24,"v":0},{"ty":6,"nm":"","mn":"Pseudo/UgOta64372a0u-0025","ix":25,"v":0},{"ty":6,"nm":"Sequence","mn":"Pseudo/UgOta64372a0u-0026","ix":26,"v":0},{"ty":7,"nm":"Link","mn":"Pseudo/UgOta64372a0u-0027","ix":27,"v":{"a":0,"k":1}},{"ty":0,"nm":"Height","mn":"Pseudo/UgOta64372a0u-0028","ix":28,"v":{"a":0,"k":0}},{"ty":0,"nm":"Width","mn":"Pseudo/UgOta64372a0u-0029","ix":29,"v":{"a":0,"k":0}},{"ty":6,"nm":"","mn":"Pseudo/UgOta64372a0u-0030","ix":30,"v":0}]},{"ty":5,"nm":"Elastic: Dist. from Center - Burst","np":5,"mn":"Pseudo/MDS Elastic Controller","ix":2,"en":1,"ef":[{"ty":0,"nm":"Amplitude","mn":"Pseudo/MDS Elastic Controller-0001","ix":1,"v":{"a":0,"k":20}},{"ty":0,"nm":"Frequency","mn":"Pseudo/MDS Elastic Controller-0002","ix":2,"v":{"a":0,"k":40}},{"ty":0,"nm":"Decay","mn":"Pseudo/MDS Elastic Controller-0003","ix":3,"v":{"a":0,"k":60}}]}],"shapes":[{"ty":"gr","it":[{"ty":"rc","d":1,"s":{"k":[{"s":[11.8,14.2],"t":6,"i":{"x":[1,1],"y":[1,1]},"o":{"x":[0,0],"y":[0,0]}},{"s":[11.8,14.2],"t":89,"i":{"x":[1,1],"y":[1,1]},"o":{"x":[0,0],"y":[0,0]}}]},"p":{"k":[{"s":[0,0],"t":24,"i":{"x":1,"y":1},"o":{"x":0,"y":0}},{"s":[0,235.701],"t":32,"i":{"x":1,"y":1},"o":{"x":0,"y":0}},{"s":[0,257.177],"t":33,"i":{"x":1,"y":1},"o":{"x":0,"y":0}},{"s":[0,272.643],"t":34,"i":{"x":1,"y":1},"o":{"x":0,"y":0}},{"s":[0,282.796],"t":35,"i":{"x":1,"y":1},"o":{"x":0,"y":0}},{"s":[0,288.414],"t":36,"i":{"x":1,"y":1},"o":{"x":0,"y":0}},{"s":[0,290.301],"t":37,"i":{"x":1,"y":1},"o":{"x":0,"y":0}},{"s":[0,289.244],"t":38,"i":{"x":1,"y":1},"o":{"x":0,"y":0}},{"s":[0,285.981],"t":39,"i":{"x":1,"y":1},"o":{"x":0,"y":0}},{"s":[0,281.178],"t":40,"i":{"x":1,"y":1},"o":{"x":0,"y":0}},{"s":[0,275.415],"t":41,"i":{"x":1,"y":1},"o":{"x":0,"y":0}},{"s":[0,269.18],"t":42,"i":{"x":1,"y":1},"o":{"x":0,"y":0}},{"s":[0,262.871],"t":43,"i":{"x":1,"y":1},"o":{"x":0,"y":0}},{"s":[0,256.794],"t":44,"i":{"x":1,"y":1},"o":{"x":0,"y":0}},{"s":[0,251.172],"t":45,"i":{"x":1,"y":1},"o":{"x":0,"y":0}},{"s":[0,246.158],"t":46,"i":{"x":1,"y":1},"o":{"x":0,"y":0}},{"s":[0,241.837],"t":47,"i":{"x":1,"y":1},"o":{"x":0,"y":0}},{"s":[0,238.247],"t":48,"i":{"x":1,"y":1},"o":{"x":0,"y":0}},{"s":[0,235.381],"t":49,"i":{"x":1,"y":1},"o":{"x":0,"y":0}},{"s":[0,233.2],"t":50,"i":{"x":1,"y":1},"o":{"x":0,"y":0}},{"s":[0,231.644],"t":51,"i":{"x":1,"y":1},"o":{"x":0,"y":0}},{"s":[0,230.638],"t":52,"i":{"x":1,"y":1},"o":{"x":0,"y":0}},{"s":[0,230.1],"t":53,"i":{"x":1,"y":1},"o":{"x":0,"y":0}},{"s":[0,230.089],"t":55,"i":{"x":1,"y":1},"o":{"x":0,"y":0}},{"s":[0,230.457],"t":56,"i":{"x":1,"y":1},"o":{"x":0,"y":0}},{"s":[0,230.979],"t":57,"i":{"x":1,"y":1},"o":{"x":0,"y":0}},{"s":[0,231.595],"t":58,"i":{"x":1,"y":1},"o":{"x":0,"y":0}},{"s":[0,232.255],"t":59,"i":{"x":1,"y":1},"o":{"x":0,"y":0}},{"s":[0,232.919],"t":60,"i":{"x":1,"y":1},"o":{"x":0,"y":0}},{"s":[0,233.554],"t":61,"i":{"x":1,"y":1},"o":{"x":0,"y":0}},{"s":[0,234.14],"t":62,"i":{"x":1,"y":1},"o":{"x":0,"y":0}},{"s":[0,234.659],"t":63,"i":{"x":1,"y":1},"o":{"x":0,"y":0}},{"s":[0,235.105],"t":64,"i":{"x":1,"y":1},"o":{"x":0,"y":0}},{"s":[0,235.474],"t":65,"i":{"x":1,"y":1},"o":{"x":0,"y":0}},{"s":[0,235.767],"t":66,"i":{"x":1,"y":1},"o":{"x":0,"y":0}},{"s":[0,235.988],"t":67,"i":{"x":1,"y":1},"o":{"x":0,"y":0}},{"s":[0,236.144],"t":68,"i":{"x":1,"y":1},"o":{"x":0,"y":0}},{"s":[0,235.919],"t":78,"i":{"x":1,"y":1},"o":{"x":0,"y":0}},{"s":[0,235.69],"t":83,"i":{"x":1,"y":1},"o":{"x":0,"y":0}}]},"r":{"k":[{"s":[86.5],"t":6,"i":{"x":[1],"y":[1]},"o":{"x":[0],"y":[0]}},{"s":[86.5],"t":89,"i":{"x":[1],"y":[1]},"o":{"x":[0],"y":[0]}}]},"nm":"Burst Piece 1","hd":false},{"ty":"rp","c":{"k":[{"s":[8],"t":6,"i":{"x":[1],"y":[1]},"o":{"x":[0],"y":[0]}},{"s":[8],"t":89,"i":{"x":[1],"y":[1]},"o":{"x":[0],"y":[0]}}]},"o":{"a":0,"k":0},"m":1,"tr":{"ty":"tr","p":{"a":0,"k":[0,0]},"a":{"a":0,"k":[0,0]},"s":{"k":[{"s":[100,100],"t":6,"i":{"x":[1,1],"y":[1,1]},"o":{"x":[0,0],"y":[0,0]}},{"s":[100,100],"t":89,"i":{"x":[1,1],"y":[1,1]},"o":{"x":[0,0],"y":[0,0]}}]},"r":{"k":[{"s":[45],"t":6,"i":{"x":[1],"y":[1]},"o":{"x":[0],"y":[0]}},{"s":[45],"t":89,"i":{"x":[1],"y":[1]},"o":{"x":[0],"y":[0]}}]},"so":{"a":0,"k":100},"eo":{"a":0,"k":100},"nm":"Transform"},"nm":"Repeater 1","hd":false},{"ty":"fl","c":{"k":[{"s":[0.086,0.651,0.388,1],"t":6,"i":{"x":[1],"y":[1]},"o":{"x":[0],"y":[0]}},{"s":[0.086,0.651,0.388,1],"t":89,"i":{"x":[1],"y":[1]},"o":{"x":[0],"y":[0]}}]},"o":{"k":[{"s":[100],"t":6,"i":{"x":[1],"y":[1]},"o":{"x":[0],"y":[0]}},{"s":[100],"t":89,"i":{"x":[1],"y":[1]},"o":{"x":[0],"y":[0]}}]},"r":1,"bm":0,"nm":"Fill 1","hd":false},{"ty":"tr","p":{"a":0,"k":[0,0]},"a":{"a":0,"k":[0,0]},"s":{"a":0,"k":[100,100]},"r":{"a":0,"k":0},"o":{"a":0,"k":100},"sk":{"a":0,"k":0},"sa":{"a":0,"k":0},"nm":"Transform"}],"nm":"Rectangle 1","bm":0,"hd":false}],"ip":6,"op":96,"st":6,"bm":0},{"ddd":0,"ind":6,"ty":4,"nm":"Burst fade","sr":1,"ks":{"o":{"a":1,"k":[{"i":{"x":[0.833],"y":[0.833]},"o":{"x":[0.167],"y":[0.167]},"t":20,"s":[0]},{"t":21,"s":[100]}]},"r":{"a":0,"k":23},"p":{"k":[{"s":[250,249,0],"t":2,"i":{"x":1,"y":1},"o":{"x":0,"y":0}},{"s":[250,249,0],"t":89,"i":{"x":1,"y":1},"o":{"x":0,"y":0}}]},"a":{"a":0,"k":[0,0,0]},"s":{"a":0,"k":[70,70,100]}},"ao":0,"ef":[{"ty":5,"nm":"Burst","np":32,"mn":"Pseudo/UgOta64372a0u","ix":1,"en":1,"ef":[{"ty":3,"nm":"Global Position","mn":"Pseudo/UgOta64372a0u-0001","ix":1,"v":{"a":0,"k":[250,249]}},{"ty":6,"nm":"Copies","mn":"Pseudo/UgOta64372a0u-0002","ix":2,"v":0},{"ty":0,"nm":"Count","mn":"Pseudo/UgOta64372a0u-0003","ix":3,"v":{"k":[{"s":[8],"t":2,"i":{"x":[1],"y":[1]},"o":{"x":[0],"y":[0]}},{"s":[8],"t":89,"i":{"x":[1],"y":[1]},"o":{"x":[0],"y":[0]}}]}},{"ty":0,"nm":"Burst Offset","mn":"Pseudo/UgOta64372a0u-0004","ix":4,"v":{"a":0,"k":0}},{"ty":0,"nm":"Dist. from Center","mn":"Pseudo/UgOta64372a0u-0005","ix":5,"v":{"k":[{"s":[0],"t":20,"i":{"x":[1],"y":[1]},"o":{"x":[0],"y":[0]}},{"s":[235.701],"t":28,"i":{"x":[1],"y":[1]},"o":{"x":[0],"y":[0]}},{"s":[257.177],"t":29,"i":{"x":[1],"y":[1]},"o":{"x":[0],"y":[0]}},{"s":[272.643],"t":30,"i":{"x":[1],"y":[1]},"o":{"x":[0],"y":[0]}},{"s":[282.796],"t":31,"i":{"x":[1],"y":[1]},"o":{"x":[0],"y":[0]}},{"s":[288.414],"t":32,"i":{"x":[1],"y":[1]},"o":{"x":[0],"y":[0]}},{"s":[290.301],"t":33,"i":{"x":[1],"y":[1]},"o":{"x":[0],"y":[0]}},{"s":[289.244],"t":34,"i":{"x":[1],"y":[1]},"o":{"x":[0],"y":[0]}},{"s":[285.981],"t":35,"i":{"x":[1],"y":[1]},"o":{"x":[0],"y":[0]}},{"s":[281.178],"t":36,"i":{"x":[1],"y":[1]},"o":{"x":[0],"y":[0]}},{"s":[275.415],"t":37,"i":{"x":[1],"y":[1]},"o":{"x":[0],"y":[0]}},{"s":[269.18],"t":38,"i":{"x":[1],"y":[1]},"o":{"x":[0],"y":[0]}},{"s":[262.871],"t":39,"i":{"x":[1],"y":[1]},"o":{"x":[0],"y":[0]}},{"s":[256.794],"t":40,"i":{"x":[1],"y":[1]},"o":{"x":[0],"y":[0]}},{"s":[251.172],"t":41,"i":{"x":[1],"y":[1]},"o":{"x":[0],"y":[0]}},{"s":[246.158],"t":42,"i":{"x":[1],"y":[1]},"o":{"x":[0],"y":[0]}},{"s":[241.837],"t":43,"i":{"x":[1],"y":[1]},"o":{"x":[0],"y":[0]}},{"s":[238.247],"t":44,"i":{"x":[1],"y":[1]},"o":{"x":[0],"y":[0]}},{"s":[235.381],"t":45,"i":{"x":[1],"y":[1]},"o":{"x":[0],"y":[0]}},{"s":[233.2],"t":46,"i":{"x":[1],"y":[1]},"o":{"x":[0],"y":[0]}},{"s":[231.644],"t":47,"i":{"x":[1],"y":[1]},"o":{"x":[0],"y":[0]}},{"s":[230.638],"t":48,"i":{"x":[1],"y":[1]},"o":{"x":[0],"y":[0]}},{"s":[230.1],"t":49,"i":{"x":[1],"y":[1]},"o":{"x":[0],"y":[0]}},{"s":[230.089],"t":51,"i":{"x":[1],"y":[1]},"o":{"x":[0],"y":[0]}},{"s":[230.457],"t":52,"i":{"x":[1],"y":[1]},"o":{"x":[0],"y":[0]}},{"s":[230.979],"t":53,"i":{"x":[1],"y":[1]},"o":{"x":[0],"y":[0]}},{"s":[231.595],"t":54,"i":{"x":[1],"y":[1]},"o":{"x":[0],"y":[0]}},{"s":[232.255],"t":55,"i":{"x":[1],"y":[1]},"o":{"x":[0],"y":[0]}},{"s":[232.919],"t":56,"i":{"x":[1],"y":[1]},"o":{"x":[0],"y":[0]}},{"s":[233.554],"t":57,"i":{"x":[1],"y":[1]},"o":{"x":[0],"y":[0]}},{"s":[234.14],"t":58,"i":{"x":[1],"y":[1]},"o":{"x":[0],"y":[0]}},{"s":[234.659],"t":59,"i":{"x":[1],"y":[1]},"o":{"x":[0],"y":[0]}},{"s":[235.105],"t":60,"i":{"x":[1],"y":[1]},"o":{"x":[0],"y":[0]}},{"s":[235.474],"t":61,"i":{"x":[1],"y":[1]},"o":{"x":[0],"y":[0]}},{"s":[235.767],"t":62,"i":{"x":[1],"y":[1]},"o":{"x":[0],"y":[0]}},{"s":[235.988],"t":63,"i":{"x":[1],"y":[1]},"o":{"x":[0],"y":[0]}},{"s":[236.144],"t":64,"i":{"x":[1],"y":[1]},"o":{"x":[0],"y":[0]}},{"s":[235.919],"t":74,"i":{"x":[1],"y":[1]},"o":{"x":[0],"y":[0]}},{"s":[235.69],"t":79,"i":{"x":[1],"y":[1]},"o":{"x":[0],"y":[0]}}]}},{"ty":0,"nm":"Revolution","mn":"Pseudo/UgOta64372a0u-0006","ix":6,"v":{"a":0,"k":360}},{"ty":0,"nm":"Revolution Offset","mn":"Pseudo/UgOta64372a0u-0007","ix":7,"v":{"a":0,"k":0}},{"ty":6,"nm":"","mn":"Pseudo/UgOta64372a0u-0008","ix":8,"v":0},{"ty":6,"nm":"Properties","mn":"Pseudo/UgOta64372a0u-0009","ix":9,"v":0},{"ty":7,"nm":"Link","mn":"Pseudo/UgOta64372a0u-0010","ix":10,"v":{"a":0,"k":0}},{"ty":0,"nm":"Height","mn":"Pseudo/UgOta64372a0u-0011","ix":11,"v":{"a":0,"k":14.2}},{"ty":0,"nm":"Width","mn":"Pseudo/UgOta64372a0u-0012","ix":12,"v":{"k":[{"s":[11.8],"t":2,"i":{"x":[1],"y":[1]},"o":{"x":[0],"y":[0]}},{"s":[11.8],"t":89,"i":{"x":[1],"y":[1]},"o":{"x":[0],"y":[0]}}]}},{"ty":0,"nm":"Roundness","mn":"Pseudo/UgOta64372a0u-0013","ix":13,"v":{"k":[{"s":[86.5],"t":2,"i":{"x":[1],"y":[1]},"o":{"x":[0],"y":[0]}},{"s":[86.5],"t":89,"i":{"x":[1],"y":[1]},"o":{"x":[0],"y":[0]}}]}},{"ty":0,"nm":"Stroke Width","mn":"Pseudo/UgOta64372a0u-0014","ix":14,"v":{"a":0,"k":8}},{"ty":6,"nm":"","mn":"Pseudo/UgOta64372a0u-0015","ix":15,"v":0},{"ty":6,"nm":"Color","mn":"Pseudo/UgOta64372a0u-0016","ix":16,"v":0},{"ty":6,"nm":"Fill","mn":"Pseudo/UgOta64372a0u-0017","ix":17,"v":0},{"ty":7,"nm":"Enable","mn":"Pseudo/UgOta64372a0u-0018","ix":18,"v":{"a":0,"k":1}},{"ty":2,"nm":"Color","mn":"Pseudo/UgOta64372a0u-0019","ix":19,"v":{"a":0,"k":[0.988235354424,0.741176486015,0,1]}},{"ty":6,"nm":"","mn":"Pseudo/UgOta64372a0u-0020","ix":20,"v":0},{"ty":6,"nm":"Stroke","mn":"Pseudo/UgOta64372a0u-0021","ix":21,"v":0},{"ty":7,"nm":"Enable","mn":"Pseudo/UgOta64372a0u-0022","ix":22,"v":{"a":0,"k":1}},{"ty":2,"nm":"Color","mn":"Pseudo/UgOta64372a0u-0023","ix":23,"v":{"a":0,"k":[0.453999996185,0.73299998045,1,1]}},{"ty":6,"nm":"","mn":"Pseudo/UgOta64372a0u-0024","ix":24,"v":0},{"ty":6,"nm":"","mn":"Pseudo/UgOta64372a0u-0025","ix":25,"v":0},{"ty":6,"nm":"Sequence","mn":"Pseudo/UgOta64372a0u-0026","ix":26,"v":0},{"ty":7,"nm":"Link","mn":"Pseudo/UgOta64372a0u-0027","ix":27,"v":{"a":0,"k":1}},{"ty":0,"nm":"Height","mn":"Pseudo/UgOta64372a0u-0028","ix":28,"v":{"a":0,"k":0}},{"ty":0,"nm":"Width","mn":"Pseudo/UgOta64372a0u-0029","ix":29,"v":{"a":0,"k":0}},{"ty":6,"nm":"","mn":"Pseudo/UgOta64372a0u-0030","ix":30,"v":0}]},{"ty":5,"nm":"Elastic: Dist. from Center - Burst","np":5,"mn":"Pseudo/MDS Elastic Controller","ix":2,"en":1,"ef":[{"ty":0,"nm":"Amplitude","mn":"Pseudo/MDS Elastic Controller-0001","ix":1,"v":{"a":0,"k":20}},{"ty":0,"nm":"Frequency","mn":"Pseudo/MDS Elastic Controller-0002","ix":2,"v":{"a":0,"k":40}},{"ty":0,"nm":"Decay","mn":"Pseudo/MDS Elastic Controller-0003","ix":3,"v":{"a":0,"k":60}}]}],"shapes":[{"ty":"gr","it":[{"ty":"rc","d":1,"s":{"k":[{"s":[11.8,14.2],"t":2,"i":{"x":[1,1],"y":[1,1]},"o":{"x":[0,0],"y":[0,0]}},{"s":[11.8,14.2],"t":89,"i":{"x":[1,1],"y":[1,1]},"o":{"x":[0,0],"y":[0,0]}}]},"p":{"k":[{"s":[0,0],"t":20,"i":{"x":1,"y":1},"o":{"x":0,"y":0}},{"s":[0,235.701],"t":28,"i":{"x":1,"y":1},"o":{"x":0,"y":0}},{"s":[0,257.177],"t":29,"i":{"x":1,"y":1},"o":{"x":0,"y":0}},{"s":[0,272.643],"t":30,"i":{"x":1,"y":1},"o":{"x":0,"y":0}},{"s":[0,282.796],"t":31,"i":{"x":1,"y":1},"o":{"x":0,"y":0}},{"s":[0,288.414],"t":32,"i":{"x":1,"y":1},"o":{"x":0,"y":0}},{"s":[0,290.301],"t":33,"i":{"x":1,"y":1},"o":{"x":0,"y":0}},{"s":[0,289.244],"t":34,"i":{"x":1,"y":1},"o":{"x":0,"y":0}},{"s":[0,285.981],"t":35,"i":{"x":1,"y":1},"o":{"x":0,"y":0}},{"s":[0,281.178],"t":36,"i":{"x":1,"y":1},"o":{"x":0,"y":0}},{"s":[0,275.415],"t":37,"i":{"x":1,"y":1},"o":{"x":0,"y":0}},{"s":[0,269.18],"t":38,"i":{"x":1,"y":1},"o":{"x":0,"y":0}},{"s":[0,262.871],"t":39,"i":{"x":1,"y":1},"o":{"x":0,"y":0}},{"s":[0,256.794],"t":40,"i":{"x":1,"y":1},"o":{"x":0,"y":0}},{"s":[0,251.172],"t":41,"i":{"x":1,"y":1},"o":{"x":0,"y":0}},{"s":[0,246.158],"t":42,"i":{"x":1,"y":1},"o":{"x":0,"y":0}},{"s":[0,241.837],"t":43,"i":{"x":1,"y":1},"o":{"x":0,"y":0}},{"s":[0,238.247],"t":44,"i":{"x":1,"y":1},"o":{"x":0,"y":0}},{"s":[0,235.381],"t":45,"i":{"x":1,"y":1},"o":{"x":0,"y":0}},{"s":[0,233.2],"t":46,"i":{"x":1,"y":1},"o":{"x":0,"y":0}},{"s":[0,231.644],"t":47,"i":{"x":1,"y":1},"o":{"x":0,"y":0}},{"s":[0,230.638],"t":48,"i":{"x":1,"y":1},"o":{"x":0,"y":0}},{"s":[0,230.1],"t":49,"i":{"x":1,"y":1},"o":{"x":0,"y":0}},{"s":[0,230.089],"t":51,"i":{"x":1,"y":1},"o":{"x":0,"y":0}},{"s":[0,230.457],"t":52,"i":{"x":1,"y":1},"o":{"x":0,"y":0}},{"s":[0,230.979],"t":53,"i":{"x":1,"y":1},"o":{"x":0,"y":0}},{"s":[0,231.595],"t":54,"i":{"x":1,"y":1},"o":{"x":0,"y":0}},{"s":[0,232.255],"t":55,"i":{"x":1,"y":1},"o":{"x":0,"y":0}},{"s":[0,232.919],"t":56,"i":{"x":1,"y":1},"o":{"x":0,"y":0}},{"s":[0,233.554],"t":57,"i":{"x":1,"y":1},"o":{"x":0,"y":0}},{"s":[0,234.14],"t":58,"i":{"x":1,"y":1},"o":{"x":0,"y":0}},{"s":[0,234.659],"t":59,"i":{"x":1,"y":1},"o":{"x":0,"y":0}},{"s":[0,235.105],"t":60,"i":{"x":1,"y":1},"o":{"x":0,"y":0}},{"s":[0,235.474],"t":61,"i":{"x":1,"y":1},"o":{"x":0,"y":0}},{"s":[0,235.767],"t":62,"i":{"x":1,"y":1},"o":{"x":0,"y":0}},{"s":[0,235.988],"t":63,"i":{"x":1,"y":1},"o":{"x":0,"y":0}},{"s":[0,236.144],"t":64,"i":{"x":1,"y":1},"o":{"x":0,"y":0}},{"s":[0,235.919],"t":74,"i":{"x":1,"y":1},"o":{"x":0,"y":0}},{"s":[0,235.69],"t":79,"i":{"x":1,"y":1},"o":{"x":0,"y":0}}]},"r":{"k":[{"s":[86.5],"t":2,"i":{"x":[1],"y":[1]},"o":{"x":[0],"y":[0]}},{"s":[86.5],"t":89,"i":{"x":[1],"y":[1]},"o":{"x":[0],"y":[0]}}]},"nm":"Burst Piece 1","hd":false},{"ty":"rp","c":{"k":[{"s":[8],"t":2,"i":{"x":[1],"y":[1]},"o":{"x":[0],"y":[0]}},{"s":[8],"t":89,"i":{"x":[1],"y":[1]},"o":{"x":[0],"y":[0]}}]},"o":{"a":0,"k":0},"m":1,"tr":{"ty":"tr","p":{"a":0,"k":[0,0]},"a":{"a":0,"k":[0,0]},"s":{"k":[{"s":[100,100],"t":2,"i":{"x":[1,1],"y":[1,1]},"o":{"x":[0,0],"y":[0,0]}},{"s":[100,100],"t":89,"i":{"x":[1,1],"y":[1,1]},"o":{"x":[0,0],"y":[0,0]}}]},"r":{"k":[{"s":[45],"t":2,"i":{"x":[1],"y":[1]},"o":{"x":[0],"y":[0]}},{"s":[45],"t":89,"i":{"x":[1],"y":[1]},"o":{"x":[0],"y":[0]}}]},"so":{"a":0,"k":100},"eo":{"a":0,"k":100},"nm":"Transform"},"nm":"Repeater 1","hd":false},{"ty":"fl","c":{"k":[{"s":[0.988,0.741,0,1],"t":2,"i":{"x":[1],"y":[1]},"o":{"x":[0],"y":[0]}},{"s":[0.988,0.741,0,1],"t":89,"i":{"x":[1],"y":[1]},"o":{"x":[0],"y":[0]}}]},"o":{"k":[{"s":[100],"t":2,"i":{"x":[1],"y":[1]},"o":{"x":[0],"y":[0]}},{"s":[100],"t":89,"i":{"x":[1],"y":[1]},"o":{"x":[0],"y":[0]}}]},"r":1,"bm":0,"nm":"Fill 1","hd":false},{"ty":"tr","p":{"a":0,"k":[0,0]},"a":{"a":0,"k":[0,0]},"s":{"a":0,"k":[100,100]},"r":{"a":0,"k":0},"o":{"a":0,"k":100},"sk":{"a":0,"k":0},"sa":{"a":0,"k":0},"nm":"Transform"}],"nm":"Rectangle 1","bm":0,"hd":false}],"ip":2,"op":92,"st":2,"bm":0},{"ddd":0,"ind":7,"ty":4,"nm":"Burst long","sr":1,"ks":{"o":{"a":1,"k":[{"i":{"x":[0.833],"y":[0.833]},"o":{"x":[0.167],"y":[0.167]},"t":18,"s":[0]},{"t":19,"s":[100]}]},"r":{"a":0,"k":0},"p":{"k":[{"s":[250,249,0],"t":0,"i":{"x":1,"y":1},"o":{"x":0,"y":0}},{"s":[250,249,0],"t":89,"i":{"x":1,"y":1},"o":{"x":0,"y":0}}]},"a":{"a":0,"k":[0,0,0]},"s":{"a":0,"k":[70,70,100]}},"ao":0,"ef":[{"ty":5,"nm":"Burst","np":32,"mn":"Pseudo/UgOta64372a0u","ix":1,"en":1,"ef":[{"ty":3,"nm":"Global Position","mn":"Pseudo/UgOta64372a0u-0001","ix":1,"v":{"a":0,"k":[250,249]}},{"ty":6,"nm":"Copies","mn":"Pseudo/UgOta64372a0u-0002","ix":2,"v":0},{"ty":0,"nm":"Count","mn":"Pseudo/UgOta64372a0u-0003","ix":3,"v":{"k":[{"s":[8],"t":0,"i":{"x":[1],"y":[1]},"o":{"x":[0],"y":[0]}},{"s":[8],"t":89,"i":{"x":[1],"y":[1]},"o":{"x":[0],"y":[0]}}]}},{"ty":0,"nm":"Burst Offset","mn":"Pseudo/UgOta64372a0u-0004","ix":4,"v":{"a":0,"k":0}},{"ty":0,"nm":"Dist. from Center","mn":"Pseudo/UgOta64372a0u-0005","ix":5,"v":{"k":[{"s":[0],"t":18,"i":{"x":[1],"y":[1]},"o":{"x":[0],"y":[0]}},{"s":[243.901],"t":26,"i":{"x":[1],"y":[1]},"o":{"x":[0],"y":[0]}},{"s":[266.125],"t":27,"i":{"x":[1],"y":[1]},"o":{"x":[0],"y":[0]}},{"s":[282.128],"t":28,"i":{"x":[1],"y":[1]},"o":{"x":[0],"y":[0]}},{"s":[292.634],"t":29,"i":{"x":[1],"y":[1]},"o":{"x":[0],"y":[0]}},{"s":[298.447],"t":30,"i":{"x":[1],"y":[1]},"o":{"x":[0],"y":[0]}},{"s":[300.4],"t":31,"i":{"x":[1],"y":[1]},"o":{"x":[0],"y":[0]}},{"s":[299.307],"t":32,"i":{"x":[1],"y":[1]},"o":{"x":[0],"y":[0]}},{"s":[295.93],"t":33,"i":{"x":[1],"y":[1]},"o":{"x":[0],"y":[0]}},{"s":[290.96],"t":34,"i":{"x":[1],"y":[1]},"o":{"x":[0],"y":[0]}},{"s":[284.996],"t":35,"i":{"x":[1],"y":[1]},"o":{"x":[0],"y":[0]}},{"s":[278.545],"t":36,"i":{"x":[1],"y":[1]},"o":{"x":[0],"y":[0]}},{"s":[272.017],"t":37,"i":{"x":[1],"y":[1]},"o":{"x":[0],"y":[0]}},{"s":[265.728],"t":38,"i":{"x":[1],"y":[1]},"o":{"x":[0],"y":[0]}},{"s":[259.911],"t":39,"i":{"x":[1],"y":[1]},"o":{"x":[0],"y":[0]}},{"s":[254.721],"t":40,"i":{"x":[1],"y":[1]},"o":{"x":[0],"y":[0]}},{"s":[250.251],"t":41,"i":{"x":[1],"y":[1]},"o":{"x":[0],"y":[0]}},{"s":[246.536],"t":42,"i":{"x":[1],"y":[1]},"o":{"x":[0],"y":[0]}},{"s":[243.57],"t":43,"i":{"x":[1],"y":[1]},"o":{"x":[0],"y":[0]}},{"s":[241.313],"t":44,"i":{"x":[1],"y":[1]},"o":{"x":[0],"y":[0]}},{"s":[239.703],"t":45,"i":{"x":[1],"y":[1]},"o":{"x":[0],"y":[0]}},{"s":[238.662],"t":46,"i":{"x":[1],"y":[1]},"o":{"x":[0],"y":[0]}},{"s":[238.105],"t":47,"i":{"x":[1],"y":[1]},"o":{"x":[0],"y":[0]}},{"s":[238.094],"t":49,"i":{"x":[1],"y":[1]},"o":{"x":[0],"y":[0]}},{"s":[238.474],"t":50,"i":{"x":[1],"y":[1]},"o":{"x":[0],"y":[0]}},{"s":[239.015],"t":51,"i":{"x":[1],"y":[1]},"o":{"x":[0],"y":[0]}},{"s":[239.652],"t":52,"i":{"x":[1],"y":[1]},"o":{"x":[0],"y":[0]}},{"s":[240.335],"t":53,"i":{"x":[1],"y":[1]},"o":{"x":[0],"y":[0]}},{"s":[241.022],"t":54,"i":{"x":[1],"y":[1]},"o":{"x":[0],"y":[0]}},{"s":[241.68],"t":55,"i":{"x":[1],"y":[1]},"o":{"x":[0],"y":[0]}},{"s":[242.285],"t":56,"i":{"x":[1],"y":[1]},"o":{"x":[0],"y":[0]}},{"s":[242.823],"t":57,"i":{"x":[1],"y":[1]},"o":{"x":[0],"y":[0]}},{"s":[243.285],"t":58,"i":{"x":[1],"y":[1]},"o":{"x":[0],"y":[0]}},{"s":[243.666],"t":59,"i":{"x":[1],"y":[1]},"o":{"x":[0],"y":[0]}},{"s":[243.969],"t":60,"i":{"x":[1],"y":[1]},"o":{"x":[0],"y":[0]}},{"s":[244.198],"t":61,"i":{"x":[1],"y":[1]},"o":{"x":[0],"y":[0]}},{"s":[244.36],"t":62,"i":{"x":[1],"y":[1]},"o":{"x":[0],"y":[0]}},{"s":[244.126],"t":72,"i":{"x":[1],"y":[1]},"o":{"x":[0],"y":[0]}},{"s":[243.89],"t":77,"i":{"x":[1],"y":[1]},"o":{"x":[0],"y":[0]}}]}},{"ty":0,"nm":"Revolution","mn":"Pseudo/UgOta64372a0u-0006","ix":6,"v":{"a":0,"k":360}},{"ty":0,"nm":"Revolution Offset","mn":"Pseudo/UgOta64372a0u-0007","ix":7,"v":{"a":0,"k":0}},{"ty":6,"nm":"","mn":"Pseudo/UgOta64372a0u-0008","ix":8,"v":0},{"ty":6,"nm":"Properties","mn":"Pseudo/UgOta64372a0u-0009","ix":9,"v":0},{"ty":7,"nm":"Link","mn":"Pseudo/UgOta64372a0u-0010","ix":10,"v":{"a":0,"k":0}},{"ty":0,"nm":"Height","mn":"Pseudo/UgOta64372a0u-0011","ix":11,"v":{"a":0,"k":60}},{"ty":0,"nm":"Width","mn":"Pseudo/UgOta64372a0u-0012","ix":12,"v":{"k":[{"s":[11.8],"t":0,"i":{"x":[1],"y":[1]},"o":{"x":[0],"y":[0]}},{"s":[11.8],"t":89,"i":{"x":[1],"y":[1]},"o":{"x":[0],"y":[0]}}]}},{"ty":0,"nm":"Roundness","mn":"Pseudo/UgOta64372a0u-0013","ix":13,"v":{"k":[{"s":[30],"t":0,"i":{"x":[1],"y":[1]},"o":{"x":[0],"y":[0]}},{"s":[30],"t":89,"i":{"x":[1],"y":[1]},"o":{"x":[0],"y":[0]}}]}},{"ty":0,"nm":"Stroke Width","mn":"Pseudo/UgOta64372a0u-0014","ix":14,"v":{"a":0,"k":8}},{"ty":6,"nm":"","mn":"Pseudo/UgOta64372a0u-0015","ix":15,"v":0},{"ty":6,"nm":"Color","mn":"Pseudo/UgOta64372a0u-0016","ix":16,"v":0},{"ty":6,"nm":"Fill","mn":"Pseudo/UgOta64372a0u-0017","ix":17,"v":0},{"ty":7,"nm":"Enable","mn":"Pseudo/UgOta64372a0u-0018","ix":18,"v":{"a":0,"k":1}},{"ty":2,"nm":"Color","mn":"Pseudo/UgOta64372a0u-0019","ix":19,"v":{"a":0,"k":[0.929411828518,0.250980407,0.176470592618,1]}},{"ty":6,"nm":"","mn":"Pseudo/UgOta64372a0u-0020","ix":20,"v":0},{"ty":6,"nm":"Stroke","mn":"Pseudo/UgOta64372a0u-0021","ix":21,"v":0},{"ty":7,"nm":"Enable","mn":"Pseudo/UgOta64372a0u-0022","ix":22,"v":{"a":0,"k":1}},{"ty":2,"nm":"Color","mn":"Pseudo/UgOta64372a0u-0023","ix":23,"v":{"a":0,"k":[0.453999996185,0.73299998045,1,1]}},{"ty":6,"nm":"","mn":"Pseudo/UgOta64372a0u-0024","ix":24,"v":0},{"ty":6,"nm":"","mn":"Pseudo/UgOta64372a0u-0025","ix":25,"v":0},{"ty":6,"nm":"Sequence","mn":"Pseudo/UgOta64372a0u-0026","ix":26,"v":0},{"ty":7,"nm":"Link","mn":"Pseudo/UgOta64372a0u-0027","ix":27,"v":{"a":0,"k":1}},{"ty":0,"nm":"Height","mn":"Pseudo/UgOta64372a0u-0028","ix":28,"v":{"a":0,"k":0}},{"ty":0,"nm":"Width","mn":"Pseudo/UgOta64372a0u-0029","ix":29,"v":{"a":0,"k":0}},{"ty":6,"nm":"","mn":"Pseudo/UgOta64372a0u-0030","ix":30,"v":0}]},{"ty":5,"nm":"Elastic: Dist. from Center - Burst","np":5,"mn":"Pseudo/MDS Elastic Controller","ix":2,"en":1,"ef":[{"ty":0,"nm":"Amplitude","mn":"Pseudo/MDS Elastic Controller-0001","ix":1,"v":{"a":0,"k":20}},{"ty":0,"nm":"Frequency","mn":"Pseudo/MDS Elastic Controller-0002","ix":2,"v":{"a":0,"k":40}},{"ty":0,"nm":"Decay","mn":"Pseudo/MDS Elastic Controller-0003","ix":3,"v":{"a":0,"k":60}}]}],"shapes":[{"ty":"gr","it":[{"ty":"rc","d":1,"s":{"k":[{"s":[11.8,60],"t":0,"i":{"x":[1,1],"y":[1,1]},"o":{"x":[0,0],"y":[0,0]}},{"s":[11.8,60],"t":89,"i":{"x":[1,1],"y":[1,1]},"o":{"x":[0,0],"y":[0,0]}}]},"p":{"k":[{"s":[0,0],"t":18,"i":{"x":1,"y":1},"o":{"x":0,"y":0}},{"s":[0,243.901],"t":26,"i":{"x":1,"y":1},"o":{"x":0,"y":0}},{"s":[0,266.125],"t":27,"i":{"x":1,"y":1},"o":{"x":0,"y":0}},{"s":[0,282.128],"t":28,"i":{"x":1,"y":1},"o":{"x":0,"y":0}},{"s":[0,292.634],"t":29,"i":{"x":1,"y":1},"o":{"x":0,"y":0}},{"s":[0,298.447],"t":30,"i":{"x":1,"y":1},"o":{"x":0,"y":0}},{"s":[0,300.4],"t":31,"i":{"x":1,"y":1},"o":{"x":0,"y":0}},{"s":[0,299.307],"t":32,"i":{"x":1,"y":1},"o":{"x":0,"y":0}},{"s":[0,295.93],"t":33,"i":{"x":1,"y":1},"o":{"x":0,"y":0}},{"s":[0,290.96],"t":34,"i":{"x":1,"y":1},"o":{"x":0,"y":0}},{"s":[0,284.996],"t":35,"i":{"x":1,"y":1},"o":{"x":0,"y":0}},{"s":[0,278.545],"t":36,"i":{"x":1,"y":1},"o":{"x":0,"y":0}},{"s":[0,272.017],"t":37,"i":{"x":1,"y":1},"o":{"x":0,"y":0}},{"s":[0,265.728],"t":38,"i":{"x":1,"y":1},"o":{"x":0,"y":0}},{"s":[0,259.911],"t":39,"i":{"x":1,"y":1},"o":{"x":0,"y":0}},{"s":[0,254.721],"t":40,"i":{"x":1,"y":1},"o":{"x":0,"y":0}},{"s":[0,250.251],"t":41,"i":{"x":1,"y":1},"o":{"x":0,"y":0}},{"s":[0,246.536],"t":42,"i":{"x":1,"y":1},"o":{"x":0,"y":0}},{"s":[0,243.57],"t":43,"i":{"x":1,"y":1},"o":{"x":0,"y":0}},{"s":[0,241.313],"t":44,"i":{"x":1,"y":1},"o":{"x":0,"y":0}},{"s":[0,239.703],"t":45,"i":{"x":1,"y":1},"o":{"x":0,"y":0}},{"s":[0,238.662],"t":46,"i":{"x":1,"y":1},"o":{"x":0,"y":0}},{"s":[0,238.105],"t":47,"i":{"x":1,"y":1},"o":{"x":0,"y":0}},{"s":[0,238.094],"t":49,"i":{"x":1,"y":1},"o":{"x":0,"y":0}},{"s":[0,238.474],"t":50,"i":{"x":1,"y":1},"o":{"x":0,"y":0}},{"s":[0,239.015],"t":51,"i":{"x":1,"y":1},"o":{"x":0,"y":0}},{"s":[0,239.652],"t":52,"i":{"x":1,"y":1},"o":{"x":0,"y":0}},{"s":[0,240.335],"t":53,"i":{"x":1,"y":1},"o":{"x":0,"y":0}},{"s":[0,241.022],"t":54,"i":{"x":1,"y":1},"o":{"x":0,"y":0}},{"s":[0,241.68],"t":55,"i":{"x":1,"y":1},"o":{"x":0,"y":0}},{"s":[0,242.285],"t":56,"i":{"x":1,"y":1},"o":{"x":0,"y":0}},{"s":[0,242.823],"t":57,"i":{"x":1,"y":1},"o":{"x":0,"y":0}},{"s":[0,243.285],"t":58,"i":{"x":1,"y":1},"o":{"x":0,"y":0}},{"s":[0,243.666],"t":59,"i":{"x":1,"y":1},"o":{"x":0,"y":0}},{"s":[0,243.969],"t":60,"i":{"x":1,"y":1},"o":{"x":0,"y":0}},{"s":[0,244.198],"t":61,"i":{"x":1,"y":1},"o":{"x":0,"y":0}},{"s":[0,244.36],"t":62,"i":{"x":1,"y":1},"o":{"x":0,"y":0}},{"s":[0,244.126],"t":72,"i":{"x":1,"y":1},"o":{"x":0,"y":0}},{"s":[0,243.89],"t":77,"i":{"x":1,"y":1},"o":{"x":0,"y":0}}]},"r":{"k":[{"s":[30],"t":0,"i":{"x":[1],"y":[1]},"o":{"x":[0],"y":[0]}},{"s":[30],"t":89,"i":{"x":[1],"y":[1]},"o":{"x":[0],"y":[0]}}]},"nm":"Burst Piece 1","hd":false},{"ty":"rp","c":{"k":[{"s":[8],"t":0,"i":{"x":[1],"y":[1]},"o":{"x":[0],"y":[0]}},{"s":[8],"t":89,"i":{"x":[1],"y":[1]},"o":{"x":[0],"y":[0]}}]},"o":{"a":0,"k":0},"m":1,"tr":{"ty":"tr","p":{"a":0,"k":[0,0]},"a":{"a":0,"k":[0,0]},"s":{"k":[{"s":[100,100],"t":0,"i":{"x":[1,1],"y":[1,1]},"o":{"x":[0,0],"y":[0,0]}},{"s":[100,100],"t":89,"i":{"x":[1,1],"y":[1,1]},"o":{"x":[0,0],"y":[0,0]}}]},"r":{"k":[{"s":[45],"t":0,"i":{"x":[1],"y":[1]},"o":{"x":[0],"y":[0]}},{"s":[45],"t":89,"i":{"x":[1],"y":[1]},"o":{"x":[0],"y":[0]}}]},"so":{"a":0,"k":100},"eo":{"a":0,"k":100},"nm":"Transform"},"nm":"Repeater 1","hd":false},{"ty":"fl","c":{"k":[{"s":[0.929,0.251,0.176,1],"t":0,"i":{"x":[1],"y":[1]},"o":{"x":[0],"y":[0]}},{"s":[0.929,0.251,0.176,1],"t":89,"i":{"x":[1],"y":[1]},"o":{"x":[0],"y":[0]}}]},"o":{"k":[{"s":[100],"t":0,"i":{"x":[1],"y":[1]},"o":{"x":[0],"y":[0]}},{"s":[100],"t":89,"i":{"x":[1],"y":[1]},"o":{"x":[0],"y":[0]}}]},"r":1,"bm":0,"nm":"Fill 1","hd":false},{"ty":"tr","p":{"a":0,"k":[0,0]},"a":{"a":0,"k":[0,0]},"s":{"a":0,"k":[100,100]},"r":{"a":0,"k":0},"o":{"a":0,"k":100},"sk":{"a":0,"k":0},"sa":{"a":0,"k":0},"nm":"Transform"}],"nm":"Rectangle 1","bm":0,"hd":false}],"ip":0,"op":90,"st":0,"bm":0}],"markers":[]}