{"v":"5.5.7","meta":{"g":"LottieFiles AE 0.1.20","a":"","k":"","d":"","tc":"none"},"fr":30,"ip":0,"op":40,"w":512,"h":512,"nm":"BigBadaBoom","ddd":0,"assets":[],"layers":[{"ddd":0,"ind":1,"ty":4,"nm":"Shape Layer 9","sr":1,"ks":{"o":{"a":0,"k":100,"ix":11},"r":{"a":0,"k":27,"ix":10},"p":{"a":0,"k":[260.569,239.552,0],"ix":2},"a":{"a":0,"k":[-26.477,-0.378,0],"ix":1},"s":{"a":0,"k":[36,36,100],"ix":6}},"ao":0,"shapes":[{"ty":"gr","it":[{"ind":0,"ty":"sh","ix":1,"ks":{"a":0,"k":{"i":[[0,0],[16.569,-6.809],[9.772,-6.908],[16.138,-8.069],[10.849,-6.547],[3,-15.379]],"o":[[-7.144,10.397],[-11.069,4.549],[-14.734,10.415],[-11.333,5.667],[-18,10.862],[0,0]],"v":[[-9,48],[-47,86],[-82,78],[-105,127],[-136,105],[-163,162]],"c":false},"ix":2},"nm":"Path 1","mn":"ADBE Vector Shape - Group","hd":false},{"ty":"st","c":{"a":0,"k":[1,1,0.75,1],"ix":3},"o":{"a":0,"k":100,"ix":4},"w":{"a":1,"k":[{"i":{"x":[0.7],"y":[1]},"o":{"x":[0.544],"y":[0]},"t":5,"s":[45]},{"i":{"x":[0.807],"y":[0.811]},"o":{"x":[0.515],"y":[0]},"t":13,"s":[96]},{"i":{"x":[0.076],"y":[1]},"o":{"x":[0.208],"y":[0.559]},"t":20,"s":[41.952]},{"t":35,"s":[0]}],"ix":5},"lc":2,"lj":1,"ml":4,"bm":0,"nm":"Stroke 1","mn":"ADBE Vector Graphic - Stroke","hd":false},{"ty":"tr","p":{"a":1,"k":[{"i":{"x":0.833,"y":0.833},"o":{"x":0.167,"y":0.167},"t":7,"s":[18.381,-9.127],"to":[-4.781,22.16],"ti":[-2.179,40.204]},{"i":{"x":0.833,"y":0.833},"o":{"x":0.167,"y":0.167},"t":12,"s":[-52.704,-34.331],"to":[1.351,-24.923],"ti":[-17.916,15.666]},{"i":{"x":0.833,"y":0.833},"o":{"x":0.167,"y":0.167},"t":16,"s":[-14.602,-103.652],"to":[14.508,-12.686],"ti":[5.967,-27.657]},{"i":{"x":0.833,"y":0.833},"o":{"x":0.167,"y":0.167},"t":18,"s":[9.221,-94.862],"to":[-30.592,141.782],"ti":[12.305,-57.029]},{"t":32,"s":[-116.322,615.183]}],"ix":2},"a":{"a":0,"k":[0,0],"ix":1},"s":{"a":0,"k":[100,100],"ix":3},"r":{"a":0,"k":0,"ix":6},"o":{"a":0,"k":100,"ix":7},"sk":{"a":0,"k":0,"ix":4},"sa":{"a":0,"k":0,"ix":5},"nm":"Transform"}],"nm":"Shape 8","np":3,"cix":2,"bm":0,"ix":1,"mn":"ADBE Vector Group","hd":false},{"ty":"gr","it":[{"ind":0,"ty":"sh","ix":1,"ks":{"a":0,"k":{"i":[[0,0],[-3.755,-3.318],[-15.526,-3.881],[0.871,-11.762],[-10.988,-16.325],[-18.326,-8.815],[-10.882,-9.305],[-10.919,-14.636],[4.203,-10.487]],"o":[[3.748,-1.439],[11.992,10.597],[11.442,2.861],[-1.454,19.624],[11.355,16.871],[12.903,6.206],[13.879,11.867],[8.608,11.538],[0,0]],"v":[[58,44],[73,43],[101,82],[125,56],[99,109],[160,108],[178,147],[229,167],[225,210]],"c":false},"ix":2},"nm":"Path 1","mn":"ADBE Vector Shape - Group","hd":false},{"ty":"st","c":{"a":0,"k":[1,1,0.75,1],"ix":3},"o":{"a":0,"k":100,"ix":4},"w":{"a":1,"k":[{"i":{"x":[0.7],"y":[1]},"o":{"x":[0.544],"y":[0]},"t":5,"s":[50]},{"i":{"x":[0.807],"y":[0.812]},"o":{"x":[0.515],"y":[0]},"t":13,"s":[96]},{"i":{"x":[0.076],"y":[1]},"o":{"x":[0.208],"y":[0.72]},"t":20,"s":[36]},{"t":35,"s":[0]}],"ix":5},"lc":2,"lj":1,"ml":4,"bm":0,"nm":"Stroke 1","mn":"ADBE Vector Graphic - Stroke","hd":false},{"ty":"tr","p":{"a":1,"k":[{"i":{"x":0.833,"y":0.833},"o":{"x":0.167,"y":0.167},"t":7,"s":[-74.09,-50.574],"to":[12.121,10.574],"ti":[-29.372,-25.622]},{"i":{"x":0.833,"y":0.833},"o":{"x":0.167,"y":0.167},"t":16,"s":[-5.772,6.638],"to":[46.554,40.611],"ti":[-19.212,-16.759]},{"t":32,"s":[113.91,113.426]}],"ix":2},"a":{"a":0,"k":[0,0],"ix":1},"s":{"a":0,"k":[100,100],"ix":3},"r":{"a":0,"k":0,"ix":6},"o":{"a":0,"k":100,"ix":7},"sk":{"a":0,"k":0,"ix":4},"sa":{"a":0,"k":0,"ix":5},"nm":"Transform"}],"nm":"Shape 7","np":3,"cix":2,"bm":0,"ix":2,"mn":"ADBE Vector Group","hd":false},{"ty":"gr","it":[{"ind":0,"ty":"sh","ix":1,"ks":{"a":0,"k":{"i":[[0,0],[-7.279,-3.639],[-5.3,6.986],[-16.694,9.665],[-2.557,-14.705],[-4.26,12.354],[-24.647,20.704],[-8.765,10.053],[-5.358,19.097]],"o":[[4.24,-5.88],[7.843,3.921],[11.659,-15.368],[12.917,-7.478],[2.239,12.875],[10.493,-30.43],[10.213,-8.579],[18.927,-21.71],[0,0]],"v":[[90,-80],[110,-94],[114,-68],[132,-123],[171,-101],[140,-77],[191,-159],[190,-119],[225,-198]],"c":false},"ix":2},"nm":"Path 1","mn":"ADBE Vector Shape - Group","hd":false},{"ty":"st","c":{"a":0,"k":[1,1,0.75,1],"ix":3},"o":{"a":0,"k":100,"ix":4},"w":{"a":1,"k":[{"i":{"x":[0.7],"y":[1]},"o":{"x":[0.544],"y":[0]},"t":5,"s":[61]},{"i":{"x":[0.807],"y":[0.769]},"o":{"x":[0.515],"y":[0]},"t":13,"s":[94]},{"i":{"x":[0.076],"y":[1]},"o":{"x":[0.208],"y":[0.56]},"t":20,"s":[45.818]},{"t":35,"s":[0]}],"ix":5},"lc":2,"lj":1,"ml":4,"bm":0,"nm":"Stroke 1","mn":"ADBE Vector Graphic - Stroke","hd":false},{"ty":"tr","p":{"a":1,"k":[{"i":{"x":0.833,"y":0.833},"o":{"x":0.167,"y":0.167},"t":7,"s":[-88.735,102.158],"to":[12.702,-15.023],"ti":[-30.778,36.402]},{"i":{"x":0.833,"y":0.833},"o":{"x":0.167,"y":0.167},"t":16,"s":[-12.581,53.02],"to":[48.783,-57.698],"ti":[-20.132,23.811]},{"t":32,"s":[108.265,-130.842]}],"ix":2},"a":{"a":0,"k":[0,0],"ix":1},"s":{"a":0,"k":[100,100],"ix":3},"r":{"a":0,"k":0,"ix":6},"o":{"a":0,"k":100,"ix":7},"sk":{"a":0,"k":0,"ix":4},"sa":{"a":0,"k":0,"ix":5},"nm":"Transform"}],"nm":"Shape 6","np":3,"cix":2,"bm":0,"ix":3,"mn":"ADBE Vector Group","hd":false},{"ty":"gr","it":[{"ind":0,"ty":"sh","ix":1,"ks":{"a":0,"k":{"i":[[0,0],[14,-20],[-28,14],[4,0],[28,26],[-11,13]],"o":[[0,0],[-14,20],[28,-14],[-4,0],[-28,-26],[11,-13]],"v":[[-27,-21],[-53,-54],[-86,-72],[-110,-110],[-161,-114],[-182,-182]],"c":false},"ix":2},"nm":"Path 1","mn":"ADBE Vector Shape - Group","hd":false},{"ty":"st","c":{"a":0,"k":[1,1,0.75,1],"ix":3},"o":{"a":0,"k":100,"ix":4},"w":{"a":1,"k":[{"i":{"x":[0.7],"y":[1]},"o":{"x":[0.544],"y":[0]},"t":5,"s":[48]},{"i":{"x":[0.807],"y":[0.784]},"o":{"x":[0.515],"y":[0]},"t":13,"s":[100]},{"i":{"x":[0.076],"y":[1]},"o":{"x":[0.208],"y":[0.465]},"t":20,"s":[51.669]},{"t":35,"s":[0]}],"ix":5},"lc":2,"lj":1,"ml":4,"bm":0,"nm":"Stroke 1","mn":"ADBE Vector Graphic - Stroke","hd":false},{"ty":"tr","p":{"a":1,"k":[{"i":{"x":0.833,"y":0.833},"o":{"x":0.167,"y":0.167},"t":7,"s":[52.73,54.895],"to":[-18,-6.552],"ti":[43.618,15.877]},{"i":{"x":0.833,"y":0.833},"o":{"x":0.167,"y":0.167},"t":16,"s":[-1.354,78.829],"to":[-69.134,-25.165],"ti":[28.53,10.385]},{"t":32,"s":[-226.453,-46.73]}],"ix":2},"a":{"a":0,"k":[0,0],"ix":1},"s":{"a":0,"k":[100,100],"ix":3},"r":{"a":0,"k":0,"ix":6},"o":{"a":0,"k":100,"ix":7},"sk":{"a":0,"k":0,"ix":4},"sa":{"a":0,"k":0,"ix":5},"nm":"Transform"}],"nm":"Shape 5","np":3,"cix":2,"bm":0,"ix":4,"mn":"ADBE Vector Group","hd":false},{"ty":"gr","it":[{"ind":0,"ty":"sh","ix":1,"ks":{"a":0,"k":{"i":[[0,0],[-35,26],[40,-9],[17,17]],"o":[[0,0],[35,-26],[-40,9],[-17,-17]],"v":[[-16,18],[-81,3],[-46,41],[-180,-63]],"c":false},"ix":2},"nm":"Path 1","mn":"ADBE Vector Shape - Group","hd":false},{"ty":"st","c":{"a":0,"k":[1,1,0.75,1],"ix":3},"o":{"a":0,"k":100,"ix":4},"w":{"a":1,"k":[{"i":{"x":[0.7],"y":[1]},"o":{"x":[0.544],"y":[0]},"t":5,"s":[53]},{"i":{"x":[0.807],"y":[0.771]},"o":{"x":[0.515],"y":[0]},"t":13,"s":[100]},{"i":{"x":[0.076],"y":[1]},"o":{"x":[0.208],"y":[0.46]},"t":20,"s":[53.385]},{"t":35,"s":[0]}],"ix":5},"lc":2,"lj":1,"ml":4,"bm":0,"nm":"Stroke 1","mn":"ADBE Vector Graphic - Stroke","hd":false},{"ty":"tr","p":{"a":1,"k":[{"i":{"x":0.833,"y":0.833},"o":{"x":0.167,"y":0.167},"t":7,"s":[-10.997,10.963],"to":[0,-20.245],"ti":[0,49.057]},{"i":{"x":0.833,"y":0.833},"o":{"x":0.167,"y":0.167},"t":16,"s":[57.562,-71.543],"to":[0,-77.756],"ti":[0,32.088]},{"t":32,"s":[-10.997,-303.037]}],"ix":2},"a":{"a":0,"k":[0,0],"ix":1},"s":{"a":0,"k":[100,100],"ix":3},"r":{"a":0,"k":0,"ix":6},"o":{"a":0,"k":100,"ix":7},"sk":{"a":0,"k":0,"ix":4},"sa":{"a":0,"k":0,"ix":5},"nm":"Transform"}],"nm":"Shape 4","np":3,"cix":2,"bm":0,"ix":5,"mn":"ADBE Vector Group","hd":false},{"ty":"gr","it":[{"ind":0,"ty":"sh","ix":1,"ks":{"a":0,"k":{"i":[[0,0],[46,19],[73,-80],[3,-2]],"o":[[0,0],[-46,-19],[-73,80],[-3,2]],"v":[[10,33],[-19,107],[40,119],[-150,194]],"c":false},"ix":2},"nm":"Path 1","mn":"ADBE Vector Shape - Group","hd":false},{"ty":"st","c":{"a":0,"k":[1,1,0.75,1],"ix":3},"o":{"a":0,"k":100,"ix":4},"w":{"a":1,"k":[{"i":{"x":[0.7],"y":[1]},"o":{"x":[0.544],"y":[0]},"t":5,"s":[40]},{"i":{"x":[0.807],"y":[0.843]},"o":{"x":[0.515],"y":[0]},"t":13,"s":[100]},{"i":{"x":[0.076],"y":[1]},"o":{"x":[0.208],"y":[0.952]},"t":20,"s":[27.535]},{"t":35,"s":[0]}],"ix":5},"lc":2,"lj":1,"ml":4,"bm":0,"nm":"Stroke 1","mn":"ADBE Vector Graphic - Stroke","hd":false},{"ty":"tr","p":{"a":1,"k":[{"i":{"x":0.833,"y":0.833},"o":{"x":0.167,"y":0.167},"t":7,"s":[0,5],"to":[0,-0.322],"ti":[0,0.781]},{"i":{"x":0.833,"y":0.833},"o":{"x":0.167,"y":0.167},"t":16,"s":[-3.83,-10.437],"to":[0,-1.238],"ti":[0,0.511]},{"t":32,"s":[0,0]}],"ix":2},"a":{"a":0,"k":[0,0],"ix":1},"s":{"a":0,"k":[100,100],"ix":3},"r":{"a":0,"k":0,"ix":6},"o":{"a":0,"k":100,"ix":7},"sk":{"a":0,"k":0,"ix":4},"sa":{"a":0,"k":0,"ix":5},"nm":"Transform"}],"nm":"Shape 3","np":3,"cix":2,"bm":0,"ix":6,"mn":"ADBE Vector Group","hd":false},{"ty":"gr","it":[{"ind":0,"ty":"sh","ix":1,"ks":{"a":0,"k":{"i":[[0,0],[18,-37],[-99,-31],[0,0]],"o":[[0,0],[-18,37],[99,31],[0,0]],"v":[[27,8],[93,12],[104,-36],[210,-65]],"c":false},"ix":2},"nm":"Path 1","mn":"ADBE Vector Shape - Group","hd":false},{"ty":"st","c":{"a":0,"k":[1,1,0.75,1],"ix":3},"o":{"a":0,"k":100,"ix":4},"w":{"a":1,"k":[{"i":{"x":[0.7],"y":[1]},"o":{"x":[0.544],"y":[0]},"t":5,"s":[39]},{"i":{"x":[0.807],"y":[0.818]},"o":{"x":[0.515],"y":[0]},"t":13,"s":[100]},{"i":{"x":[0.076],"y":[1]},"o":{"x":[0.208],"y":[0.661]},"t":20,"s":[38.818]},{"t":35,"s":[0]}],"ix":5},"lc":2,"lj":1,"ml":4,"bm":0,"nm":"Stroke 1","mn":"ADBE Vector Graphic - Stroke","hd":false},{"ty":"tr","p":{"a":1,"k":[{"i":{"x":0.833,"y":0.833},"o":{"x":0.167,"y":0.167},"t":16,"s":[15.133,29.7],"to":[-2.522,-4.95],"ti":[2.522,4.95]},{"t":32,"s":[0,0]}],"ix":2},"a":{"a":0,"k":[0,0],"ix":1},"s":{"a":0,"k":[100,100],"ix":3},"r":{"a":0,"k":-30.05,"ix":6},"o":{"a":0,"k":100,"ix":7},"sk":{"a":0,"k":0,"ix":4},"sa":{"a":0,"k":0,"ix":5},"nm":"Transform"}],"nm":"Shape 2","np":3,"cix":2,"bm":0,"ix":7,"mn":"ADBE Vector Group","hd":false},{"ty":"gr","it":[{"ind":0,"ty":"sh","ix":1,"ks":{"a":0,"k":{"i":[[0,0],[-75.056,-33.025],[14.5,13],[-166,74.5]],"o":[[0,0],[12.5,5.5],[-24.483,-21.95],[166,-74.5]],"v":[[4,-6],[36,-84],[17,-58],[157.5,-194]],"c":false},"ix":2},"nm":"Path 1","mn":"ADBE Vector Shape - Group","hd":false},{"ty":"st","c":{"a":0,"k":[1,1,0.75,1],"ix":3},"o":{"a":0,"k":100,"ix":4},"w":{"a":1,"k":[{"i":{"x":[0.7],"y":[1]},"o":{"x":[0.544],"y":[0]},"t":5,"s":[44]},{"i":{"x":[0.807],"y":[0.809]},"o":{"x":[0.515],"y":[0]},"t":13,"s":[100]},{"i":{"x":[0.076],"y":[1]},"o":{"x":[0.208],"y":[0.444]},"t":20,"s":[49.661]},{"t":35,"s":[0]}],"ix":5},"lc":2,"lj":1,"ml":4,"bm":0,"nm":"Stroke 1","mn":"ADBE Vector Graphic - Stroke","hd":false},{"ty":"tr","p":{"a":1,"k":[{"i":{"x":0.833,"y":0.833},"o":{"x":0.167,"y":0.167},"t":7,"s":[18.179,-0.494],"to":[3.611,-24.114],"ti":[-8.749,58.431]},{"i":{"x":0.833,"y":0.833},"o":{"x":0.167,"y":0.167},"t":16,"s":[45.164,-54.44],"to":[13.867,-92.613],"ti":[-5.723,38.22]},{"t":32,"s":[74.179,-374.494]}],"ix":2},"a":{"a":0,"k":[0,0],"ix":1},"s":{"a":0,"k":[100,100],"ix":3},"r":{"a":0,"k":0,"ix":6},"o":{"a":0,"k":100,"ix":7},"sk":{"a":0,"k":0,"ix":4},"sa":{"a":0,"k":0,"ix":5},"nm":"Transform"}],"nm":"Shape 1","np":3,"cix":2,"bm":0,"ix":8,"mn":"ADBE Vector Group","hd":false},{"ty":"tm","s":{"a":1,"k":[{"i":{"x":[0],"y":[1]},"o":{"x":[0.591],"y":[0]},"t":10,"s":[0]},{"t":37,"s":[100]}],"ix":1},"e":{"a":1,"k":[{"i":{"x":[0],"y":[1]},"o":{"x":[0.992],"y":[0]},"t":5,"s":[0]},{"t":35,"s":[100]}],"ix":2},"o":{"a":0,"k":0,"ix":3},"m":1,"ix":9,"nm":"Trim Paths 1","mn":"ADBE Vector Filter - Trim","hd":false}],"ip":5,"op":65,"st":5,"bm":0},{"ddd":0,"ind":2,"ty":4,"nm":"Shape Layer 8","sr":1,"ks":{"o":{"a":0,"k":100,"ix":11},"r":{"a":0,"k":27,"ix":10},"p":{"a":0,"k":[267,246,0],"ix":2},"a":{"a":0,"k":[0,0,0],"ix":1},"s":{"a":0,"k":[61,61,100],"ix":6}},"ao":0,"shapes":[{"ty":"gr","it":[{"ind":0,"ty":"sh","ix":1,"ks":{"a":0,"k":{"i":[[0,0],[16.569,-6.809],[9.772,-6.908],[16.138,-8.069],[10.849,-6.547],[3,-15.379]],"o":[[-7.144,10.397],[-11.069,4.549],[-14.734,10.415],[-11.333,5.667],[-18,10.862],[0,0]],"v":[[-9,48],[-47,86],[-82,78],[-105,127],[-136,105],[-163,162]],"c":false},"ix":2},"nm":"Path 1","mn":"ADBE Vector Shape - Group","hd":false},{"ty":"st","c":{"a":0,"k":[1,1,0.25,1],"ix":3},"o":{"a":1,"k":[{"i":{"x":[0.833],"y":[0.833]},"o":{"x":[0.167],"y":[0.167]},"t":1,"s":[0]},{"t":4,"s":[100]}],"ix":4},"w":{"a":1,"k":[{"i":{"x":[0.7],"y":[1]},"o":{"x":[1],"y":[0]},"t":0,"s":[40]},{"i":{"x":[0.807],"y":[0.811]},"o":{"x":[0.515],"y":[0]},"t":8,"s":[96]},{"i":{"x":[0.102],"y":[0.935]},"o":{"x":[0.227],"y":[0.826]},"t":15,"s":[41.952]},{"i":{"x":[0.647],"y":[1]},"o":{"x":[0.314],"y":[0.006]},"t":28,"s":[15]},{"t":30,"s":[0]}],"ix":5},"lc":2,"lj":1,"ml":4,"bm":0,"nm":"Stroke 1","mn":"ADBE Vector Graphic - Stroke","hd":false},{"ty":"tr","p":{"a":0,"k":[0,0],"ix":2},"a":{"a":0,"k":[0,0],"ix":1},"s":{"a":0,"k":[100,100],"ix":3},"r":{"a":0,"k":0,"ix":6},"o":{"a":0,"k":100,"ix":7},"sk":{"a":0,"k":0,"ix":4},"sa":{"a":0,"k":0,"ix":5},"nm":"Transform"}],"nm":"Shape 8","np":3,"cix":2,"bm":0,"ix":1,"mn":"ADBE Vector Group","hd":false},{"ty":"gr","it":[{"ind":0,"ty":"sh","ix":1,"ks":{"a":0,"k":{"i":[[0,0],[-3.755,-3.318],[-15.526,-3.881],[0.871,-11.762],[-10.988,-16.325],[-18.326,-8.815],[-10.882,-9.305],[-10.919,-14.636],[4.203,-10.487]],"o":[[3.748,-1.439],[11.992,10.597],[11.442,2.861],[-1.454,19.624],[11.355,16.871],[12.903,6.206],[13.879,11.867],[8.608,11.538],[0,0]],"v":[[58,44],[73,43],[101,82],[125,56],[99,109],[160,108],[178,147],[229,167],[225,210]],"c":false},"ix":2},"nm":"Path 1","mn":"ADBE Vector Shape - Group","hd":false},{"ty":"st","c":{"a":0,"k":[1,1,0.25,1],"ix":3},"o":{"a":1,"k":[{"i":{"x":[0.833],"y":[0.833]},"o":{"x":[0.167],"y":[0.167]},"t":2,"s":[0]},{"t":5,"s":[100]}],"ix":4},"w":{"a":1,"k":[{"i":{"x":[0.7],"y":[1]},"o":{"x":[1],"y":[0]},"t":0,"s":[40]},{"i":{"x":[0.807],"y":[0.812]},"o":{"x":[0.515],"y":[0]},"t":8,"s":[96]},{"i":{"x":[0.102],"y":[0.938]},"o":{"x":[0.227],"y":[1.538]},"t":15,"s":[36]},{"i":{"x":[0.647],"y":[1]},"o":{"x":[0.314],"y":[0.003]},"t":28,"s":[20]},{"t":30,"s":[0]}],"ix":5},"lc":2,"lj":1,"ml":4,"bm":0,"nm":"Stroke 1","mn":"ADBE Vector Graphic - Stroke","hd":false},{"ty":"tr","p":{"a":0,"k":[0,0],"ix":2},"a":{"a":0,"k":[0,0],"ix":1},"s":{"a":0,"k":[100,100],"ix":3},"r":{"a":0,"k":0,"ix":6},"o":{"a":0,"k":100,"ix":7},"sk":{"a":0,"k":0,"ix":4},"sa":{"a":0,"k":0,"ix":5},"nm":"Transform"}],"nm":"Shape 7","np":3,"cix":2,"bm":0,"ix":2,"mn":"ADBE Vector Group","hd":false},{"ty":"gr","it":[{"ind":0,"ty":"sh","ix":1,"ks":{"a":0,"k":{"i":[[0,0],[-7.279,-3.639],[-5.3,6.986],[-16.694,9.665],[-2.557,-14.705],[-4.26,12.354],[-24.647,20.704],[-8.765,10.053],[-5.358,19.097]],"o":[[4.24,-5.88],[7.843,3.921],[11.659,-15.368],[12.917,-7.478],[2.239,12.875],[10.493,-30.43],[10.213,-8.579],[18.927,-21.71],[0,0]],"v":[[90,-80],[110,-94],[114,-68],[132,-123],[171,-101],[140,-77],[191,-159],[190,-119],[225,-198]],"c":false},"ix":2},"nm":"Path 1","mn":"ADBE Vector Shape - Group","hd":false},{"ty":"st","c":{"a":0,"k":[1,1,0.25,1],"ix":3},"o":{"a":1,"k":[{"i":{"x":[0.833],"y":[0.833]},"o":{"x":[0.167],"y":[0.167]},"t":2,"s":[0]},{"t":5,"s":[100]}],"ix":4},"w":{"a":1,"k":[{"i":{"x":[0.7],"y":[1]},"o":{"x":[1],"y":[0]},"t":0,"s":[40]},{"i":{"x":[0.807],"y":[0.769]},"o":{"x":[0.515],"y":[0]},"t":8,"s":[94]},{"i":{"x":[0.102],"y":[0.938]},"o":{"x":[0.227],"y":[0.79]},"t":15,"s":[45.818]},{"i":{"x":[0.647],"y":[1]},"o":{"x":[0.314],"y":[0.007]},"t":28,"s":[15]},{"t":30,"s":[0]}],"ix":5},"lc":2,"lj":1,"ml":4,"bm":0,"nm":"Stroke 1","mn":"ADBE Vector Graphic - Stroke","hd":false},{"ty":"tr","p":{"a":0,"k":[-44.432,46.723],"ix":2},"a":{"a":0,"k":[0,0],"ix":1},"s":{"a":0,"k":[100,100],"ix":3},"r":{"a":0,"k":0,"ix":6},"o":{"a":0,"k":100,"ix":7},"sk":{"a":0,"k":0,"ix":4},"sa":{"a":0,"k":0,"ix":5},"nm":"Transform"}],"nm":"Shape 6","np":3,"cix":2,"bm":0,"ix":3,"mn":"ADBE Vector Group","hd":false},{"ty":"gr","it":[{"ind":0,"ty":"sh","ix":1,"ks":{"a":0,"k":{"i":[[0,0],[14,-20],[-28,14],[4,0],[28,26],[-11,13]],"o":[[0,0],[-14,20],[28,-14],[-4,0],[-28,-26],[11,-13]],"v":[[-27,-21],[-53,-54],[-86,-72],[-110,-110],[-161,-114],[-182,-182]],"c":false},"ix":2},"nm":"Path 1","mn":"ADBE Vector Shape - Group","hd":false},{"ty":"st","c":{"a":0,"k":[1,1,0.25,1],"ix":3},"o":{"a":1,"k":[{"i":{"x":[0.833],"y":[0.833]},"o":{"x":[0.167],"y":[0.167]},"t":1,"s":[0]},{"t":4,"s":[100]}],"ix":4},"w":{"a":1,"k":[{"i":{"x":[0.7],"y":[1]},"o":{"x":[1],"y":[0]},"t":0,"s":[40]},{"i":{"x":[0.807],"y":[0.784]},"o":{"x":[0.515],"y":[0]},"t":8,"s":[100]},{"i":{"x":[0.102],"y":[0.918]},"o":{"x":[0.227],"y":[0.719]},"t":15,"s":[51.669]},{"i":{"x":[0.647],"y":[1]},"o":{"x":[0.314],"y":[0.007]},"t":28,"s":[20]},{"t":30,"s":[0]}],"ix":5},"lc":2,"lj":1,"ml":4,"bm":0,"nm":"Stroke 1","mn":"ADBE Vector Graphic - Stroke","hd":false},{"ty":"tr","p":{"a":0,"k":[0,0],"ix":2},"a":{"a":0,"k":[0,0],"ix":1},"s":{"a":0,"k":[100,100],"ix":3},"r":{"a":0,"k":0,"ix":6},"o":{"a":0,"k":100,"ix":7},"sk":{"a":0,"k":0,"ix":4},"sa":{"a":0,"k":0,"ix":5},"nm":"Transform"}],"nm":"Shape 5","np":3,"cix":2,"bm":0,"ix":4,"mn":"ADBE Vector Group","hd":false},{"ty":"gr","it":[{"ind":0,"ty":"sh","ix":1,"ks":{"a":0,"k":{"i":[[0,0],[-35,26],[40,-9],[17,17]],"o":[[0,0],[35,-26],[-40,9],[-17,-17]],"v":[[-16,18],[-81,3],[-46,41],[-180,-63]],"c":false},"ix":2},"nm":"Path 1","mn":"ADBE Vector Shape - Group","hd":false},{"ty":"st","c":{"a":0,"k":[1,1,0.25,1],"ix":3},"o":{"a":1,"k":[{"i":{"x":[0.833],"y":[0.833]},"o":{"x":[0.167],"y":[0.167]},"t":2,"s":[0]},{"t":5,"s":[100]}],"ix":4},"w":{"a":1,"k":[{"i":{"x":[0.7],"y":[1]},"o":{"x":[1],"y":[0]},"t":0,"s":[40]},{"i":{"x":[0.807],"y":[0.771]},"o":{"x":[0.515],"y":[0]},"t":8,"s":[100]},{"i":{"x":[0.102],"y":[0.929]},"o":{"x":[0.227],"y":[0.607]},"t":15,"s":[53.385]},{"i":{"x":[0.647],"y":[1]},"o":{"x":[0.314],"y":[0.01]},"t":28,"s":[15]},{"t":30,"s":[0]}],"ix":5},"lc":2,"lj":1,"ml":4,"bm":0,"nm":"Stroke 1","mn":"ADBE Vector Graphic - Stroke","hd":false},{"ty":"tr","p":{"a":0,"k":[0,0],"ix":2},"a":{"a":0,"k":[0,0],"ix":1},"s":{"a":0,"k":[100,100],"ix":3},"r":{"a":0,"k":0,"ix":6},"o":{"a":0,"k":100,"ix":7},"sk":{"a":0,"k":0,"ix":4},"sa":{"a":0,"k":0,"ix":5},"nm":"Transform"}],"nm":"Shape 4","np":3,"cix":2,"bm":0,"ix":5,"mn":"ADBE Vector Group","hd":false},{"ty":"gr","it":[{"ind":0,"ty":"sh","ix":1,"ks":{"a":0,"k":{"i":[[0,0],[46,19],[73,-80],[3,-2]],"o":[[0,0],[-46,-19],[-73,80],[-3,2]],"v":[[10,33],[-19,107],[40,119],[-150,194]],"c":false},"ix":2},"nm":"Path 1","mn":"ADBE Vector Shape - Group","hd":false},{"ty":"st","c":{"a":0,"k":[1,1,0.25,1],"ix":3},"o":{"a":1,"k":[{"i":{"x":[0.833],"y":[0.833]},"o":{"x":[0.167],"y":[0.167]},"t":3,"s":[0]},{"t":6,"s":[100]}],"ix":4},"w":{"a":1,"k":[{"i":{"x":[0.7],"y":[1]},"o":{"x":[1],"y":[0]},"t":0,"s":[40]},{"i":{"x":[0.807],"y":[0.843]},"o":{"x":[0.515],"y":[0]},"t":8,"s":[100]},{"i":{"x":[0.102],"y":[0.985]},"o":{"x":[0.227],"y":[1.984]},"t":15,"s":[27.535]},{"i":{"x":[0.647],"y":[1]},"o":{"x":[0.314],"y":[0.001]},"t":28,"s":[15]},{"t":30,"s":[0]}],"ix":5},"lc":2,"lj":1,"ml":4,"bm":0,"nm":"Stroke 1","mn":"ADBE Vector Graphic - Stroke","hd":false},{"ty":"tr","p":{"a":0,"k":[0,0],"ix":2},"a":{"a":0,"k":[0,0],"ix":1},"s":{"a":0,"k":[100,100],"ix":3},"r":{"a":0,"k":0,"ix":6},"o":{"a":0,"k":100,"ix":7},"sk":{"a":0,"k":0,"ix":4},"sa":{"a":0,"k":0,"ix":5},"nm":"Transform"}],"nm":"Shape 3","np":3,"cix":2,"bm":0,"ix":6,"mn":"ADBE Vector Group","hd":false},{"ty":"gr","it":[{"ind":0,"ty":"sh","ix":1,"ks":{"a":0,"k":{"i":[[0,0],[18,-37],[-99,-31],[0,0]],"o":[[0,0],[-18,37],[99,31],[0,0]],"v":[[27,8],[93,12],[104,-36],[210,-65]],"c":false},"ix":2},"nm":"Path 1","mn":"ADBE Vector Shape - Group","hd":false},{"ty":"st","c":{"a":0,"k":[1,1,0.25,1],"ix":3},"o":{"a":1,"k":[{"i":{"x":[0.833],"y":[0.833]},"o":{"x":[0.167],"y":[0.167]},"t":1,"s":[0]},{"t":4,"s":[100]}],"ix":4},"w":{"a":1,"k":[{"i":{"x":[0.7],"y":[1]},"o":{"x":[1],"y":[0]},"t":0,"s":[40]},{"i":{"x":[0.807],"y":[0.818]},"o":{"x":[0.515],"y":[0]},"t":8,"s":[100]},{"i":{"x":[0.102],"y":[0.932]},"o":{"x":[0.227],"y":[1.294]},"t":15,"s":[38.818]},{"i":{"x":[0.647],"y":[1]},"o":{"x":[0.314],"y":[0.003]},"t":28,"s":[20]},{"t":30,"s":[0]}],"ix":5},"lc":2,"lj":1,"ml":4,"bm":0,"nm":"Stroke 1","mn":"ADBE Vector Graphic - Stroke","hd":false},{"ty":"tr","p":{"a":0,"k":[0,0],"ix":2},"a":{"a":0,"k":[0,0],"ix":1},"s":{"a":0,"k":[100,100],"ix":3},"r":{"a":0,"k":0,"ix":6},"o":{"a":0,"k":100,"ix":7},"sk":{"a":0,"k":0,"ix":4},"sa":{"a":0,"k":0,"ix":5},"nm":"Transform"}],"nm":"Shape 2","np":3,"cix":2,"bm":0,"ix":7,"mn":"ADBE Vector Group","hd":false},{"ty":"gr","it":[{"ind":0,"ty":"sh","ix":1,"ks":{"a":0,"k":{"i":[[0,0],[-75.056,-33.025],[14.5,13],[-166,74.5]],"o":[[0,0],[12.5,5.5],[-24.483,-21.95],[166,-74.5]],"v":[[4,-6],[36,-84],[17,-58],[157.5,-194]],"c":false},"ix":2},"nm":"Path 1","mn":"ADBE Vector Shape - Group","hd":false},{"ty":"st","c":{"a":0,"k":[1,1,0.25,1],"ix":3},"o":{"a":1,"k":[{"i":{"x":[0.833],"y":[0.833]},"o":{"x":[0.167],"y":[0.167]},"t":2,"s":[0]},{"t":5,"s":[100]}],"ix":4},"w":{"a":1,"k":[{"i":{"x":[0.7],"y":[1]},"o":{"x":[1],"y":[0]},"t":0,"s":[40]},{"i":{"x":[0.807],"y":[0.809]},"o":{"x":[0.515],"y":[0]},"t":8,"s":[100]},{"i":{"x":[0.102],"y":[0.925]},"o":{"x":[0.227],"y":[0.604]},"t":15,"s":[49.661]},{"i":{"x":[0.647],"y":[1]},"o":{"x":[0.314],"y":[0.009]},"t":28,"s":[15]},{"t":30,"s":[0]}],"ix":5},"lc":2,"lj":1,"ml":4,"bm":0,"nm":"Stroke 1","mn":"ADBE Vector Graphic - Stroke","hd":false},{"ty":"tr","p":{"a":0,"k":[0,0],"ix":2},"a":{"a":0,"k":[0,0],"ix":1},"s":{"a":0,"k":[100,100],"ix":3},"r":{"a":0,"k":0,"ix":6},"o":{"a":0,"k":100,"ix":7},"sk":{"a":0,"k":0,"ix":4},"sa":{"a":0,"k":0,"ix":5},"nm":"Transform"}],"nm":"Shape 1","np":3,"cix":2,"bm":0,"ix":8,"mn":"ADBE Vector Group","hd":false},{"ty":"tm","s":{"a":1,"k":[{"i":{"x":[0],"y":[1]},"o":{"x":[0.591],"y":[0]},"t":3,"s":[0]},{"t":30,"s":[100]}],"ix":1},"e":{"a":1,"k":[{"i":{"x":[0],"y":[1]},"o":{"x":[0.992],"y":[0]},"t":0,"s":[0]},{"t":30,"s":[100]}],"ix":2},"o":{"a":0,"k":0,"ix":3},"m":1,"ix":9,"nm":"Trim Paths 1","mn":"ADBE Vector Filter - Trim","hd":false}],"ip":0,"op":60,"st":0,"bm":0},{"ddd":0,"ind":3,"ty":4,"nm":"Shape Layer 6","sr":1,"ks":{"o":{"a":0,"k":100,"ix":11},"r":{"a":0,"k":62,"ix":10},"p":{"a":0,"k":[267,248,0],"ix":2},"a":{"a":0,"k":[0,0,0],"ix":1},"s":{"a":0,"k":[102,102,100],"ix":6}},"ao":0,"shapes":[{"ty":"gr","it":[{"ind":0,"ty":"sh","ix":1,"ks":{"a":0,"k":{"i":[[0,0],[16.569,-6.809],[9.772,-6.908],[16.138,-8.069],[10.849,-6.547],[3,-15.379]],"o":[[-7.144,10.397],[-11.069,4.549],[-14.734,10.415],[-11.333,5.667],[-18,10.862],[0,0]],"v":[[-9,48],[-47,86],[-82,78],[-105,127],[-136,105],[-163,162]],"c":false},"ix":2},"nm":"Path 1","mn":"ADBE Vector Shape - Group","hd":false},{"ty":"st","c":{"a":0,"k":[1,1,1,1],"ix":3},"o":{"a":1,"k":[{"i":{"x":[0.833],"y":[0.833]},"o":{"x":[0.167],"y":[0.167]},"t":1,"s":[0]},{"t":4,"s":[100]}],"ix":4},"w":{"a":1,"k":[{"i":{"x":[0.7],"y":[1]},"o":{"x":[1],"y":[0]},"t":0,"s":[35]},{"i":{"x":[0.807],"y":[0.904]},"o":{"x":[0.515],"y":[0]},"t":8,"s":[96]},{"i":{"x":[0.076],"y":[1]},"o":{"x":[0.208],"y":[1.329]},"t":13,"s":[20]},{"t":30,"s":[0]}],"ix":5},"lc":2,"lj":1,"ml":4,"bm":0,"nm":"Stroke 1","mn":"ADBE Vector Graphic - Stroke","hd":false},{"ty":"tr","p":{"a":0,"k":[0,0],"ix":2},"a":{"a":0,"k":[0,0],"ix":1},"s":{"a":0,"k":[100,100],"ix":3},"r":{"a":0,"k":0,"ix":6},"o":{"a":0,"k":100,"ix":7},"sk":{"a":0,"k":0,"ix":4},"sa":{"a":0,"k":0,"ix":5},"nm":"Transform"}],"nm":"Shape 8","np":3,"cix":2,"bm":0,"ix":1,"mn":"ADBE Vector Group","hd":false},{"ty":"gr","it":[{"ind":0,"ty":"sh","ix":1,"ks":{"a":0,"k":{"i":[[0,0],[-3.755,-3.318],[-15.526,-3.881],[0.871,-11.762],[-10.988,-16.325],[-18.326,-8.815],[-10.882,-9.305],[-10.919,-14.636],[4.203,-10.487]],"o":[[3.748,-1.439],[11.992,10.597],[11.442,2.861],[-1.454,19.624],[11.355,16.871],[12.903,6.206],[13.879,11.867],[8.608,11.538],[0,0]],"v":[[58,44],[73,43],[101,82],[125,56],[99,109],[160,108],[178,147],[229,167],[225,210]],"c":false},"ix":2},"nm":"Path 1","mn":"ADBE Vector Shape - Group","hd":false},{"ty":"st","c":{"a":0,"k":[1,1,1,1],"ix":3},"o":{"a":1,"k":[{"i":{"x":[0.833],"y":[0.833]},"o":{"x":[0.167],"y":[0.167]},"t":2,"s":[0]},{"t":5,"s":[100]}],"ix":4},"w":{"a":1,"k":[{"i":{"x":[0.7],"y":[1]},"o":{"x":[1],"y":[0]},"t":0,"s":[35]},{"i":{"x":[0.807],"y":[0.894]},"o":{"x":[0.515],"y":[0]},"t":8,"s":[96]},{"i":{"x":[0.076],"y":[1]},"o":{"x":[0.208],"y":[1.47]},"t":13,"s":[20]},{"t":30,"s":[0]}],"ix":5},"lc":2,"lj":1,"ml":4,"bm":0,"nm":"Stroke 1","mn":"ADBE Vector Graphic - Stroke","hd":false},{"ty":"tr","p":{"a":0,"k":[-3.548,-14.628],"ix":2},"a":{"a":0,"k":[0,0],"ix":1},"s":{"a":0,"k":[100,100],"ix":3},"r":{"a":0,"k":0,"ix":6},"o":{"a":0,"k":100,"ix":7},"sk":{"a":0,"k":0,"ix":4},"sa":{"a":0,"k":0,"ix":5},"nm":"Transform"}],"nm":"Shape 7","np":3,"cix":2,"bm":0,"ix":2,"mn":"ADBE Vector Group","hd":false},{"ty":"gr","it":[{"ind":0,"ty":"sh","ix":1,"ks":{"a":0,"k":{"i":[[0,0],[-7.279,-3.639],[-5.3,6.986],[-16.694,9.665],[-2.557,-14.705],[-4.26,12.354],[-24.647,20.704],[-8.765,10.053],[-5.358,19.097]],"o":[[4.24,-5.88],[7.843,3.921],[11.659,-15.368],[12.917,-7.478],[2.239,12.875],[10.493,-30.43],[10.213,-8.579],[18.927,-21.71],[0,0]],"v":[[90,-80],[110,-94],[114,-68],[132,-123],[171,-101],[140,-77],[191,-159],[190,-119],[225,-198]],"c":false},"ix":2},"nm":"Path 1","mn":"ADBE Vector Shape - Group","hd":false},{"ty":"st","c":{"a":0,"k":[1,1,1,1],"ix":3},"o":{"a":1,"k":[{"i":{"x":[0.833],"y":[0.833]},"o":{"x":[0.167],"y":[0.167]},"t":1,"s":[0]},{"t":4,"s":[100]}],"ix":4},"w":{"a":1,"k":[{"i":{"x":[0.7],"y":[1]},"o":{"x":[1],"y":[0]},"t":0,"s":[35]},{"i":{"x":[0.807],"y":[0.892]},"o":{"x":[0.515],"y":[0]},"t":8,"s":[94]},{"i":{"x":[0.076],"y":[1]},"o":{"x":[0.208],"y":[1.454]},"t":13,"s":[20]},{"t":30,"s":[0]}],"ix":5},"lc":2,"lj":1,"ml":4,"bm":0,"nm":"Stroke 1","mn":"ADBE Vector Graphic - Stroke","hd":false},{"ty":"tr","p":{"a":0,"k":[-60.96,59.17],"ix":2},"a":{"a":0,"k":[0,0],"ix":1},"s":{"a":0,"k":[100,100],"ix":3},"r":{"a":0,"k":0,"ix":6},"o":{"a":0,"k":100,"ix":7},"sk":{"a":0,"k":0,"ix":4},"sa":{"a":0,"k":0,"ix":5},"nm":"Transform"}],"nm":"Shape 6","np":3,"cix":2,"bm":0,"ix":3,"mn":"ADBE Vector Group","hd":false},{"ty":"gr","it":[{"ind":0,"ty":"sh","ix":1,"ks":{"a":0,"k":{"i":[[0,0],[14,-20],[-28,14],[4,0],[28,26],[-11,13]],"o":[[0,0],[-14,20],[28,-14],[-4,0],[-28,-26],[11,-13]],"v":[[-27,-21],[-53,-54],[-86,-72],[-110,-110],[-161,-114],[-182,-182]],"c":false},"ix":2},"nm":"Path 1","mn":"ADBE Vector Shape - Group","hd":false},{"ty":"st","c":{"a":0,"k":[1,1,1,1],"ix":3},"o":{"a":1,"k":[{"i":{"x":[0.833],"y":[0.833]},"o":{"x":[0.167],"y":[0.167]},"t":0,"s":[0]},{"t":3,"s":[100]}],"ix":4},"w":{"a":1,"k":[{"i":{"x":[0.7],"y":[1]},"o":{"x":[1],"y":[0]},"t":0,"s":[35]},{"i":{"x":[0.807],"y":[0.907]},"o":{"x":[0.515],"y":[0]},"t":8,"s":[100]},{"i":{"x":[0.076],"y":[1]},"o":{"x":[0.208],"y":[1.36]},"t":13,"s":[20]},{"t":30,"s":[0]}],"ix":5},"lc":2,"lj":1,"ml":4,"bm":0,"nm":"Stroke 1","mn":"ADBE Vector Graphic - Stroke","hd":false},{"ty":"tr","p":{"a":0,"k":[0,0],"ix":2},"a":{"a":0,"k":[0,0],"ix":1},"s":{"a":0,"k":[100,100],"ix":3},"r":{"a":0,"k":0,"ix":6},"o":{"a":0,"k":100,"ix":7},"sk":{"a":0,"k":0,"ix":4},"sa":{"a":0,"k":0,"ix":5},"nm":"Transform"}],"nm":"Shape 5","np":3,"cix":2,"bm":0,"ix":4,"mn":"ADBE Vector Group","hd":false},{"ty":"gr","it":[{"ind":0,"ty":"sh","ix":1,"ks":{"a":0,"k":{"i":[[0,0],[-35,26],[40,-9],[17,17]],"o":[[0,0],[35,-26],[-40,9],[-17,-17]],"v":[[-16,18],[-81,3],[-46,41],[-180,-63]],"c":false},"ix":2},"nm":"Path 1","mn":"ADBE Vector Shape - Group","hd":false},{"ty":"st","c":{"a":0,"k":[1,1,1,1],"ix":3},"o":{"a":1,"k":[{"i":{"x":[0.833],"y":[0.833]},"o":{"x":[0.167],"y":[0.167]},"t":2,"s":[0]},{"t":5,"s":[100]}],"ix":4},"w":{"a":1,"k":[{"i":{"x":[0.7],"y":[1]},"o":{"x":[1],"y":[0]},"t":0,"s":[35]},{"i":{"x":[0.807],"y":[0.905]},"o":{"x":[0.515],"y":[0]},"t":8,"s":[100]},{"i":{"x":[0.076],"y":[1]},"o":{"x":[0.208],"y":[1.391]},"t":13,"s":[20]},{"t":30,"s":[0]}],"ix":5},"lc":2,"lj":1,"ml":4,"bm":0,"nm":"Stroke 1","mn":"ADBE Vector Graphic - Stroke","hd":false},{"ty":"tr","p":{"a":0,"k":[0,0],"ix":2},"a":{"a":0,"k":[0,0],"ix":1},"s":{"a":0,"k":[100,100],"ix":3},"r":{"a":0,"k":0,"ix":6},"o":{"a":0,"k":100,"ix":7},"sk":{"a":0,"k":0,"ix":4},"sa":{"a":0,"k":0,"ix":5},"nm":"Transform"}],"nm":"Shape 4","np":3,"cix":2,"bm":0,"ix":5,"mn":"ADBE Vector Group","hd":false},{"ty":"gr","it":[{"ind":0,"ty":"sh","ix":1,"ks":{"a":0,"k":{"i":[[0,0],[46,19],[73,-80],[3,-2]],"o":[[0,0],[-46,-19],[-73,80],[-3,2]],"v":[[10,33],[-19,107],[40,119],[-150,194]],"c":false},"ix":2},"nm":"Path 1","mn":"ADBE Vector Shape - Group","hd":false},{"ty":"st","c":{"a":0,"k":[1,1,1,1],"ix":3},"o":{"a":1,"k":[{"i":{"x":[0.833],"y":[0.833]},"o":{"x":[0.167],"y":[0.167]},"t":1,"s":[0]},{"t":4,"s":[100]}],"ix":4},"w":{"a":1,"k":[{"i":{"x":[0.7],"y":[1]},"o":{"x":[1],"y":[0]},"t":0,"s":[35]},{"i":{"x":[0.807],"y":[0.898]},"o":{"x":[0.515],"y":[0]},"t":8,"s":[100]},{"i":{"x":[0.076],"y":[1]},"o":{"x":[0.208],"y":[1.485]},"t":13,"s":[20]},{"t":30,"s":[0]}],"ix":5},"lc":2,"lj":1,"ml":4,"bm":0,"nm":"Stroke 1","mn":"ADBE Vector Graphic - Stroke","hd":false},{"ty":"tr","p":{"a":0,"k":[0,0],"ix":2},"a":{"a":0,"k":[0,0],"ix":1},"s":{"a":0,"k":[100,100],"ix":3},"r":{"a":0,"k":0,"ix":6},"o":{"a":0,"k":100,"ix":7},"sk":{"a":0,"k":0,"ix":4},"sa":{"a":0,"k":0,"ix":5},"nm":"Transform"}],"nm":"Shape 3","np":3,"cix":2,"bm":0,"ix":6,"mn":"ADBE Vector Group","hd":false},{"ty":"gr","it":[{"ind":0,"ty":"sh","ix":1,"ks":{"a":0,"k":{"i":[[0,0],[18,-37],[-99,-31],[0,0]],"o":[[0,0],[-18,37],[99,31],[0,0]],"v":[[27,8],[93,12],[104,-36],[210,-65]],"c":false},"ix":2},"nm":"Path 1","mn":"ADBE Vector Shape - Group","hd":false},{"ty":"st","c":{"a":0,"k":[1,1,1,1],"ix":3},"o":{"a":1,"k":[{"i":{"x":[0.833],"y":[0.833]},"o":{"x":[0.167],"y":[0.167]},"t":0,"s":[0]},{"t":3,"s":[100]}],"ix":4},"w":{"a":1,"k":[{"i":{"x":[0.7],"y":[1]},"o":{"x":[1],"y":[0]},"t":0,"s":[35]},{"i":{"x":[0.807],"y":[0.9]},"o":{"x":[0.515],"y":[0]},"t":8,"s":[100]},{"i":{"x":[0.076],"y":[1]},"o":{"x":[0.208],"y":[1.454]},"t":13,"s":[20]},{"t":30,"s":[0]}],"ix":5},"lc":2,"lj":1,"ml":4,"bm":0,"nm":"Stroke 1","mn":"ADBE Vector Graphic - Stroke","hd":false},{"ty":"tr","p":{"a":0,"k":[0,0],"ix":2},"a":{"a":0,"k":[0,0],"ix":1},"s":{"a":0,"k":[100,100],"ix":3},"r":{"a":0,"k":0,"ix":6},"o":{"a":0,"k":100,"ix":7},"sk":{"a":0,"k":0,"ix":4},"sa":{"a":0,"k":0,"ix":5},"nm":"Transform"}],"nm":"Shape 2","np":3,"cix":2,"bm":0,"ix":7,"mn":"ADBE Vector Group","hd":false},{"ty":"gr","it":[{"ind":0,"ty":"sh","ix":1,"ks":{"a":0,"k":{"i":[[0,0],[-75.056,-33.025],[14.5,13],[-166,74.5]],"o":[[0,0],[12.5,5.5],[-24.483,-21.95],[166,-74.5]],"v":[[4,-6],[36,-84],[17,-58],[157.5,-194]],"c":false},"ix":2},"nm":"Path 1","mn":"ADBE Vector Shape - Group","hd":false},{"ty":"st","c":{"a":0,"k":[1,1,1,1],"ix":3},"o":{"a":1,"k":[{"i":{"x":[0.833],"y":[0.833]},"o":{"x":[0.167],"y":[0.167]},"t":1,"s":[0]},{"t":4,"s":[100]}],"ix":4},"w":{"a":1,"k":[{"i":{"x":[0.7],"y":[1]},"o":{"x":[1],"y":[0]},"t":0,"s":[35]},{"i":{"x":[0.807],"y":[0.914]},"o":{"x":[0.515],"y":[0]},"t":8,"s":[100]},{"i":{"x":[0.076],"y":[1]},"o":{"x":[0.208],"y":[1.251]},"t":13,"s":[20]},{"t":30,"s":[0]}],"ix":5},"lc":2,"lj":1,"ml":4,"bm":0,"nm":"Stroke 1","mn":"ADBE Vector Graphic - Stroke","hd":false},{"ty":"tr","p":{"a":0,"k":[0,0],"ix":2},"a":{"a":0,"k":[0,0],"ix":1},"s":{"a":0,"k":[100,100],"ix":3},"r":{"a":0,"k":0,"ix":6},"o":{"a":0,"k":100,"ix":7},"sk":{"a":0,"k":0,"ix":4},"sa":{"a":0,"k":0,"ix":5},"nm":"Transform"}],"nm":"Shape 1","np":3,"cix":2,"bm":0,"ix":8,"mn":"ADBE Vector Group","hd":false},{"ty":"tm","s":{"a":1,"k":[{"i":{"x":[0],"y":[1]},"o":{"x":[0.591],"y":[0]},"t":7,"s":[0]},{"t":30,"s":[100]}],"ix":1},"e":{"a":1,"k":[{"i":{"x":[0],"y":[1]},"o":{"x":[0.992],"y":[0]},"t":0,"s":[0]},{"t":30,"s":[100]}],"ix":2},"o":{"a":0,"k":0,"ix":3},"m":1,"ix":9,"nm":"Trim Paths 1","mn":"ADBE Vector Filter - Trim","hd":false}],"ip":0,"op":60,"st":0,"bm":0},{"ddd":0,"ind":4,"ty":4,"nm":"Shape Layer 13","sr":1,"ks":{"o":{"a":0,"k":100,"ix":11},"r":{"a":0,"k":0,"ix":10},"p":{"a":0,"k":[267,245,0],"ix":2},"a":{"a":0,"k":[0,0,0],"ix":1},"s":{"a":0,"k":[37,37,100],"ix":6}},"ao":0,"shapes":[{"ty":"gr","it":[{"ind":0,"ty":"sh","ix":1,"ks":{"a":0,"k":{"i":[[0,0],[16.569,-6.809],[9.772,-6.908],[16.138,-8.069],[10.849,-6.547],[3,-15.379]],"o":[[-7.144,10.397],[-11.069,4.549],[-14.734,10.415],[-11.333,5.667],[-18,10.862],[0,0]],"v":[[-9,48],[-47,86],[-82,78],[-105,127],[-136,105],[-163,162]],"c":false},"ix":2},"nm":"Path 1","mn":"ADBE Vector Shape - Group","hd":false},{"ty":"st","c":{"a":0,"k":[1,1,1,1],"ix":3},"o":{"a":0,"k":100,"ix":4},"w":{"a":1,"k":[{"i":{"x":[0.198],"y":[1]},"o":{"x":[0.536],"y":[0]},"t":2,"s":[25]},{"i":{"x":[0],"y":[1]},"o":{"x":[0.445],"y":[0]},"t":12,"s":[50]},{"t":32,"s":[0]}],"ix":5},"lc":2,"lj":1,"ml":4,"bm":0,"nm":"Stroke 1","mn":"ADBE Vector Graphic - Stroke","hd":false},{"ty":"tr","p":{"a":0,"k":[-3.333,-15.833],"ix":2},"a":{"a":0,"k":[0,0],"ix":1},"s":{"a":0,"k":[100,100],"ix":3},"r":{"a":0,"k":0,"ix":6},"o":{"a":0,"k":100,"ix":7},"sk":{"a":0,"k":0,"ix":4},"sa":{"a":0,"k":0,"ix":5},"nm":"Transform"}],"nm":"Shape 8","np":3,"cix":2,"bm":0,"ix":1,"mn":"ADBE Vector Group","hd":false},{"ty":"gr","it":[{"ind":0,"ty":"sh","ix":1,"ks":{"a":0,"k":{"i":[[0,0],[-3.755,-3.318],[-15.526,-3.881],[0.871,-11.762],[-10.988,-16.325],[-18.326,-8.815],[-10.882,-9.305],[-10.919,-14.636],[4.203,-10.487]],"o":[[3.748,-1.439],[11.992,10.597],[11.442,2.861],[-1.454,19.624],[11.355,16.871],[12.903,6.206],[13.879,11.867],[8.608,11.538],[0,0]],"v":[[58,44],[73,43],[101,82],[125,56],[99,109],[160,108],[178,147],[229,167],[225,210]],"c":false},"ix":2},"nm":"Path 1","mn":"ADBE Vector Shape - Group","hd":false},{"ty":"st","c":{"a":0,"k":[1,1,1,1],"ix":3},"o":{"a":0,"k":100,"ix":4},"w":{"a":1,"k":[{"i":{"x":[0.198],"y":[1]},"o":{"x":[0.536],"y":[0]},"t":2,"s":[25]},{"i":{"x":[0],"y":[1]},"o":{"x":[0.445],"y":[0]},"t":12,"s":[50]},{"t":32,"s":[0]}],"ix":5},"lc":2,"lj":1,"ml":4,"bm":0,"nm":"Stroke 1","mn":"ADBE Vector Graphic - Stroke","hd":false},{"ty":"tr","p":{"a":0,"k":[-40.667,-19.667],"ix":2},"a":{"a":0,"k":[0,0],"ix":1},"s":{"a":0,"k":[100,100],"ix":3},"r":{"a":0,"k":0,"ix":6},"o":{"a":0,"k":100,"ix":7},"sk":{"a":0,"k":0,"ix":4},"sa":{"a":0,"k":0,"ix":5},"nm":"Transform"}],"nm":"Shape 7","np":3,"cix":2,"bm":0,"ix":2,"mn":"ADBE Vector Group","hd":false},{"ty":"gr","it":[{"ind":0,"ty":"sh","ix":1,"ks":{"a":0,"k":{"i":[[0,0],[-7.279,-3.639],[-5.3,6.986],[-16.694,9.665],[-2.557,-14.705],[-4.26,12.354],[-24.647,20.704],[-8.765,10.053],[-5.358,19.097]],"o":[[4.24,-5.88],[7.843,3.921],[11.659,-15.368],[12.917,-7.478],[2.239,12.875],[10.493,-30.43],[10.213,-8.579],[18.927,-21.71],[0,0]],"v":[[90,-80],[110,-94],[114,-68],[132,-123],[171,-101],[140,-77],[191,-159],[190,-119],[225,-198]],"c":false},"ix":2},"nm":"Path 1","mn":"ADBE Vector Shape - Group","hd":false},{"ty":"st","c":{"a":0,"k":[1,1,1,1],"ix":3},"o":{"a":0,"k":100,"ix":4},"w":{"a":1,"k":[{"i":{"x":[0.198],"y":[1]},"o":{"x":[0.536],"y":[0]},"t":2,"s":[25]},{"i":{"x":[0],"y":[1]},"o":{"x":[0.445],"y":[0]},"t":12,"s":[50]},{"t":32,"s":[0]}],"ix":5},"lc":2,"lj":1,"ml":4,"bm":0,"nm":"Stroke 1","mn":"ADBE Vector Graphic - Stroke","hd":false},{"ty":"tr","p":{"a":0,"k":[-84.432,85.39],"ix":2},"a":{"a":0,"k":[0,0],"ix":1},"s":{"a":0,"k":[100,100],"ix":3},"r":{"a":0,"k":0,"ix":6},"o":{"a":0,"k":100,"ix":7},"sk":{"a":0,"k":0,"ix":4},"sa":{"a":0,"k":0,"ix":5},"nm":"Transform"}],"nm":"Shape 6","np":3,"cix":2,"bm":0,"ix":3,"mn":"ADBE Vector Group","hd":false},{"ty":"gr","it":[{"ind":0,"ty":"sh","ix":1,"ks":{"a":0,"k":{"i":[[0,0],[14,-20],[-28,14],[4,0],[28,26],[-11,13]],"o":[[0,0],[-14,20],[28,-14],[-4,0],[-28,-26],[11,-13]],"v":[[-27,-21],[-53,-54],[-86,-72],[-110,-110],[-161,-114],[-182,-182]],"c":false},"ix":2},"nm":"Path 1","mn":"ADBE Vector Shape - Group","hd":false},{"ty":"st","c":{"a":0,"k":[1,1,1,1],"ix":3},"o":{"a":0,"k":100,"ix":4},"w":{"a":1,"k":[{"i":{"x":[0.198],"y":[1]},"o":{"x":[0.536],"y":[0]},"t":2,"s":[25]},{"i":{"x":[0],"y":[1]},"o":{"x":[0.445],"y":[0]},"t":12,"s":[50]},{"t":32,"s":[0]}],"ix":5},"lc":2,"lj":1,"ml":4,"bm":0,"nm":"Stroke 1","mn":"ADBE Vector Graphic - Stroke","hd":false},{"ty":"tr","p":{"a":0,"k":[19.167,20.833],"ix":2},"a":{"a":0,"k":[0,0],"ix":1},"s":{"a":0,"k":[100,100],"ix":3},"r":{"a":0,"k":0,"ix":6},"o":{"a":0,"k":100,"ix":7},"sk":{"a":0,"k":0,"ix":4},"sa":{"a":0,"k":0,"ix":5},"nm":"Transform"}],"nm":"Shape 5","np":3,"cix":2,"bm":0,"ix":4,"mn":"ADBE Vector Group","hd":false},{"ty":"gr","it":[{"ind":0,"ty":"sh","ix":1,"ks":{"a":0,"k":{"i":[[0,0],[-35,26],[40,-9],[17,17]],"o":[[0,0],[35,-26],[-40,9],[-17,-17]],"v":[[-16,18],[-81,3],[-46,41],[-180,-63]],"c":false},"ix":2},"nm":"Path 1","mn":"ADBE Vector Shape - Group","hd":false},{"ty":"st","c":{"a":0,"k":[1,1,1,1],"ix":3},"o":{"a":0,"k":100,"ix":4},"w":{"a":1,"k":[{"i":{"x":[0.198],"y":[1]},"o":{"x":[0.536],"y":[0]},"t":2,"s":[25]},{"i":{"x":[0],"y":[1]},"o":{"x":[0.445],"y":[0]},"t":12,"s":[50]},{"t":32,"s":[0]}],"ix":5},"lc":2,"lj":1,"ml":4,"bm":0,"nm":"Stroke 1","mn":"ADBE Vector Graphic - Stroke","hd":false},{"ty":"tr","p":{"a":0,"k":[2.667,-0.167],"ix":2},"a":{"a":0,"k":[0,0],"ix":1},"s":{"a":0,"k":[100,100],"ix":3},"r":{"a":0,"k":0,"ix":6},"o":{"a":0,"k":100,"ix":7},"sk":{"a":0,"k":0,"ix":4},"sa":{"a":0,"k":0,"ix":5},"nm":"Transform"}],"nm":"Shape 4","np":3,"cix":2,"bm":0,"ix":5,"mn":"ADBE Vector Group","hd":false},{"ty":"gr","it":[{"ind":0,"ty":"sh","ix":1,"ks":{"a":0,"k":{"i":[[0,0],[46,19],[73,-80],[3,-2]],"o":[[0,0],[-46,-19],[-73,80],[-3,2]],"v":[[10,33],[-19,107],[40,119],[-150,194]],"c":false},"ix":2},"nm":"Path 1","mn":"ADBE Vector Shape - Group","hd":false},{"ty":"st","c":{"a":0,"k":[1,1,1,1],"ix":3},"o":{"a":0,"k":100,"ix":4},"w":{"a":1,"k":[{"i":{"x":[0.198],"y":[1]},"o":{"x":[0.536],"y":[0]},"t":2,"s":[25]},{"i":{"x":[0],"y":[1]},"o":{"x":[0.445],"y":[0]},"t":12,"s":[50]},{"t":32,"s":[0]}],"ix":5},"lc":2,"lj":1,"ml":4,"bm":0,"nm":"Stroke 1","mn":"ADBE Vector Graphic - Stroke","hd":false},{"ty":"tr","p":{"a":0,"k":[-4.333,-6],"ix":2},"a":{"a":0,"k":[0,0],"ix":1},"s":{"a":0,"k":[100,100],"ix":3},"r":{"a":0,"k":0,"ix":6},"o":{"a":0,"k":100,"ix":7},"sk":{"a":0,"k":0,"ix":4},"sa":{"a":0,"k":0,"ix":5},"nm":"Transform"}],"nm":"Shape 3","np":3,"cix":2,"bm":0,"ix":6,"mn":"ADBE Vector Group","hd":false},{"ty":"gr","it":[{"ind":0,"ty":"sh","ix":1,"ks":{"a":0,"k":{"i":[[0,0],[18,-37],[-99,-31],[0,0]],"o":[[0,0],[-18,37],[99,31],[0,0]],"v":[[27,8],[93,12],[104,-36],[210,-65]],"c":false},"ix":2},"nm":"Path 1","mn":"ADBE Vector Shape - Group","hd":false},{"ty":"st","c":{"a":0,"k":[1,1,1,1],"ix":3},"o":{"a":0,"k":100,"ix":4},"w":{"a":1,"k":[{"i":{"x":[0.198],"y":[1]},"o":{"x":[0.536],"y":[0]},"t":2,"s":[25]},{"i":{"x":[0],"y":[1]},"o":{"x":[0.445],"y":[0]},"t":12,"s":[50]},{"t":32,"s":[0]}],"ix":5},"lc":2,"lj":1,"ml":4,"bm":0,"nm":"Stroke 1","mn":"ADBE Vector Graphic - Stroke","hd":false},{"ty":"tr","p":{"a":0,"k":[-7.5,0],"ix":2},"a":{"a":0,"k":[0,0],"ix":1},"s":{"a":0,"k":[100,100],"ix":3},"r":{"a":0,"k":0,"ix":6},"o":{"a":0,"k":100,"ix":7},"sk":{"a":0,"k":0,"ix":4},"sa":{"a":0,"k":0,"ix":5},"nm":"Transform"}],"nm":"Shape 2","np":3,"cix":2,"bm":0,"ix":7,"mn":"ADBE Vector Group","hd":false},{"ty":"gr","it":[{"ind":0,"ty":"sh","ix":1,"ks":{"a":0,"k":{"i":[[0,0],[-75.056,-33.025],[14.5,13],[-166,74.5]],"o":[[0,0],[12.5,5.5],[-24.483,-21.95],[166,-74.5]],"v":[[4,-6],[36,-84],[17,-58],[157.5,-194]],"c":false},"ix":2},"nm":"Path 1","mn":"ADBE Vector Shape - Group","hd":false},{"ty":"st","c":{"a":0,"k":[1,1,1,1],"ix":3},"o":{"a":0,"k":100,"ix":4},"w":{"a":1,"k":[{"i":{"x":[0.198],"y":[1]},"o":{"x":[0.536],"y":[0]},"t":2,"s":[25]},{"i":{"x":[0],"y":[1]},"o":{"x":[0.445],"y":[0]},"t":12,"s":[50]},{"t":32,"s":[0]}],"ix":5},"lc":2,"lj":1,"ml":4,"bm":0,"nm":"Stroke 1","mn":"ADBE Vector Graphic - Stroke","hd":false},{"ty":"tr","p":{"a":0,"k":[-0.5,0],"ix":2},"a":{"a":0,"k":[0,0],"ix":1},"s":{"a":0,"k":[100,100],"ix":3},"r":{"a":0,"k":0,"ix":6},"o":{"a":0,"k":100,"ix":7},"sk":{"a":0,"k":0,"ix":4},"sa":{"a":0,"k":0,"ix":5},"nm":"Transform"}],"nm":"Shape 1","np":3,"cix":2,"bm":0,"ix":8,"mn":"ADBE Vector Group","hd":false},{"ty":"tm","s":{"a":1,"k":[{"i":{"x":[0],"y":[1]},"o":{"x":[0.591],"y":[0]},"t":5,"s":[0]},{"t":32,"s":[100]}],"ix":1},"e":{"a":1,"k":[{"i":{"x":[0],"y":[1]},"o":{"x":[0.992],"y":[0]},"t":2,"s":[0]},{"t":32,"s":[100]}],"ix":2},"o":{"a":0,"k":0,"ix":3},"m":1,"ix":9,"nm":"Trim Paths 1","mn":"ADBE Vector Filter - Trim","hd":false}],"ip":2,"op":62,"st":2,"bm":0},{"ddd":0,"ind":5,"ty":4,"nm":"Shape Layer 14","sr":1,"ks":{"o":{"a":0,"k":100,"ix":11},"r":{"a":0,"k":36,"ix":10},"p":{"a":0,"k":[268,246,0],"ix":2},"a":{"a":0,"k":[0,0,0],"ix":1},"s":{"a":0,"k":[58,58,100],"ix":6}},"ao":0,"shapes":[{"ty":"gr","it":[{"ind":0,"ty":"sh","ix":1,"ks":{"a":0,"k":{"i":[[0,0],[16.569,-6.809],[9.772,-6.908],[16.138,-8.069],[10.849,-6.547],[3,-15.379]],"o":[[-7.144,10.397],[-11.069,4.549],[-14.734,10.415],[-11.333,5.667],[-18,10.862],[0,0]],"v":[[-9,48],[-47,86],[-82,78],[-105,127],[-136,105],[-163,162]],"c":false},"ix":2},"nm":"Path 1","mn":"ADBE Vector Shape - Group","hd":false},{"ty":"st","c":{"a":0,"k":[1,1,0.643137254902,1],"ix":3},"o":{"a":0,"k":100,"ix":4},"w":{"a":1,"k":[{"i":{"x":[0.198],"y":[1]},"o":{"x":[0.536],"y":[0]},"t":4,"s":[15]},{"i":{"x":[0],"y":[1]},"o":{"x":[0.445],"y":[0]},"t":10,"s":[25]},{"t":34,"s":[0]}],"ix":5},"lc":2,"lj":1,"ml":4,"bm":0,"nm":"Stroke 1","mn":"ADBE Vector Graphic - Stroke","hd":false},{"ty":"tr","p":{"a":0,"k":[-3.333,-15.833],"ix":2},"a":{"a":0,"k":[0,0],"ix":1},"s":{"a":0,"k":[100,100],"ix":3},"r":{"a":0,"k":0,"ix":6},"o":{"a":0,"k":100,"ix":7},"sk":{"a":0,"k":0,"ix":4},"sa":{"a":0,"k":0,"ix":5},"nm":"Transform"}],"nm":"Shape 8","np":3,"cix":2,"bm":0,"ix":1,"mn":"ADBE Vector Group","hd":false},{"ty":"gr","it":[{"ind":0,"ty":"sh","ix":1,"ks":{"a":0,"k":{"i":[[0,0],[-3.755,-3.318],[-15.526,-3.881],[0.871,-11.762],[-10.988,-16.325],[-18.326,-8.815],[-10.882,-9.305],[-10.919,-14.636],[4.203,-10.487]],"o":[[3.748,-1.439],[11.992,10.597],[11.442,2.861],[-1.454,19.624],[11.355,16.871],[12.903,6.206],[13.879,11.867],[8.608,11.538],[0,0]],"v":[[58,44],[73,43],[101,82],[125,56],[99,109],[160,108],[178,147],[229,167],[225,210]],"c":false},"ix":2},"nm":"Path 1","mn":"ADBE Vector Shape - Group","hd":false},{"ty":"st","c":{"a":0,"k":[1,1,0.643137254902,1],"ix":3},"o":{"a":0,"k":100,"ix":4},"w":{"a":1,"k":[{"i":{"x":[0.198],"y":[1]},"o":{"x":[0.536],"y":[0]},"t":4,"s":[15]},{"i":{"x":[0],"y":[1]},"o":{"x":[0.445],"y":[0]},"t":10,"s":[25]},{"t":34,"s":[0]}],"ix":5},"lc":2,"lj":1,"ml":4,"bm":0,"nm":"Stroke 1","mn":"ADBE Vector Graphic - Stroke","hd":false},{"ty":"tr","p":{"a":0,"k":[-40.667,-19.667],"ix":2},"a":{"a":0,"k":[0,0],"ix":1},"s":{"a":0,"k":[100,100],"ix":3},"r":{"a":0,"k":0,"ix":6},"o":{"a":0,"k":100,"ix":7},"sk":{"a":0,"k":0,"ix":4},"sa":{"a":0,"k":0,"ix":5},"nm":"Transform"}],"nm":"Shape 7","np":3,"cix":2,"bm":0,"ix":2,"mn":"ADBE Vector Group","hd":false},{"ty":"gr","it":[{"ind":0,"ty":"sh","ix":1,"ks":{"a":0,"k":{"i":[[0,0],[-7.279,-3.639],[-5.3,6.986],[-16.694,9.665],[-2.557,-14.705],[-4.26,12.354],[-24.647,20.704],[-8.765,10.053],[-5.358,19.097]],"o":[[4.24,-5.88],[7.843,3.921],[11.659,-15.368],[12.917,-7.478],[2.239,12.875],[10.493,-30.43],[10.213,-8.579],[18.927,-21.71],[0,0]],"v":[[90,-80],[110,-94],[114,-68],[132,-123],[171,-101],[140,-77],[191,-159],[190,-119],[225,-198]],"c":false},"ix":2},"nm":"Path 1","mn":"ADBE Vector Shape - Group","hd":false},{"ty":"st","c":{"a":0,"k":[1,1,0.643137254902,1],"ix":3},"o":{"a":0,"k":100,"ix":4},"w":{"a":1,"k":[{"i":{"x":[0.198],"y":[1]},"o":{"x":[0.536],"y":[0]},"t":4,"s":[15]},{"i":{"x":[0],"y":[1]},"o":{"x":[0.445],"y":[0]},"t":10,"s":[25]},{"t":34,"s":[0]}],"ix":5},"lc":2,"lj":1,"ml":4,"bm":0,"nm":"Stroke 1","mn":"ADBE Vector Graphic - Stroke","hd":false},{"ty":"tr","p":{"a":0,"k":[-84.432,85.39],"ix":2},"a":{"a":0,"k":[0,0],"ix":1},"s":{"a":0,"k":[100,100],"ix":3},"r":{"a":0,"k":0,"ix":6},"o":{"a":0,"k":100,"ix":7},"sk":{"a":0,"k":0,"ix":4},"sa":{"a":0,"k":0,"ix":5},"nm":"Transform"}],"nm":"Shape 6","np":3,"cix":2,"bm":0,"ix":3,"mn":"ADBE Vector Group","hd":false},{"ty":"gr","it":[{"ind":0,"ty":"sh","ix":1,"ks":{"a":0,"k":{"i":[[0,0],[14,-20],[-28,14],[4,0],[28,26],[-11,13]],"o":[[0,0],[-14,20],[28,-14],[-4,0],[-28,-26],[11,-13]],"v":[[-27,-21],[-53,-54],[-86,-72],[-110,-110],[-161,-114],[-182,-182]],"c":false},"ix":2},"nm":"Path 1","mn":"ADBE Vector Shape - Group","hd":false},{"ty":"st","c":{"a":0,"k":[1,1,0.643137254902,1],"ix":3},"o":{"a":0,"k":100,"ix":4},"w":{"a":1,"k":[{"i":{"x":[0.198],"y":[1]},"o":{"x":[0.536],"y":[0]},"t":4,"s":[15]},{"i":{"x":[0],"y":[1]},"o":{"x":[0.445],"y":[0]},"t":10,"s":[25]},{"t":34,"s":[0]}],"ix":5},"lc":2,"lj":1,"ml":4,"bm":0,"nm":"Stroke 1","mn":"ADBE Vector Graphic - Stroke","hd":false},{"ty":"tr","p":{"a":0,"k":[19.167,20.833],"ix":2},"a":{"a":0,"k":[0,0],"ix":1},"s":{"a":0,"k":[100,100],"ix":3},"r":{"a":0,"k":0,"ix":6},"o":{"a":0,"k":100,"ix":7},"sk":{"a":0,"k":0,"ix":4},"sa":{"a":0,"k":0,"ix":5},"nm":"Transform"}],"nm":"Shape 5","np":3,"cix":2,"bm":0,"ix":4,"mn":"ADBE Vector Group","hd":false},{"ty":"gr","it":[{"ind":0,"ty":"sh","ix":1,"ks":{"a":0,"k":{"i":[[0,0],[-35,26],[40,-9],[17,17]],"o":[[0,0],[35,-26],[-40,9],[-17,-17]],"v":[[-16,18],[-81,3],[-46,41],[-180,-63]],"c":false},"ix":2},"nm":"Path 1","mn":"ADBE Vector Shape - Group","hd":false},{"ty":"st","c":{"a":0,"k":[1,1,0.643137254902,1],"ix":3},"o":{"a":0,"k":100,"ix":4},"w":{"a":1,"k":[{"i":{"x":[0.198],"y":[1]},"o":{"x":[0.536],"y":[0]},"t":4,"s":[15]},{"i":{"x":[0],"y":[1]},"o":{"x":[0.445],"y":[0]},"t":10,"s":[25]},{"t":34,"s":[0]}],"ix":5},"lc":2,"lj":1,"ml":4,"bm":0,"nm":"Stroke 1","mn":"ADBE Vector Graphic - Stroke","hd":false},{"ty":"tr","p":{"a":0,"k":[2.667,-0.167],"ix":2},"a":{"a":0,"k":[0,0],"ix":1},"s":{"a":0,"k":[100,100],"ix":3},"r":{"a":0,"k":0,"ix":6},"o":{"a":0,"k":100,"ix":7},"sk":{"a":0,"k":0,"ix":4},"sa":{"a":0,"k":0,"ix":5},"nm":"Transform"}],"nm":"Shape 4","np":3,"cix":2,"bm":0,"ix":5,"mn":"ADBE Vector Group","hd":false},{"ty":"gr","it":[{"ind":0,"ty":"sh","ix":1,"ks":{"a":0,"k":{"i":[[0,0],[46,19],[73,-80],[3,-2]],"o":[[0,0],[-46,-19],[-73,80],[-3,2]],"v":[[10,33],[-19,107],[40,119],[-150,194]],"c":false},"ix":2},"nm":"Path 1","mn":"ADBE Vector Shape - Group","hd":false},{"ty":"st","c":{"a":0,"k":[1,1,0.643137254902,1],"ix":3},"o":{"a":0,"k":100,"ix":4},"w":{"a":1,"k":[{"i":{"x":[0.198],"y":[1]},"o":{"x":[0.536],"y":[0]},"t":4,"s":[15]},{"i":{"x":[0],"y":[1]},"o":{"x":[0.445],"y":[0]},"t":10,"s":[25]},{"t":34,"s":[0]}],"ix":5},"lc":2,"lj":1,"ml":4,"bm":0,"nm":"Stroke 1","mn":"ADBE Vector Graphic - Stroke","hd":false},{"ty":"tr","p":{"a":0,"k":[-4.333,-6],"ix":2},"a":{"a":0,"k":[0,0],"ix":1},"s":{"a":0,"k":[100,100],"ix":3},"r":{"a":0,"k":0,"ix":6},"o":{"a":0,"k":100,"ix":7},"sk":{"a":0,"k":0,"ix":4},"sa":{"a":0,"k":0,"ix":5},"nm":"Transform"}],"nm":"Shape 3","np":3,"cix":2,"bm":0,"ix":6,"mn":"ADBE Vector Group","hd":false},{"ty":"gr","it":[{"ind":0,"ty":"sh","ix":1,"ks":{"a":0,"k":{"i":[[0,0],[18,-37],[-99,-31],[0,0]],"o":[[0,0],[-18,37],[99,31],[0,0]],"v":[[27,8],[93,12],[104,-36],[210,-65]],"c":false},"ix":2},"nm":"Path 1","mn":"ADBE Vector Shape - Group","hd":false},{"ty":"st","c":{"a":0,"k":[1,1,0.643137254902,1],"ix":3},"o":{"a":0,"k":100,"ix":4},"w":{"a":1,"k":[{"i":{"x":[0.198],"y":[1]},"o":{"x":[0.536],"y":[0]},"t":4,"s":[15]},{"i":{"x":[0],"y":[1]},"o":{"x":[0.445],"y":[0]},"t":10,"s":[25]},{"t":34,"s":[0]}],"ix":5},"lc":2,"lj":1,"ml":4,"bm":0,"nm":"Stroke 1","mn":"ADBE Vector Graphic - Stroke","hd":false},{"ty":"tr","p":{"a":0,"k":[-7.5,0],"ix":2},"a":{"a":0,"k":[0,0],"ix":1},"s":{"a":0,"k":[100,100],"ix":3},"r":{"a":0,"k":0,"ix":6},"o":{"a":0,"k":100,"ix":7},"sk":{"a":0,"k":0,"ix":4},"sa":{"a":0,"k":0,"ix":5},"nm":"Transform"}],"nm":"Shape 2","np":3,"cix":2,"bm":0,"ix":7,"mn":"ADBE Vector Group","hd":false},{"ty":"gr","it":[{"ind":0,"ty":"sh","ix":1,"ks":{"a":0,"k":{"i":[[0,0],[-75.056,-33.025],[14.5,13],[-166,74.5]],"o":[[0,0],[12.5,5.5],[-24.483,-21.95],[166,-74.5]],"v":[[4,-6],[36,-84],[17,-58],[157.5,-194]],"c":false},"ix":2},"nm":"Path 1","mn":"ADBE Vector Shape - Group","hd":false},{"ty":"st","c":{"a":0,"k":[1,1,0.643137254902,1],"ix":3},"o":{"a":0,"k":100,"ix":4},"w":{"a":1,"k":[{"i":{"x":[0.198],"y":[1]},"o":{"x":[0.536],"y":[0]},"t":4,"s":[15]},{"i":{"x":[0],"y":[1]},"o":{"x":[0.445],"y":[0]},"t":10,"s":[25]},{"t":34,"s":[0]}],"ix":5},"lc":2,"lj":1,"ml":4,"bm":0,"nm":"Stroke 1","mn":"ADBE Vector Graphic - Stroke","hd":false},{"ty":"tr","p":{"a":0,"k":[-0.5,0],"ix":2},"a":{"a":0,"k":[0,0],"ix":1},"s":{"a":0,"k":[100,100],"ix":3},"r":{"a":0,"k":0,"ix":6},"o":{"a":0,"k":100,"ix":7},"sk":{"a":0,"k":0,"ix":4},"sa":{"a":0,"k":0,"ix":5},"nm":"Transform"}],"nm":"Shape 1","np":3,"cix":2,"bm":0,"ix":8,"mn":"ADBE Vector Group","hd":false},{"ty":"tm","s":{"a":1,"k":[{"i":{"x":[0],"y":[1]},"o":{"x":[0.591],"y":[0]},"t":8,"s":[0]},{"t":35,"s":[100]}],"ix":1},"e":{"a":1,"k":[{"i":{"x":[0],"y":[1]},"o":{"x":[0.992],"y":[0]},"t":0,"s":[0]},{"t":33,"s":[100]}],"ix":2},"o":{"a":0,"k":0,"ix":3},"m":1,"ix":9,"nm":"Trim Paths 1","mn":"ADBE Vector Filter - Trim","hd":false}],"ip":4,"op":64,"st":4,"bm":0},{"ddd":0,"ind":6,"ty":4,"nm":"Shape Layer 11","sr":1,"ks":{"o":{"a":0,"k":100,"ix":11},"r":{"a":0,"k":0,"ix":10},"p":{"a":0,"k":[269,246,0],"ix":2},"a":{"a":0,"k":[0,0,0],"ix":1},"s":{"a":0,"k":[105,105,100],"ix":6}},"ao":0,"shapes":[{"ty":"gr","it":[{"ind":0,"ty":"sh","ix":1,"ks":{"a":0,"k":{"i":[[0,0],[16.569,-6.809],[9.772,-6.908],[16.138,-8.069],[10.849,-6.547],[3,-15.379]],"o":[[-7.144,10.397],[-11.069,4.549],[-14.734,10.415],[-11.333,5.667],[-18,10.862],[0,0]],"v":[[-9,48],[-47,86],[-82,78],[-105,127],[-136,105],[-163,162]],"c":false},"ix":2},"nm":"Path 1","mn":"ADBE Vector Shape - Group","hd":false},{"ty":"st","c":{"a":0,"k":[0.847058823529,0.822555721507,0.657716279871,1],"ix":3},"o":{"a":0,"k":100,"ix":4},"w":{"a":1,"k":[{"i":{"x":[0.198],"y":[1]},"o":{"x":[0.536],"y":[0]},"t":4,"s":[15]},{"i":{"x":[0],"y":[1]},"o":{"x":[0.445],"y":[0]},"t":10,"s":[25]},{"t":34,"s":[0]}],"ix":5},"lc":2,"lj":1,"ml":4,"bm":0,"nm":"Stroke 1","mn":"ADBE Vector Graphic - Stroke","hd":false},{"ty":"tr","p":{"a":0,"k":[-3.333,-15.833],"ix":2},"a":{"a":0,"k":[0,0],"ix":1},"s":{"a":0,"k":[100,100],"ix":3},"r":{"a":0,"k":0,"ix":6},"o":{"a":0,"k":100,"ix":7},"sk":{"a":0,"k":0,"ix":4},"sa":{"a":0,"k":0,"ix":5},"nm":"Transform"}],"nm":"Shape 8","np":3,"cix":2,"bm":0,"ix":1,"mn":"ADBE Vector Group","hd":false},{"ty":"gr","it":[{"ind":0,"ty":"sh","ix":1,"ks":{"a":0,"k":{"i":[[0,0],[-3.755,-3.318],[-15.526,-3.881],[0.871,-11.762],[-10.988,-16.325],[-18.326,-8.815],[-10.882,-9.305],[-10.919,-14.636],[4.203,-10.487]],"o":[[3.748,-1.439],[11.992,10.597],[11.442,2.861],[-1.454,19.624],[11.355,16.871],[12.903,6.206],[13.879,11.867],[8.608,11.538],[0,0]],"v":[[58,44],[73,43],[101,82],[125,56],[99,109],[160,108],[178,147],[229,167],[225,210]],"c":false},"ix":2},"nm":"Path 1","mn":"ADBE Vector Shape - Group","hd":false},{"ty":"st","c":{"a":0,"k":[0.847058823529,0.822555721507,0.657716279871,1],"ix":3},"o":{"a":0,"k":100,"ix":4},"w":{"a":1,"k":[{"i":{"x":[0.198],"y":[1]},"o":{"x":[0.536],"y":[0]},"t":4,"s":[15]},{"i":{"x":[0],"y":[1]},"o":{"x":[0.445],"y":[0]},"t":10,"s":[25]},{"t":34,"s":[0]}],"ix":5},"lc":2,"lj":1,"ml":4,"bm":0,"nm":"Stroke 1","mn":"ADBE Vector Graphic - Stroke","hd":false},{"ty":"tr","p":{"a":0,"k":[-40.667,-19.667],"ix":2},"a":{"a":0,"k":[0,0],"ix":1},"s":{"a":0,"k":[100,100],"ix":3},"r":{"a":0,"k":0,"ix":6},"o":{"a":0,"k":100,"ix":7},"sk":{"a":0,"k":0,"ix":4},"sa":{"a":0,"k":0,"ix":5},"nm":"Transform"}],"nm":"Shape 7","np":3,"cix":2,"bm":0,"ix":2,"mn":"ADBE Vector Group","hd":false},{"ty":"gr","it":[{"ind":0,"ty":"sh","ix":1,"ks":{"a":0,"k":{"i":[[0,0],[-7.279,-3.639],[-5.3,6.986],[-16.694,9.665],[-2.557,-14.705],[-4.26,12.354],[-24.647,20.704],[-8.765,10.053],[-5.358,19.097]],"o":[[4.24,-5.88],[7.843,3.921],[11.659,-15.368],[12.917,-7.478],[2.239,12.875],[10.493,-30.43],[10.213,-8.579],[18.927,-21.71],[0,0]],"v":[[90,-80],[110,-94],[114,-68],[132,-123],[171,-101],[140,-77],[191,-159],[190,-119],[225,-198]],"c":false},"ix":2},"nm":"Path 1","mn":"ADBE Vector Shape - Group","hd":false},{"ty":"st","c":{"a":0,"k":[0.847058823529,0.822555721507,0.657716279871,1],"ix":3},"o":{"a":0,"k":100,"ix":4},"w":{"a":1,"k":[{"i":{"x":[0.198],"y":[1]},"o":{"x":[0.536],"y":[0]},"t":4,"s":[15]},{"i":{"x":[0],"y":[1]},"o":{"x":[0.445],"y":[0]},"t":10,"s":[25]},{"t":34,"s":[0]}],"ix":5},"lc":2,"lj":1,"ml":4,"bm":0,"nm":"Stroke 1","mn":"ADBE Vector Graphic - Stroke","hd":false},{"ty":"tr","p":{"a":0,"k":[-84.432,85.39],"ix":2},"a":{"a":0,"k":[0,0],"ix":1},"s":{"a":0,"k":[100,100],"ix":3},"r":{"a":0,"k":0,"ix":6},"o":{"a":0,"k":100,"ix":7},"sk":{"a":0,"k":0,"ix":4},"sa":{"a":0,"k":0,"ix":5},"nm":"Transform"}],"nm":"Shape 6","np":3,"cix":2,"bm":0,"ix":3,"mn":"ADBE Vector Group","hd":false},{"ty":"gr","it":[{"ind":0,"ty":"sh","ix":1,"ks":{"a":0,"k":{"i":[[0,0],[14,-20],[-28,14],[4,0],[28,26],[-11,13]],"o":[[0,0],[-14,20],[28,-14],[-4,0],[-28,-26],[11,-13]],"v":[[-27,-21],[-53,-54],[-86,-72],[-110,-110],[-161,-114],[-182,-182]],"c":false},"ix":2},"nm":"Path 1","mn":"ADBE Vector Shape - Group","hd":false},{"ty":"st","c":{"a":0,"k":[0.847058823529,0.822555721507,0.657716279871,1],"ix":3},"o":{"a":0,"k":100,"ix":4},"w":{"a":1,"k":[{"i":{"x":[0.198],"y":[1]},"o":{"x":[0.536],"y":[0]},"t":4,"s":[15]},{"i":{"x":[0],"y":[1]},"o":{"x":[0.445],"y":[0]},"t":10,"s":[25]},{"t":34,"s":[0]}],"ix":5},"lc":2,"lj":1,"ml":4,"bm":0,"nm":"Stroke 1","mn":"ADBE Vector Graphic - Stroke","hd":false},{"ty":"tr","p":{"a":0,"k":[19.167,20.833],"ix":2},"a":{"a":0,"k":[0,0],"ix":1},"s":{"a":0,"k":[100,100],"ix":3},"r":{"a":0,"k":0,"ix":6},"o":{"a":0,"k":100,"ix":7},"sk":{"a":0,"k":0,"ix":4},"sa":{"a":0,"k":0,"ix":5},"nm":"Transform"}],"nm":"Shape 5","np":3,"cix":2,"bm":0,"ix":4,"mn":"ADBE Vector Group","hd":false},{"ty":"gr","it":[{"ind":0,"ty":"sh","ix":1,"ks":{"a":0,"k":{"i":[[0,0],[-35,26],[40,-9],[17,17]],"o":[[0,0],[35,-26],[-40,9],[-17,-17]],"v":[[-16,18],[-81,3],[-46,41],[-180,-63]],"c":false},"ix":2},"nm":"Path 1","mn":"ADBE Vector Shape - Group","hd":false},{"ty":"st","c":{"a":0,"k":[0.847058823529,0.822555721507,0.657716279871,1],"ix":3},"o":{"a":0,"k":100,"ix":4},"w":{"a":1,"k":[{"i":{"x":[0.198],"y":[1]},"o":{"x":[0.536],"y":[0]},"t":4,"s":[15]},{"i":{"x":[0],"y":[1]},"o":{"x":[0.445],"y":[0]},"t":10,"s":[25]},{"t":34,"s":[0]}],"ix":5},"lc":2,"lj":1,"ml":4,"bm":0,"nm":"Stroke 1","mn":"ADBE Vector Graphic - Stroke","hd":false},{"ty":"tr","p":{"a":0,"k":[2.667,-0.167],"ix":2},"a":{"a":0,"k":[0,0],"ix":1},"s":{"a":0,"k":[100,100],"ix":3},"r":{"a":0,"k":0,"ix":6},"o":{"a":0,"k":100,"ix":7},"sk":{"a":0,"k":0,"ix":4},"sa":{"a":0,"k":0,"ix":5},"nm":"Transform"}],"nm":"Shape 4","np":3,"cix":2,"bm":0,"ix":5,"mn":"ADBE Vector Group","hd":false},{"ty":"gr","it":[{"ind":0,"ty":"sh","ix":1,"ks":{"a":0,"k":{"i":[[0,0],[46,19],[73,-80],[3,-2]],"o":[[0,0],[-46,-19],[-73,80],[-3,2]],"v":[[10,33],[-19,107],[40,119],[-150,194]],"c":false},"ix":2},"nm":"Path 1","mn":"ADBE Vector Shape - Group","hd":false},{"ty":"st","c":{"a":0,"k":[0.847058823529,0.822555721507,0.657716279871,1],"ix":3},"o":{"a":0,"k":100,"ix":4},"w":{"a":1,"k":[{"i":{"x":[0.198],"y":[1]},"o":{"x":[0.536],"y":[0]},"t":4,"s":[15]},{"i":{"x":[0],"y":[1]},"o":{"x":[0.445],"y":[0]},"t":10,"s":[25]},{"t":34,"s":[0]}],"ix":5},"lc":2,"lj":1,"ml":4,"bm":0,"nm":"Stroke 1","mn":"ADBE Vector Graphic - Stroke","hd":false},{"ty":"tr","p":{"a":0,"k":[-4.333,-6],"ix":2},"a":{"a":0,"k":[0,0],"ix":1},"s":{"a":0,"k":[100,100],"ix":3},"r":{"a":0,"k":0,"ix":6},"o":{"a":0,"k":100,"ix":7},"sk":{"a":0,"k":0,"ix":4},"sa":{"a":0,"k":0,"ix":5},"nm":"Transform"}],"nm":"Shape 3","np":3,"cix":2,"bm":0,"ix":6,"mn":"ADBE Vector Group","hd":false},{"ty":"gr","it":[{"ind":0,"ty":"sh","ix":1,"ks":{"a":0,"k":{"i":[[0,0],[18,-37],[-99,-31],[0,0]],"o":[[0,0],[-18,37],[99,31],[0,0]],"v":[[27,8],[93,12],[104,-36],[210,-65]],"c":false},"ix":2},"nm":"Path 1","mn":"ADBE Vector Shape - Group","hd":false},{"ty":"st","c":{"a":0,"k":[0.847058823529,0.822555721507,0.657716279871,1],"ix":3},"o":{"a":0,"k":100,"ix":4},"w":{"a":1,"k":[{"i":{"x":[0.198],"y":[1]},"o":{"x":[0.536],"y":[0]},"t":4,"s":[15]},{"i":{"x":[0],"y":[1]},"o":{"x":[0.445],"y":[0]},"t":10,"s":[25]},{"t":34,"s":[0]}],"ix":5},"lc":2,"lj":1,"ml":4,"bm":0,"nm":"Stroke 1","mn":"ADBE Vector Graphic - Stroke","hd":false},{"ty":"tr","p":{"a":0,"k":[-7.5,0],"ix":2},"a":{"a":0,"k":[0,0],"ix":1},"s":{"a":0,"k":[100,100],"ix":3},"r":{"a":0,"k":0,"ix":6},"o":{"a":0,"k":100,"ix":7},"sk":{"a":0,"k":0,"ix":4},"sa":{"a":0,"k":0,"ix":5},"nm":"Transform"}],"nm":"Shape 2","np":3,"cix":2,"bm":0,"ix":7,"mn":"ADBE Vector Group","hd":false},{"ty":"gr","it":[{"ind":0,"ty":"sh","ix":1,"ks":{"a":0,"k":{"i":[[0,0],[-75.056,-33.025],[14.5,13],[-166,74.5]],"o":[[0,0],[12.5,5.5],[-24.483,-21.95],[166,-74.5]],"v":[[4,-6],[36,-84],[17,-58],[157.5,-194]],"c":false},"ix":2},"nm":"Path 1","mn":"ADBE Vector Shape - Group","hd":false},{"ty":"st","c":{"a":0,"k":[0.847058823529,0.822555721507,0.657716279871,1],"ix":3},"o":{"a":0,"k":100,"ix":4},"w":{"a":1,"k":[{"i":{"x":[0.198],"y":[1]},"o":{"x":[0.536],"y":[0]},"t":4,"s":[15]},{"i":{"x":[0],"y":[1]},"o":{"x":[0.445],"y":[0]},"t":10,"s":[25]},{"t":34,"s":[0]}],"ix":5},"lc":2,"lj":1,"ml":4,"bm":0,"nm":"Stroke 1","mn":"ADBE Vector Graphic - Stroke","hd":false},{"ty":"tr","p":{"a":0,"k":[-0.5,0],"ix":2},"a":{"a":0,"k":[0,0],"ix":1},"s":{"a":0,"k":[100,100],"ix":3},"r":{"a":0,"k":0,"ix":6},"o":{"a":0,"k":100,"ix":7},"sk":{"a":0,"k":0,"ix":4},"sa":{"a":0,"k":0,"ix":5},"nm":"Transform"}],"nm":"Shape 1","np":3,"cix":2,"bm":0,"ix":8,"mn":"ADBE Vector Group","hd":false},{"ty":"tm","s":{"a":1,"k":[{"i":{"x":[0],"y":[1]},"o":{"x":[0.591],"y":[0]},"t":11,"s":[0]},{"t":35,"s":[100]}],"ix":1},"e":{"a":1,"k":[{"i":{"x":[0],"y":[1]},"o":{"x":[0.992],"y":[0]},"t":4,"s":[0]},{"t":33,"s":[100]}],"ix":2},"o":{"a":0,"k":0,"ix":3},"m":1,"ix":9,"nm":"Trim Paths 1","mn":"ADBE Vector Filter - Trim","hd":false}],"ip":4,"op":64,"st":4,"bm":0},{"ddd":0,"ind":7,"ty":4,"nm":"Shape Layer 7","sr":1,"ks":{"o":{"a":0,"k":100,"ix":11},"r":{"a":0,"k":0,"ix":10},"p":{"a":0,"k":[248,244,0],"ix":2},"a":{"a":0,"k":[0,0,0],"ix":1},"s":{"a":0,"k":[100,100,100],"ix":6}},"ao":0,"shapes":[{"ty":"gr","it":[{"ind":0,"ty":"sh","ix":1,"ks":{"a":0,"k":{"i":[[0,0],[16.569,-6.809],[9.772,-6.908],[16.138,-8.069],[10.849,-6.547],[3,-15.379]],"o":[[-7.144,10.397],[-11.069,4.549],[-14.734,10.415],[-11.333,5.667],[-18,10.862],[0,0]],"v":[[-9,48],[-47,86],[-82,78],[-105,127],[-136,105],[-163,162]],"c":false},"ix":2},"nm":"Path 1","mn":"ADBE Vector Shape - Group","hd":false},{"ty":"st","c":{"a":0,"k":[1,0.752941236309,0.313725490196,1],"ix":3},"o":{"a":0,"k":100,"ix":4},"w":{"a":1,"k":[{"i":{"x":[0.198],"y":[1]},"o":{"x":[0.536],"y":[0]},"t":5,"s":[45]},{"i":{"x":[0],"y":[1]},"o":{"x":[0.445],"y":[0]},"t":12,"s":[96]},{"t":35,"s":[0]}],"ix":5},"lc":2,"lj":1,"ml":4,"bm":0,"nm":"Stroke 1","mn":"ADBE Vector Graphic - Stroke","hd":false},{"ty":"tr","p":{"a":0,"k":[4,-5],"ix":2},"a":{"a":0,"k":[0,0],"ix":1},"s":{"a":0,"k":[100,100],"ix":3},"r":{"a":0,"k":0,"ix":6},"o":{"a":0,"k":100,"ix":7},"sk":{"a":0,"k":0,"ix":4},"sa":{"a":0,"k":0,"ix":5},"nm":"Transform"}],"nm":"Shape 8","np":3,"cix":2,"bm":0,"ix":1,"mn":"ADBE Vector Group","hd":false},{"ty":"gr","it":[{"ind":0,"ty":"sh","ix":1,"ks":{"a":0,"k":{"i":[[0,0],[-3.755,-3.318],[-15.526,-3.881],[0.871,-11.762],[-10.988,-16.325],[-18.326,-8.815],[-10.882,-9.305],[-10.919,-14.636],[4.203,-10.487]],"o":[[3.748,-1.439],[11.992,10.597],[11.442,2.861],[-1.454,19.624],[11.355,16.871],[12.903,6.206],[13.879,11.867],[8.608,11.538],[0,0]],"v":[[58,44],[73,43],[101,82],[125,56],[99,109],[160,108],[178,147],[229,167],[225,210]],"c":false},"ix":2},"nm":"Path 1","mn":"ADBE Vector Shape - Group","hd":false},{"ty":"st","c":{"a":0,"k":[1,0.752941236309,0.313725490196,1],"ix":3},"o":{"a":0,"k":100,"ix":4},"w":{"a":1,"k":[{"i":{"x":[0.198],"y":[1]},"o":{"x":[0.536],"y":[0]},"t":5,"s":[50]},{"i":{"x":[0],"y":[1]},"o":{"x":[0.445],"y":[0]},"t":12,"s":[96]},{"t":35,"s":[0]}],"ix":5},"lc":2,"lj":1,"ml":4,"bm":0,"nm":"Stroke 1","mn":"ADBE Vector Graphic - Stroke","hd":false},{"ty":"tr","p":{"a":0,"k":[-46,-14],"ix":2},"a":{"a":0,"k":[0,0],"ix":1},"s":{"a":0,"k":[100,100],"ix":3},"r":{"a":0,"k":0,"ix":6},"o":{"a":0,"k":100,"ix":7},"sk":{"a":0,"k":0,"ix":4},"sa":{"a":0,"k":0,"ix":5},"nm":"Transform"}],"nm":"Shape 7","np":3,"cix":2,"bm":0,"ix":2,"mn":"ADBE Vector Group","hd":false},{"ty":"gr","it":[{"ind":0,"ty":"sh","ix":1,"ks":{"a":0,"k":{"i":[[0,0],[-7.279,-3.639],[-5.3,6.986],[-16.694,9.665],[-2.557,-14.705],[-4.26,12.354],[-24.647,20.704],[-8.765,10.053],[-5.358,19.097]],"o":[[4.24,-5.88],[7.843,3.921],[11.659,-15.368],[12.917,-7.478],[2.239,12.875],[10.493,-30.43],[10.213,-8.579],[18.927,-21.71],[0,0]],"v":[[90,-80],[110,-94],[114,-68],[132,-123],[171,-101],[140,-77],[191,-159],[190,-119],[225,-198]],"c":false},"ix":2},"nm":"Path 1","mn":"ADBE Vector Shape - Group","hd":false},{"ty":"st","c":{"a":0,"k":[1,0.752941236309,0.313725490196,1],"ix":3},"o":{"a":0,"k":100,"ix":4},"w":{"a":1,"k":[{"i":{"x":[0.198],"y":[1]},"o":{"x":[0.536],"y":[0]},"t":5,"s":[61]},{"i":{"x":[0],"y":[1]},"o":{"x":[0.445],"y":[0]},"t":12,"s":[94]},{"t":35,"s":[0]}],"ix":5},"lc":2,"lj":1,"ml":4,"bm":0,"nm":"Stroke 1","mn":"ADBE Vector Graphic - Stroke","hd":false},{"ty":"tr","p":{"a":0,"k":[-59.432,54.723],"ix":2},"a":{"a":0,"k":[0,0],"ix":1},"s":{"a":0,"k":[100,100],"ix":3},"r":{"a":0,"k":0,"ix":6},"o":{"a":0,"k":100,"ix":7},"sk":{"a":0,"k":0,"ix":4},"sa":{"a":0,"k":0,"ix":5},"nm":"Transform"}],"nm":"Shape 6","np":3,"cix":2,"bm":0,"ix":3,"mn":"ADBE Vector Group","hd":false},{"ty":"gr","it":[{"ind":0,"ty":"sh","ix":1,"ks":{"a":0,"k":{"i":[[0,0],[14,-20],[-28,14],[4,0],[28,26],[-11,13]],"o":[[0,0],[-14,20],[28,-14],[-4,0],[-28,-26],[11,-13]],"v":[[-27,-21],[-53,-54],[-86,-72],[-110,-110],[-161,-114],[-182,-182]],"c":false},"ix":2},"nm":"Path 1","mn":"ADBE Vector Shape - Group","hd":false},{"ty":"st","c":{"a":0,"k":[1,0.752941236309,0.313725490196,1],"ix":3},"o":{"a":0,"k":100,"ix":4},"w":{"a":1,"k":[{"i":{"x":[0.198],"y":[1]},"o":{"x":[0.536],"y":[0]},"t":5,"s":[48]},{"i":{"x":[0],"y":[1]},"o":{"x":[0.445],"y":[0]},"t":12,"s":[100]},{"t":35,"s":[0]}],"ix":5},"lc":2,"lj":1,"ml":4,"bm":0,"nm":"Stroke 1","mn":"ADBE Vector Graphic - Stroke","hd":false},{"ty":"tr","p":{"a":0,"k":[27,25],"ix":2},"a":{"a":0,"k":[0,0],"ix":1},"s":{"a":0,"k":[100,100],"ix":3},"r":{"a":0,"k":0,"ix":6},"o":{"a":0,"k":100,"ix":7},"sk":{"a":0,"k":0,"ix":4},"sa":{"a":0,"k":0,"ix":5},"nm":"Transform"}],"nm":"Shape 5","np":3,"cix":2,"bm":0,"ix":4,"mn":"ADBE Vector Group","hd":false},{"ty":"gr","it":[{"ind":0,"ty":"sh","ix":1,"ks":{"a":0,"k":{"i":[[0,0],[-35,26],[40,-9],[17,17]],"o":[[0,0],[35,-26],[-40,9],[-17,-17]],"v":[[-16,18],[-81,3],[-46,41],[-180,-63]],"c":false},"ix":2},"nm":"Path 1","mn":"ADBE Vector Shape - Group","hd":false},{"ty":"st","c":{"a":0,"k":[1,0.752941236309,0.313725490196,1],"ix":3},"o":{"a":0,"k":100,"ix":4},"w":{"a":1,"k":[{"i":{"x":[0.198],"y":[1]},"o":{"x":[0.536],"y":[0]},"t":5,"s":[53]},{"i":{"x":[0],"y":[1]},"o":{"x":[0.445],"y":[0]},"t":12,"s":[100]},{"t":35,"s":[0]}],"ix":5},"lc":2,"lj":1,"ml":4,"bm":0,"nm":"Stroke 1","mn":"ADBE Vector Graphic - Stroke","hd":false},{"ty":"tr","p":{"a":0,"k":[0,-1],"ix":2},"a":{"a":0,"k":[0,0],"ix":1},"s":{"a":0,"k":[100,100],"ix":3},"r":{"a":0,"k":0,"ix":6},"o":{"a":0,"k":100,"ix":7},"sk":{"a":0,"k":0,"ix":4},"sa":{"a":0,"k":0,"ix":5},"nm":"Transform"}],"nm":"Shape 4","np":3,"cix":2,"bm":0,"ix":5,"mn":"ADBE Vector Group","hd":false},{"ty":"gr","it":[{"ind":0,"ty":"sh","ix":1,"ks":{"a":0,"k":{"i":[[0,0],[46,19],[73,-80],[3,-2]],"o":[[0,0],[-46,-19],[-73,80],[-3,2]],"v":[[10,33],[-19,107],[40,119],[-150,194]],"c":false},"ix":2},"nm":"Path 1","mn":"ADBE Vector Shape - Group","hd":false},{"ty":"st","c":{"a":0,"k":[1,0.752941236309,0.313725490196,1],"ix":3},"o":{"a":0,"k":100,"ix":4},"w":{"a":1,"k":[{"i":{"x":[0.198],"y":[1]},"o":{"x":[0.536],"y":[0]},"t":5,"s":[40]},{"i":{"x":[0],"y":[1]},"o":{"x":[0.445],"y":[0]},"t":12,"s":[100]},{"t":35,"s":[0]}],"ix":5},"lc":2,"lj":1,"ml":4,"bm":0,"nm":"Stroke 1","mn":"ADBE Vector Graphic - Stroke","hd":false},{"ty":"tr","p":{"a":0,"k":[0,0],"ix":2},"a":{"a":0,"k":[0,0],"ix":1},"s":{"a":0,"k":[100,100],"ix":3},"r":{"a":0,"k":0,"ix":6},"o":{"a":0,"k":100,"ix":7},"sk":{"a":0,"k":0,"ix":4},"sa":{"a":0,"k":0,"ix":5},"nm":"Transform"}],"nm":"Shape 3","np":3,"cix":2,"bm":0,"ix":6,"mn":"ADBE Vector Group","hd":false},{"ty":"gr","it":[{"ind":0,"ty":"sh","ix":1,"ks":{"a":0,"k":{"i":[[0,0],[18,-37],[-99,-31],[0,0]],"o":[[0,0],[-18,37],[99,31],[0,0]],"v":[[27,8],[93,12],[104,-36],[210,-65]],"c":false},"ix":2},"nm":"Path 1","mn":"ADBE Vector Shape - Group","hd":false},{"ty":"st","c":{"a":0,"k":[1,0.752941236309,0.313725490196,1],"ix":3},"o":{"a":0,"k":100,"ix":4},"w":{"a":1,"k":[{"i":{"x":[0.198],"y":[1]},"o":{"x":[0.536],"y":[0]},"t":5,"s":[39]},{"i":{"x":[0],"y":[1]},"o":{"x":[0.445],"y":[0]},"t":12,"s":[100]},{"t":35,"s":[0]}],"ix":5},"lc":2,"lj":1,"ml":4,"bm":0,"nm":"Stroke 1","mn":"ADBE Vector Graphic - Stroke","hd":false},{"ty":"tr","p":{"a":0,"k":[0,0],"ix":2},"a":{"a":0,"k":[0,0],"ix":1},"s":{"a":0,"k":[100,100],"ix":3},"r":{"a":0,"k":0,"ix":6},"o":{"a":0,"k":100,"ix":7},"sk":{"a":0,"k":0,"ix":4},"sa":{"a":0,"k":0,"ix":5},"nm":"Transform"}],"nm":"Shape 2","np":3,"cix":2,"bm":0,"ix":7,"mn":"ADBE Vector Group","hd":false},{"ty":"gr","it":[{"ind":0,"ty":"sh","ix":1,"ks":{"a":0,"k":{"i":[[0,0],[-75.056,-33.025],[14.5,13],[-166,74.5]],"o":[[0,0],[12.5,5.5],[-24.483,-21.95],[166,-74.5]],"v":[[4,-6],[36,-84],[17,-58],[157.5,-194]],"c":false},"ix":2},"nm":"Path 1","mn":"ADBE Vector Shape - Group","hd":false},{"ty":"st","c":{"a":0,"k":[1,0.752941236309,0.313725490196,1],"ix":3},"o":{"a":0,"k":100,"ix":4},"w":{"a":1,"k":[{"i":{"x":[0.198],"y":[1]},"o":{"x":[0.536],"y":[0]},"t":5,"s":[44]},{"i":{"x":[0],"y":[1]},"o":{"x":[0.445],"y":[0]},"t":12,"s":[100]},{"t":35,"s":[0]}],"ix":5},"lc":2,"lj":1,"ml":4,"bm":0,"nm":"Stroke 1","mn":"ADBE Vector Graphic - Stroke","hd":false},{"ty":"tr","p":{"a":0,"k":[0,0],"ix":2},"a":{"a":0,"k":[0,0],"ix":1},"s":{"a":0,"k":[100,100],"ix":3},"r":{"a":0,"k":0,"ix":6},"o":{"a":0,"k":100,"ix":7},"sk":{"a":0,"k":0,"ix":4},"sa":{"a":0,"k":0,"ix":5},"nm":"Transform"}],"nm":"Shape 1","np":3,"cix":2,"bm":0,"ix":8,"mn":"ADBE Vector Group","hd":false},{"ty":"tm","s":{"a":1,"k":[{"i":{"x":[0],"y":[1]},"o":{"x":[0.591],"y":[0]},"t":10,"s":[0]},{"t":35,"s":[100]}],"ix":1},"e":{"a":1,"k":[{"i":{"x":[0],"y":[1]},"o":{"x":[0.992],"y":[0]},"t":3,"s":[0]},{"t":35,"s":[100]}],"ix":2},"o":{"a":0,"k":0,"ix":3},"m":1,"ix":9,"nm":"Trim Paths 1","mn":"ADBE Vector Filter - Trim","hd":false}],"ip":5,"op":65,"st":5,"bm":0},{"ddd":0,"ind":8,"ty":4,"nm":"Shape Layer 12","sr":1,"ks":{"o":{"a":0,"k":100,"ix":11},"r":{"a":0,"k":-66,"ix":10},"p":{"a":0,"k":[258,241,0],"ix":2},"a":{"a":0,"k":[0,0,0],"ix":1},"s":{"a":0,"k":[88,88,100],"ix":6}},"ao":0,"shapes":[{"ty":"gr","it":[{"ind":0,"ty":"sh","ix":1,"ks":{"a":0,"k":{"i":[[0,0],[16.569,-6.809],[9.772,-6.908],[16.138,-8.069],[10.849,-6.547],[3,-15.379]],"o":[[-7.144,10.397],[-11.069,4.549],[-14.734,10.415],[-11.333,5.667],[-18,10.862],[0,0]],"v":[[-9,48],[-47,86],[-82,78],[-105,127],[-136,105],[-163,162]],"c":false},"ix":2},"nm":"Path 1","mn":"ADBE Vector Shape - Group","hd":false},{"ty":"st","c":{"a":0,"k":[0.980392156863,0.980392156863,0.757400991402,1],"ix":3},"o":{"a":0,"k":100,"ix":4},"w":{"a":1,"k":[{"i":{"x":[0.198],"y":[1]},"o":{"x":[0.536],"y":[0]},"t":4,"s":[45]},{"i":{"x":[0],"y":[1]},"o":{"x":[0.445],"y":[0]},"t":14,"s":[96]},{"t":34,"s":[0]}],"ix":5},"lc":2,"lj":1,"ml":4,"bm":0,"nm":"Stroke 1","mn":"ADBE Vector Graphic - Stroke","hd":false},{"ty":"tr","p":{"a":0,"k":[-4,4],"ix":2},"a":{"a":0,"k":[0,0],"ix":1},"s":{"a":0,"k":[100,100],"ix":3},"r":{"a":0,"k":0,"ix":6},"o":{"a":0,"k":100,"ix":7},"sk":{"a":0,"k":0,"ix":4},"sa":{"a":0,"k":0,"ix":5},"nm":"Transform"}],"nm":"Shape 8","np":3,"cix":2,"bm":0,"ix":1,"mn":"ADBE Vector Group","hd":false},{"ty":"gr","it":[{"ind":0,"ty":"sh","ix":1,"ks":{"a":0,"k":{"i":[[0,0],[-3.755,-3.318],[-15.526,-3.881],[0.871,-11.762],[-10.988,-16.325],[-18.326,-8.815],[-10.882,-9.305],[-10.919,-14.636],[4.203,-10.487]],"o":[[3.748,-1.439],[11.992,10.597],[11.442,2.861],[-1.454,19.624],[11.355,16.871],[12.903,6.206],[13.879,11.867],[8.608,11.538],[0,0]],"v":[[58,44],[73,43],[101,82],[125,56],[99,109],[160,108],[178,147],[229,167],[225,210]],"c":false},"ix":2},"nm":"Path 1","mn":"ADBE Vector Shape - Group","hd":false},{"ty":"st","c":{"a":0,"k":[0.980392156863,0.980392156863,0.757400991402,1],"ix":3},"o":{"a":0,"k":100,"ix":4},"w":{"a":1,"k":[{"i":{"x":[0.198],"y":[1]},"o":{"x":[0.536],"y":[0]},"t":4,"s":[50]},{"i":{"x":[0],"y":[1]},"o":{"x":[0.445],"y":[0]},"t":14,"s":[96]},{"t":34,"s":[0]}],"ix":5},"lc":2,"lj":1,"ml":4,"bm":0,"nm":"Stroke 1","mn":"ADBE Vector Graphic - Stroke","hd":false},{"ty":"tr","p":{"a":0,"k":[-16.328,-21.552],"ix":2},"a":{"a":0,"k":[0,0],"ix":1},"s":{"a":0,"k":[100,100],"ix":3},"r":{"a":0,"k":0,"ix":6},"o":{"a":0,"k":100,"ix":7},"sk":{"a":0,"k":0,"ix":4},"sa":{"a":0,"k":0,"ix":5},"nm":"Transform"}],"nm":"Shape 7","np":3,"cix":2,"bm":0,"ix":2,"mn":"ADBE Vector Group","hd":false},{"ty":"gr","it":[{"ind":0,"ty":"sh","ix":1,"ks":{"a":0,"k":{"i":[[0,0],[-7.279,-3.639],[-5.3,6.986],[-16.694,9.665],[-2.557,-14.705],[-4.26,12.354],[-24.647,20.704],[-8.765,10.053],[-5.358,19.097]],"o":[[4.24,-5.88],[7.843,3.921],[11.659,-15.368],[12.917,-7.478],[2.239,12.875],[10.493,-30.43],[10.213,-8.579],[18.927,-21.71],[0,0]],"v":[[90,-80],[110,-94],[114,-68],[132,-123],[171,-101],[140,-77],[191,-159],[190,-119],[225,-198]],"c":false},"ix":2},"nm":"Path 1","mn":"ADBE Vector Shape - Group","hd":false},{"ty":"st","c":{"a":0,"k":[0.980392156863,0.980392156863,0.757400991402,1],"ix":3},"o":{"a":0,"k":100,"ix":4},"w":{"a":1,"k":[{"i":{"x":[0.198],"y":[1]},"o":{"x":[0.536],"y":[0]},"t":4,"s":[61]},{"i":{"x":[0],"y":[1]},"o":{"x":[0.445],"y":[0]},"t":14,"s":[94]},{"t":34,"s":[0]}],"ix":5},"lc":2,"lj":1,"ml":4,"bm":0,"nm":"Stroke 1","mn":"ADBE Vector Graphic - Stroke","hd":false},{"ty":"tr","p":{"a":0,"k":[-70.432,64.723],"ix":2},"a":{"a":0,"k":[0,0],"ix":1},"s":{"a":0,"k":[100,100],"ix":3},"r":{"a":0,"k":0,"ix":6},"o":{"a":0,"k":100,"ix":7},"sk":{"a":0,"k":0,"ix":4},"sa":{"a":0,"k":0,"ix":5},"nm":"Transform"}],"nm":"Shape 6","np":3,"cix":2,"bm":0,"ix":3,"mn":"ADBE Vector Group","hd":false},{"ty":"gr","it":[{"ind":0,"ty":"sh","ix":1,"ks":{"a":0,"k":{"i":[[0,0],[14,-20],[-28,14],[4,0],[28,26],[-11,13]],"o":[[0,0],[-14,20],[28,-14],[-4,0],[-28,-26],[11,-13]],"v":[[-27,-21],[-53,-54],[-86,-72],[-110,-110],[-161,-114],[-182,-182]],"c":false},"ix":2},"nm":"Path 1","mn":"ADBE Vector Shape - Group","hd":false},{"ty":"st","c":{"a":0,"k":[0.980392156863,0.980392156863,0.757400991402,1],"ix":3},"o":{"a":0,"k":100,"ix":4},"w":{"a":1,"k":[{"i":{"x":[0.198],"y":[1]},"o":{"x":[0.536],"y":[0]},"t":4,"s":[48]},{"i":{"x":[0],"y":[1]},"o":{"x":[0.445],"y":[0]},"t":14,"s":[100]},{"t":34,"s":[0]}],"ix":5},"lc":2,"lj":1,"ml":4,"bm":0,"nm":"Stroke 1","mn":"ADBE Vector Graphic - Stroke","hd":false},{"ty":"tr","p":{"a":0,"k":[2,4],"ix":2},"a":{"a":0,"k":[0,0],"ix":1},"s":{"a":0,"k":[100,100],"ix":3},"r":{"a":0,"k":0,"ix":6},"o":{"a":0,"k":100,"ix":7},"sk":{"a":0,"k":0,"ix":4},"sa":{"a":0,"k":0,"ix":5},"nm":"Transform"}],"nm":"Shape 5","np":3,"cix":2,"bm":0,"ix":4,"mn":"ADBE Vector Group","hd":false},{"ty":"gr","it":[{"ind":0,"ty":"sh","ix":1,"ks":{"a":0,"k":{"i":[[0,0],[-35,26],[40,-9],[17,17]],"o":[[0,0],[35,-26],[-40,9],[-17,-17]],"v":[[-16,18],[-81,3],[-46,41],[-180,-63]],"c":false},"ix":2},"nm":"Path 1","mn":"ADBE Vector Shape - Group","hd":false},{"ty":"st","c":{"a":0,"k":[0.980392156863,0.980392156863,0.757400991402,1],"ix":3},"o":{"a":0,"k":100,"ix":4},"w":{"a":1,"k":[{"i":{"x":[0.198],"y":[1]},"o":{"x":[0.536],"y":[0]},"t":4,"s":[53]},{"i":{"x":[0],"y":[1]},"o":{"x":[0.445],"y":[0]},"t":14,"s":[100]},{"t":34,"s":[0]}],"ix":5},"lc":2,"lj":1,"ml":4,"bm":0,"nm":"Stroke 1","mn":"ADBE Vector Graphic - Stroke","hd":false},{"ty":"tr","p":{"a":0,"k":[-10,6],"ix":2},"a":{"a":0,"k":[0,0],"ix":1},"s":{"a":0,"k":[100,100],"ix":3},"r":{"a":0,"k":0,"ix":6},"o":{"a":0,"k":100,"ix":7},"sk":{"a":0,"k":0,"ix":4},"sa":{"a":0,"k":0,"ix":5},"nm":"Transform"}],"nm":"Shape 4","np":3,"cix":2,"bm":0,"ix":5,"mn":"ADBE Vector Group","hd":false},{"ty":"gr","it":[{"ind":0,"ty":"sh","ix":1,"ks":{"a":0,"k":{"i":[[0,0],[46,19],[73,-80],[3,-2]],"o":[[0,0],[-46,-19],[-73,80],[-3,2]],"v":[[10,33],[-19,107],[40,119],[-150,194]],"c":false},"ix":2},"nm":"Path 1","mn":"ADBE Vector Shape - Group","hd":false},{"ty":"st","c":{"a":0,"k":[0.980392156863,0.980392156863,0.757400991402,1],"ix":3},"o":{"a":0,"k":100,"ix":4},"w":{"a":1,"k":[{"i":{"x":[0.198],"y":[1]},"o":{"x":[0.536],"y":[0]},"t":4,"s":[40]},{"i":{"x":[0],"y":[1]},"o":{"x":[0.445],"y":[0]},"t":14,"s":[100]},{"t":34,"s":[0]}],"ix":5},"lc":2,"lj":1,"ml":4,"bm":0,"nm":"Stroke 1","mn":"ADBE Vector Graphic - Stroke","hd":false},{"ty":"tr","p":{"a":0,"k":[0,4],"ix":2},"a":{"a":0,"k":[0,0],"ix":1},"s":{"a":0,"k":[100,100],"ix":3},"r":{"a":0,"k":0,"ix":6},"o":{"a":0,"k":100,"ix":7},"sk":{"a":0,"k":0,"ix":4},"sa":{"a":0,"k":0,"ix":5},"nm":"Transform"}],"nm":"Shape 3","np":3,"cix":2,"bm":0,"ix":6,"mn":"ADBE Vector Group","hd":false},{"ty":"gr","it":[{"ind":0,"ty":"sh","ix":1,"ks":{"a":0,"k":{"i":[[0,0],[18,-37],[-99,-31],[0,0]],"o":[[0,0],[-18,37],[99,31],[0,0]],"v":[[27,8],[93,12],[104,-36],[210,-65]],"c":false},"ix":2},"nm":"Path 1","mn":"ADBE Vector Shape - Group","hd":false},{"ty":"st","c":{"a":0,"k":[0.980392156863,0.980392156863,0.757400991402,1],"ix":3},"o":{"a":0,"k":100,"ix":4},"w":{"a":1,"k":[{"i":{"x":[0.198],"y":[1]},"o":{"x":[0.536],"y":[0]},"t":4,"s":[39]},{"i":{"x":[0],"y":[1]},"o":{"x":[0.445],"y":[0]},"t":14,"s":[100]},{"t":34,"s":[0]}],"ix":5},"lc":2,"lj":1,"ml":4,"bm":0,"nm":"Stroke 1","mn":"ADBE Vector Graphic - Stroke","hd":false},{"ty":"tr","p":{"a":0,"k":[2,10],"ix":2},"a":{"a":0,"k":[0,0],"ix":1},"s":{"a":0,"k":[100,100],"ix":3},"r":{"a":0,"k":0,"ix":6},"o":{"a":0,"k":100,"ix":7},"sk":{"a":0,"k":0,"ix":4},"sa":{"a":0,"k":0,"ix":5},"nm":"Transform"}],"nm":"Shape 2","np":3,"cix":2,"bm":0,"ix":7,"mn":"ADBE Vector Group","hd":false},{"ty":"gr","it":[{"ind":0,"ty":"sh","ix":1,"ks":{"a":0,"k":{"i":[[0,0],[-75.056,-33.025],[14.5,13],[-166,74.5]],"o":[[0,0],[12.5,5.5],[-24.483,-21.95],[166,-74.5]],"v":[[4,-6],[36,-84],[17,-58],[157.5,-194]],"c":false},"ix":2},"nm":"Path 1","mn":"ADBE Vector Shape - Group","hd":false},{"ty":"st","c":{"a":0,"k":[0.980392156863,0.980392156863,0.757400991402,1],"ix":3},"o":{"a":0,"k":100,"ix":4},"w":{"a":1,"k":[{"i":{"x":[0.198],"y":[1]},"o":{"x":[0.536],"y":[0]},"t":4,"s":[44]},{"i":{"x":[0],"y":[1]},"o":{"x":[0.445],"y":[0]},"t":14,"s":[100]},{"t":34,"s":[0]}],"ix":5},"lc":2,"lj":1,"ml":4,"bm":0,"nm":"Stroke 1","mn":"ADBE Vector Graphic - Stroke","hd":false},{"ty":"tr","p":{"a":0,"k":[0,8],"ix":2},"a":{"a":0,"k":[0,0],"ix":1},"s":{"a":0,"k":[100,100],"ix":3},"r":{"a":0,"k":0,"ix":6},"o":{"a":0,"k":100,"ix":7},"sk":{"a":0,"k":0,"ix":4},"sa":{"a":0,"k":0,"ix":5},"nm":"Transform"}],"nm":"Shape 1","np":3,"cix":2,"bm":0,"ix":8,"mn":"ADBE Vector Group","hd":false},{"ty":"tm","s":{"a":1,"k":[{"i":{"x":[0],"y":[1]},"o":{"x":[0.591],"y":[0]},"t":7,"s":[0]},{"t":34,"s":[100]}],"ix":1},"e":{"a":1,"k":[{"i":{"x":[0],"y":[1]},"o":{"x":[0.992],"y":[0]},"t":4,"s":[0]},{"t":34,"s":[100]}],"ix":2},"o":{"a":0,"k":0,"ix":3},"m":1,"ix":9,"nm":"Trim Paths 1","mn":"ADBE Vector Filter - Trim","hd":false}],"ip":4,"op":64,"st":4,"bm":0},{"ddd":0,"ind":9,"ty":4,"nm":"Shape Layer 10","sr":1,"ks":{"o":{"a":0,"k":100,"ix":11},"r":{"a":0,"k":36,"ix":10},"p":{"a":0,"k":[250,234,0],"ix":2},"a":{"a":0,"k":[0,0,0],"ix":1},"s":{"a":0,"k":[83,83,100],"ix":6}},"ao":0,"shapes":[{"ty":"gr","it":[{"ind":0,"ty":"sh","ix":1,"ks":{"a":0,"k":{"i":[[0,0],[16.569,-6.809],[9.772,-6.908],[16.138,-8.069],[10.849,-6.547],[3,-15.379]],"o":[[-7.144,10.397],[-11.069,4.549],[-14.734,10.415],[-11.333,5.667],[-18,10.862],[0,0]],"v":[[-9,48],[-47,86],[-82,78],[-105,127],[-136,105],[-163,162]],"c":false},"ix":2},"nm":"Path 1","mn":"ADBE Vector Shape - Group","hd":false},{"ty":"st","c":{"a":0,"k":[1,1,0,1],"ix":3},"o":{"a":0,"k":100,"ix":4},"w":{"a":1,"k":[{"i":{"x":[0.198],"y":[1]},"o":{"x":[0.536],"y":[0]},"t":4,"s":[45]},{"i":{"x":[0],"y":[1]},"o":{"x":[0.445],"y":[0]},"t":14,"s":[96]},{"t":34,"s":[0]}],"ix":5},"lc":2,"lj":1,"ml":4,"bm":0,"nm":"Stroke 1","mn":"ADBE Vector Graphic - Stroke","hd":false},{"ty":"tr","p":{"a":0,"k":[0,0],"ix":2},"a":{"a":0,"k":[0,0],"ix":1},"s":{"a":0,"k":[100,100],"ix":3},"r":{"a":0,"k":0,"ix":6},"o":{"a":0,"k":100,"ix":7},"sk":{"a":0,"k":0,"ix":4},"sa":{"a":0,"k":0,"ix":5},"nm":"Transform"}],"nm":"Shape 8","np":3,"cix":2,"bm":0,"ix":1,"mn":"ADBE Vector Group","hd":false},{"ty":"gr","it":[{"ind":0,"ty":"sh","ix":1,"ks":{"a":0,"k":{"i":[[0,0],[-3.755,-3.318],[-15.526,-3.881],[0.871,-11.762],[-10.988,-16.325],[-18.326,-8.815],[-10.882,-9.305],[-10.919,-14.636],[4.203,-10.487]],"o":[[3.748,-1.439],[11.992,10.597],[11.442,2.861],[-1.454,19.624],[11.355,16.871],[12.903,6.206],[13.879,11.867],[8.608,11.538],[0,0]],"v":[[58,44],[73,43],[101,82],[125,56],[99,109],[160,108],[178,147],[229,167],[225,210]],"c":false},"ix":2},"nm":"Path 1","mn":"ADBE Vector Shape - Group","hd":false},{"ty":"st","c":{"a":0,"k":[1,1,0,1],"ix":3},"o":{"a":0,"k":100,"ix":4},"w":{"a":1,"k":[{"i":{"x":[0.198],"y":[1]},"o":{"x":[0.536],"y":[0]},"t":4,"s":[50]},{"i":{"x":[0],"y":[1]},"o":{"x":[0.445],"y":[0]},"t":14,"s":[96]},{"t":34,"s":[0]}],"ix":5},"lc":2,"lj":1,"ml":4,"bm":0,"nm":"Stroke 1","mn":"ADBE Vector Graphic - Stroke","hd":false},{"ty":"tr","p":{"a":0,"k":[-24,-18],"ix":2},"a":{"a":0,"k":[0,0],"ix":1},"s":{"a":0,"k":[100,100],"ix":3},"r":{"a":0,"k":0,"ix":6},"o":{"a":0,"k":100,"ix":7},"sk":{"a":0,"k":0,"ix":4},"sa":{"a":0,"k":0,"ix":5},"nm":"Transform"}],"nm":"Shape 7","np":3,"cix":2,"bm":0,"ix":2,"mn":"ADBE Vector Group","hd":false},{"ty":"gr","it":[{"ind":0,"ty":"sh","ix":1,"ks":{"a":0,"k":{"i":[[0,0],[-7.279,-3.639],[-5.3,6.986],[-16.694,9.665],[-2.557,-14.705],[-4.26,12.354],[-24.647,20.704],[-8.765,10.053],[-5.358,19.097]],"o":[[4.24,-5.88],[7.843,3.921],[11.659,-15.368],[12.917,-7.478],[2.239,12.875],[10.493,-30.43],[10.213,-8.579],[18.927,-21.71],[0,0]],"v":[[90,-80],[110,-94],[114,-68],[132,-123],[171,-101],[140,-77],[191,-159],[190,-119],[225,-198]],"c":false},"ix":2},"nm":"Path 1","mn":"ADBE Vector Shape - Group","hd":false},{"ty":"st","c":{"a":0,"k":[1,1,0,1],"ix":3},"o":{"a":0,"k":100,"ix":4},"w":{"a":1,"k":[{"i":{"x":[0.198],"y":[1]},"o":{"x":[0.536],"y":[0]},"t":4,"s":[61]},{"i":{"x":[0],"y":[1]},"o":{"x":[0.445],"y":[0]},"t":14,"s":[94]},{"t":34,"s":[0]}],"ix":5},"lc":2,"lj":1,"ml":4,"bm":0,"nm":"Stroke 1","mn":"ADBE Vector Graphic - Stroke","hd":false},{"ty":"tr","p":{"a":0,"k":[-44.432,46.723],"ix":2},"a":{"a":0,"k":[0,0],"ix":1},"s":{"a":0,"k":[100,100],"ix":3},"r":{"a":0,"k":0,"ix":6},"o":{"a":0,"k":100,"ix":7},"sk":{"a":0,"k":0,"ix":4},"sa":{"a":0,"k":0,"ix":5},"nm":"Transform"}],"nm":"Shape 6","np":3,"cix":2,"bm":0,"ix":3,"mn":"ADBE Vector Group","hd":false},{"ty":"gr","it":[{"ind":0,"ty":"sh","ix":1,"ks":{"a":0,"k":{"i":[[0,0],[14,-20],[-28,14],[4,0],[28,26],[-11,13]],"o":[[0,0],[-14,20],[28,-14],[-4,0],[-28,-26],[11,-13]],"v":[[-27,-21],[-53,-54],[-86,-72],[-110,-110],[-161,-114],[-182,-182]],"c":false},"ix":2},"nm":"Path 1","mn":"ADBE Vector Shape - Group","hd":false},{"ty":"st","c":{"a":0,"k":[1,1,0,1],"ix":3},"o":{"a":0,"k":100,"ix":4},"w":{"a":1,"k":[{"i":{"x":[0.198],"y":[1]},"o":{"x":[0.536],"y":[0]},"t":4,"s":[48]},{"i":{"x":[0],"y":[1]},"o":{"x":[0.445],"y":[0]},"t":14,"s":[100]},{"t":34,"s":[0]}],"ix":5},"lc":2,"lj":1,"ml":4,"bm":0,"nm":"Stroke 1","mn":"ADBE Vector Graphic - Stroke","hd":false},{"ty":"tr","p":{"a":0,"k":[0,0],"ix":2},"a":{"a":0,"k":[0,0],"ix":1},"s":{"a":0,"k":[100,100],"ix":3},"r":{"a":0,"k":0,"ix":6},"o":{"a":0,"k":100,"ix":7},"sk":{"a":0,"k":0,"ix":4},"sa":{"a":0,"k":0,"ix":5},"nm":"Transform"}],"nm":"Shape 5","np":3,"cix":2,"bm":0,"ix":4,"mn":"ADBE Vector Group","hd":false},{"ty":"gr","it":[{"ind":0,"ty":"sh","ix":1,"ks":{"a":0,"k":{"i":[[0,0],[-35,26],[40,-9],[17,17]],"o":[[0,0],[35,-26],[-40,9],[-17,-17]],"v":[[-16,18],[-81,3],[-46,41],[-180,-63]],"c":false},"ix":2},"nm":"Path 1","mn":"ADBE Vector Shape - Group","hd":false},{"ty":"st","c":{"a":0,"k":[1,1,0,1],"ix":3},"o":{"a":0,"k":100,"ix":4},"w":{"a":1,"k":[{"i":{"x":[0.198],"y":[1]},"o":{"x":[0.536],"y":[0]},"t":4,"s":[53]},{"i":{"x":[0],"y":[1]},"o":{"x":[0.445],"y":[0]},"t":14,"s":[100]},{"t":34,"s":[0]}],"ix":5},"lc":2,"lj":1,"ml":4,"bm":0,"nm":"Stroke 1","mn":"ADBE Vector Graphic - Stroke","hd":false},{"ty":"tr","p":{"a":0,"k":[0,0],"ix":2},"a":{"a":0,"k":[0,0],"ix":1},"s":{"a":0,"k":[100,100],"ix":3},"r":{"a":0,"k":0,"ix":6},"o":{"a":0,"k":100,"ix":7},"sk":{"a":0,"k":0,"ix":4},"sa":{"a":0,"k":0,"ix":5},"nm":"Transform"}],"nm":"Shape 4","np":3,"cix":2,"bm":0,"ix":5,"mn":"ADBE Vector Group","hd":false},{"ty":"gr","it":[{"ind":0,"ty":"sh","ix":1,"ks":{"a":0,"k":{"i":[[0,0],[46,19],[73,-80],[3,-2]],"o":[[0,0],[-46,-19],[-73,80],[-3,2]],"v":[[10,33],[-19,107],[40,119],[-150,194]],"c":false},"ix":2},"nm":"Path 1","mn":"ADBE Vector Shape - Group","hd":false},{"ty":"st","c":{"a":0,"k":[1,1,0,1],"ix":3},"o":{"a":0,"k":100,"ix":4},"w":{"a":1,"k":[{"i":{"x":[0.198],"y":[1]},"o":{"x":[0.536],"y":[0]},"t":4,"s":[40]},{"i":{"x":[0],"y":[1]},"o":{"x":[0.445],"y":[0]},"t":14,"s":[100]},{"t":34,"s":[0]}],"ix":5},"lc":2,"lj":1,"ml":4,"bm":0,"nm":"Stroke 1","mn":"ADBE Vector Graphic - Stroke","hd":false},{"ty":"tr","p":{"a":0,"k":[-23.729,-8.475],"ix":2},"a":{"a":0,"k":[0,0],"ix":1},"s":{"a":0,"k":[100,100],"ix":3},"r":{"a":0,"k":-18.759,"ix":6},"o":{"a":0,"k":100,"ix":7},"sk":{"a":0,"k":0,"ix":4},"sa":{"a":0,"k":0,"ix":5},"nm":"Transform"}],"nm":"Shape 3","np":3,"cix":2,"bm":0,"ix":6,"mn":"ADBE Vector Group","hd":false},{"ty":"gr","it":[{"ind":0,"ty":"sh","ix":1,"ks":{"a":0,"k":{"i":[[0,0],[18,-37],[-99,-31],[0,0]],"o":[[0,0],[-18,37],[99,31],[0,0]],"v":[[27,8],[93,12],[104,-36],[210,-65]],"c":false},"ix":2},"nm":"Path 1","mn":"ADBE Vector Shape - Group","hd":false},{"ty":"st","c":{"a":0,"k":[1,1,0,1],"ix":3},"o":{"a":0,"k":100,"ix":4},"w":{"a":1,"k":[{"i":{"x":[0.198],"y":[1]},"o":{"x":[0.536],"y":[0]},"t":4,"s":[39]},{"i":{"x":[0],"y":[1]},"o":{"x":[0.445],"y":[0]},"t":14,"s":[100]},{"t":34,"s":[0]}],"ix":5},"lc":2,"lj":1,"ml":4,"bm":0,"nm":"Stroke 1","mn":"ADBE Vector Graphic - Stroke","hd":false},{"ty":"tr","p":{"a":0,"k":[0,0],"ix":2},"a":{"a":0,"k":[0,0],"ix":1},"s":{"a":0,"k":[100,100],"ix":3},"r":{"a":0,"k":0,"ix":6},"o":{"a":0,"k":100,"ix":7},"sk":{"a":0,"k":0,"ix":4},"sa":{"a":0,"k":0,"ix":5},"nm":"Transform"}],"nm":"Shape 2","np":3,"cix":2,"bm":0,"ix":7,"mn":"ADBE Vector Group","hd":false},{"ty":"gr","it":[{"ind":0,"ty":"sh","ix":1,"ks":{"a":0,"k":{"i":[[0,0],[-75.056,-33.025],[14.5,13],[-166,74.5]],"o":[[0,0],[12.5,5.5],[-24.483,-21.95],[166,-74.5]],"v":[[4,-6],[36,-84],[17,-58],[157.5,-194]],"c":false},"ix":2},"nm":"Path 1","mn":"ADBE Vector Shape - Group","hd":false},{"ty":"st","c":{"a":0,"k":[1,1,0,1],"ix":3},"o":{"a":0,"k":100,"ix":4},"w":{"a":1,"k":[{"i":{"x":[0.198],"y":[1]},"o":{"x":[0.536],"y":[0]},"t":4,"s":[44]},{"i":{"x":[0],"y":[1]},"o":{"x":[0.445],"y":[0]},"t":14,"s":[100]},{"t":34,"s":[0]}],"ix":5},"lc":2,"lj":1,"ml":4,"bm":0,"nm":"Stroke 1","mn":"ADBE Vector Graphic - Stroke","hd":false},{"ty":"tr","p":{"a":0,"k":[0,0],"ix":2},"a":{"a":0,"k":[0,0],"ix":1},"s":{"a":0,"k":[100,100],"ix":3},"r":{"a":0,"k":0,"ix":6},"o":{"a":0,"k":100,"ix":7},"sk":{"a":0,"k":0,"ix":4},"sa":{"a":0,"k":0,"ix":5},"nm":"Transform"}],"nm":"Shape 1","np":3,"cix":2,"bm":0,"ix":8,"mn":"ADBE Vector Group","hd":false},{"ty":"tm","s":{"a":1,"k":[{"i":{"x":[0],"y":[1]},"o":{"x":[0.591],"y":[0]},"t":7,"s":[0]},{"t":34,"s":[100]}],"ix":1},"e":{"a":1,"k":[{"i":{"x":[0],"y":[1]},"o":{"x":[0.992],"y":[0]},"t":4,"s":[0]},{"t":34,"s":[100]}],"ix":2},"o":{"a":0,"k":0,"ix":3},"m":1,"ix":9,"nm":"Trim Paths 1","mn":"ADBE Vector Filter - Trim","hd":false}],"ip":4,"op":64,"st":4,"bm":0},{"ddd":0,"ind":10,"ty":4,"nm":"Shape Layer 15","sr":1,"ks":{"o":{"a":0,"k":100,"ix":11},"r":{"a":0,"k":0,"ix":10},"p":{"a":0,"k":[400,300,0],"ix":2},"a":{"a":0,"k":[-19.5,-79.5,0],"ix":1},"s":{"a":0,"k":[100,100,100],"ix":6}},"ao":0,"shapes":[{"ty":"gr","it":[{"ty":"rc","d":1,"s":{"a":0,"k":[800,600],"ix":2},"p":{"a":0,"k":[0,0],"ix":3},"r":{"a":0,"k":0,"ix":4},"nm":"Rectangle Path 1","mn":"ADBE Vector Shape - Rect","hd":false},{"ty":"st","c":{"a":0,"k":[1,1,1,1],"ix":3},"o":{"a":0,"k":100,"ix":4},"w":{"a":0,"k":0,"ix":5},"lc":1,"lj":1,"ml":4,"bm":0,"nm":"Stroke 1","mn":"ADBE Vector Graphic - Stroke","hd":false},{"ty":"fl","c":{"a":0,"k":[0.014999999252,0.026666667415,0.05,1],"ix":4},"o":{"a":0,"k":100,"ix":5},"r":1,"bm":0,"nm":"Fill 1","mn":"ADBE Vector Graphic - Fill","hd":false},{"ty":"tr","p":{"a":0,"k":[-19.5,-79.5],"ix":2},"a":{"a":0,"k":[0,0],"ix":1},"s":{"a":0,"k":[100,100],"ix":3},"r":{"a":0,"k":0,"ix":6},"o":{"a":0,"k":100,"ix":7},"sk":{"a":0,"k":0,"ix":4},"sa":{"a":0,"k":0,"ix":5},"nm":"Transform"}],"nm":"Rectangle 1","np":3,"cix":2,"bm":0,"ix":1,"mn":"ADBE Vector Group","hd":false}],"ip":0,"op":60,"st":0,"bm":0}],"markers":[]}