{"v":"5.7.11","fr":45,"ip":0,"op":90,"w":500,"h":500,"nm":"Snap fingers burst","ddd":0,"assets":[{"id":"comp_0","layers":[{"ddd":0,"ind":1,"ty":0,"nm":"Component 3 – 1","refId":"comp_1","sr":1,"ks":{"o":{"a":0,"k":100},"r":{"a":0,"k":0},"p":{"a":0,"k":[45.5,40,0]},"a":{"a":0,"k":[45.5,40,0]},"s":{"a":0,"k":[100,100,100]}},"ao":0,"w":91,"h":80,"ip":0,"op":2700,"st":0,"bm":0}]},{"id":"comp_1","layers":[{"ddd":0,"ind":1,"ty":4,"nm":"Path 64","sr":1,"ks":{"o":{"a":0,"k":100},"r":{"a":0,"k":0},"p":{"a":0,"k":[45.424,49.476,0]},"a":{"a":0,"k":[45.424,29.647,0]},"s":{"a":0,"k":[100,100,100]}},"ao":0,"shapes":[{"ty":"gr","it":[{"ind":0,"ty":"sh","ks":{"a":0,"k":{"i":[[0.145,0.718],[7.604,-4.042],[1.074,0.57],[4.919,24.118],[0.104,-0.761],[-8.573,-4.547],[-1.032,0.547],[4.065,29.71]],"o":[[-4.92,24.118],[-1.074,0.57],[-7.604,-4.042],[-0.145,0.719],[-4.064,29.71],[1.032,0.547],[8.573,-4.547],[-0.104,-0.762]],"v":[[90.172,0],[47.14,45.731],[43.709,45.731],[0.677,0],[0.296,2.215],[43.777,58.884],[47.072,58.884],[90.552,2.215]],"c":true}},"nm":"Path 1","hd":false},{"ty":"fl","c":{"a":0,"k":[0.909803921569,0.274509803922,0.258823529412,1]},"o":{"a":0,"k":100},"r":1,"bm":0,"nm":"Fill 1","hd":false},{"ty":"tr","p":{"a":0,"k":[0,0]},"a":{"a":0,"k":[0,0]},"s":{"a":0,"k":[100,100]},"r":{"a":0,"k":0},"o":{"a":0,"k":100},"sk":{"a":0,"k":0},"sa":{"a":0,"k":0},"nm":"Transform"}],"nm":"Path 64","bm":0,"hd":false}],"ip":0,"op":2700,"st":0,"bm":0},{"ddd":0,"ind":2,"ty":4,"nm":"Path 63","sr":1,"ks":{"o":{"a":0,"k":100},"r":{"a":0,"k":0},"p":{"a":0,"k":[45.424,36.17,0]},"a":{"a":0,"k":[44.748,36.17,0]},"s":{"a":0,"k":[100,100,100]}},"ao":0,"shapes":[{"ty":"gr","it":[{"ind":0,"ty":"sh","ks":{"a":0,"k":{"i":[[-7.605,-4.042],[-1.074,0.57],[0,28.249],[5.453,-17.401],[5.461,-26.948]],"o":[[1.074,0.57],[7.604,-4.042],[-5.461,-26.948],[-5.453,-17.401],[0,29.648]],"v":[[43.032,71.913],[46.463,71.913],[89.496,19.827],[44.748,13.477],[0,19.827]],"c":true}},"nm":"Path 1","hd":false},{"ty":"fl","c":{"a":0,"k":[0.976470588235,0.341176470588,0.313725490196,1]},"o":{"a":0,"k":100},"r":1,"bm":0,"nm":"Fill 1","hd":false},{"ty":"tr","p":{"a":0,"k":[0,0]},"a":{"a":0,"k":[0,0]},"s":{"a":0,"k":[100,100]},"r":{"a":0,"k":0},"o":{"a":0,"k":100},"sk":{"a":0,"k":0},"sa":{"a":0,"k":0},"nm":"Transform"}],"nm":"Path 63","bm":0,"hd":false}],"ip":0,"op":2700,"st":0,"bm":0}]},{"id":"comp_2","layers":[{"ddd":0,"ind":1,"ty":4,"nm":"Path 62","sr":1,"ks":{"o":{"a":0,"k":100},"r":{"a":0,"k":0},"p":{"a":0,"k":[137.563,217.324,0]},"a":{"a":0,"k":[88.063,55.328,0]},"s":{"a":0,"k":[100,100,100]}},"ao":0,"shapes":[{"ty":"gr","it":[{"ind":0,"ty":"sh","ks":{"a":0,"k":{"i":[[11.248,-0.054],[0.145,-0.001],[3.375,4.736],[1.588,-0.706],[10.311,5.879],[0.41,5.502],[2.128,-0.353],[7.26,3.986],[0.882,4.77],[1.869,-0.2],[-3.18,16.871],[-26.059,6.046],[-14.359,-7.884],[0,0],[-15.656,-8.926],[0,0],[-19.315,0.013],[-0.143,0.001],[-5.459,11.471],[0,0]],"o":[[-0.143,0.001],[-14.486,0.01],[-1.009,-1.416],[-4.738,2.105],[-10.609,-6.047],[-0.16,-2.152],[-4.855,0.805],[-9.901,-5.436],[-0.342,-1.849],[-18.952,2.02],[-17.615,19.793],[0,0],[11.194,6.145],[0,0],[14.173,8.08],[0,0],[0.145,0],[12.704,-0.061],[0,0],[-6.008,9.29]],"v":[[148.551,97.538],[148.118,97.539],[121.698,83.343],[117.227,82.154],[92.077,81.443],[78.713,60.386],[74.477,57.035],[54.179,54.3],[40.438,35.567],[36.509,32.636],[7.018,0],[33.505,45.151],[47.62,67.418],[72.202,69.174],[85.517,94.56],[113.465,93.829],[141.559,110.657],[141.992,110.655],[171.68,91.734],[176.126,82.392]],"c":true}},"nm":"Path 1","hd":false},{"ty":"fl","c":{"a":0,"k":[0.96862745098,0.76862745098,0.658823529412,1]},"o":{"a":0,"k":100},"r":1,"bm":0,"nm":"Fill 1","hd":false},{"ty":"tr","p":{"a":0,"k":[0,0]},"a":{"a":0,"k":[0,0]},"s":{"a":0,"k":[100,100]},"r":{"a":0,"k":0},"o":{"a":0,"k":100},"sk":{"a":0,"k":0},"sa":{"a":0,"k":0},"nm":"Transform"}],"nm":"Path 62","bm":0,"hd":false}],"ip":0,"op":2700,"st":0,"bm":0},{"ddd":0,"ind":2,"ty":4,"nm":"Path 61","sr":1,"ks":{"o":{"a":0,"k":100},"r":{"a":0,"k":0},"p":{"a":0,"k":[173.109,164.48,0]},"a":{"a":0,"k":[25.267,28.478,0]},"s":{"a":0,"k":[100,100,100]}},"ao":0,"shapes":[{"ty":"gr","it":[{"ind":0,"ty":"sh","ks":{"a":0,"k":{"i":[[1.537,0],[1.032,0.888],[-1.969,2.288],[0,0],[-2.289,-1.969],[1.969,-2.288],[0,0]],"o":[[-1.262,0],[-2.288,-1.969],[0,0],[1.968,-2.288],[2.288,1.969],[0,0],[-1.081,1.257]],"v":[[5.463,56.956],[1.901,55.633],[1.323,47.925],[40.925,1.901],[48.633,1.323],[49.211,9.03],[9.609,55.055]],"c":true}},"nm":"Path 1","hd":false},{"ty":"fl","c":{"a":0,"k":[0.96862745098,0.76862745098,0.658823529412,1]},"o":{"a":0,"k":100},"r":1,"bm":0,"nm":"Fill 1","hd":false},{"ty":"tr","p":{"a":0,"k":[0,0]},"a":{"a":0,"k":[0,0]},"s":{"a":0,"k":[100,100]},"r":{"a":0,"k":0},"o":{"a":0,"k":100},"sk":{"a":0,"k":0},"sa":{"a":0,"k":0},"nm":"Transform"}],"nm":"Path 61","bm":0,"hd":false}],"ip":0,"op":2700,"st":0,"bm":0},{"ddd":0,"ind":3,"ty":4,"nm":"Path 60","sr":1,"ks":{"o":{"a":0,"k":100},"r":{"a":0,"k":0},"p":{"a":0,"k":[137.058,141.106,0]},"a":{"a":0,"k":[28.943,32.975,0]},"s":{"a":0,"k":[100,100,100]}},"ao":0,"shapes":[{"ty":"gr","it":[{"ind":0,"ty":"sh","ks":{"a":0,"k":{"i":[[1.545,0],[1.029,0.878],[-1.96,2.297],[0,0],[-2.297,-1.96],[1.96,-2.297],[0,0]],"o":[[-1.255,0],[-2.297,-1.96],[0,0],[1.959,-2.296],[2.297,1.96],[0,0],[-1.081,1.267]],"v":[[5.463,65.951],[1.918,64.643],[1.309,56.937],[48.262,1.918],[55.968,1.309],[56.577,9.014],[9.624,64.033]],"c":true}},"nm":"Path 1","hd":false},{"ty":"fl","c":{"a":0,"k":[0.96862745098,0.76862745098,0.658823529412,1]},"o":{"a":0,"k":100},"r":1,"bm":0,"nm":"Fill 1","hd":false},{"ty":"tr","p":{"a":0,"k":[0,0]},"a":{"a":0,"k":[0,0]},"s":{"a":0,"k":[100,100]},"r":{"a":0,"k":0},"o":{"a":0,"k":100},"sk":{"a":0,"k":0},"sa":{"a":0,"k":0},"nm":"Transform"}],"nm":"Path 60","bm":0,"hd":false}],"ip":0,"op":2700,"st":0,"bm":0},{"ddd":0,"ind":4,"ty":4,"nm":"Path 59","sr":1,"ks":{"o":{"a":0,"k":100},"r":{"a":0,"k":0},"p":{"a":0,"k":[205.2,191.876,0]},"a":{"a":0,"k":[19.167,22.592,0]},"s":{"a":0,"k":[100,100,100]}},"ao":0,"shapes":[{"ty":"gr","it":[{"ind":0,"ty":"sh","ks":{"a":0,"k":{"i":[[1.603,0],[1.007,0.806],[-1.886,2.357],[0,0],[-2.358,-1.886],[1.886,-2.357],[0,0]],"o":[[-1.197,0],[-2.357,-1.886],[0,0],[1.885,-2.357],[2.357,1.886],[0,0],[-1.08,1.349]],"v":[[5.462,45.184],[2.052,43.986],[1.198,36.304],[28.6,2.052],[36.282,1.198],[37.136,8.881],[9.734,43.133]],"c":true}},"nm":"Path 1","hd":false},{"ty":"fl","c":{"a":0,"k":[0.96862745098,0.76862745098,0.658823529412,1]},"o":{"a":0,"k":100},"r":1,"bm":0,"nm":"Fill 1","hd":false},{"ty":"tr","p":{"a":0,"k":[0,0]},"a":{"a":0,"k":[0,0]},"s":{"a":0,"k":[100,100]},"r":{"a":0,"k":0},"o":{"a":0,"k":100},"sk":{"a":0,"k":0},"sa":{"a":0,"k":0},"nm":"Transform"}],"nm":"Path 59","bm":0,"hd":false}],"ip":0,"op":2700,"st":0,"bm":0},{"ddd":0,"ind":5,"ty":4,"nm":"Path 58","sr":1,"ks":{"o":{"a":0,"k":100},"r":{"a":0,"k":0},"p":{"a":0,"k":[153.061,146.363,0]},"a":{"a":0,"k":[98.327,116.709,0]},"s":{"a":0,"k":[100,100,100]}},"ao":0,"shapes":[{"ty":"gr","it":[{"ind":0,"ty":"sh","ks":{"a":0,"k":{"i":[[7.644,4.993],[5.87,-7.337],[0,0],[7.464,7.411],[7.859,-8.657],[0,0],[9.469,7.55],[7.477,-8.762],[0,0],[9.441,6.969],[7.006,-7.538],[0,0],[0.147,-0.165],[-18.952,2.021],[-0.342,-1.848],[-9.901,-5.436],[-4.855,0.806],[-0.16,-2.151],[-10.609,-6.047],[-4.738,2.105],[-1.009,-1.415],[-14.486,0.01],[-0.143,0.001],[-8.983,16.408],[0,0]],"o":[[-7.867,-5.139],[0,0],[6.564,-8.219],[-8.351,-8.291],[0,0],[7.899,-9.18],[-9.007,-7.181],[0,0],[7.617,-8.926],[-8.28,-6.112],[0,0],[-0.152,0.163],[-7.018,21.481],[1.869,-0.199],[0.882,4.77],[7.26,3.986],[2.128,-0.353],[0.41,5.502],[10.312,5.879],[1.588,-0.706],[3.375,4.736],[0.145,0],[11.248,-0.054],[0,0],[3.924,-8.244]],"v":[[188.387,141.22],[164.167,145.096],[167.656,140.677],[166.074,113.203],[136.32,113.973],[138.176,111.815],[135.301,81.182],[105.738,84.018],[148.966,33.364],[145.593,3.955],[118.759,6.459],[2.226,131.848],[1.784,132.343],[28.399,168.516],[32.328,171.447],[46.069,190.18],[66.368,192.914],[70.603,196.266],[83.967,217.323],[109.118,218.034],[113.588,219.222],[140.008,233.419],[140.441,233.417],[170.893,214.736],[194.882,164.331]],"c":true}},"nm":"Path 1","hd":false},{"ty":"fl","c":{"a":0,"k":[0.992156862745,0.83137254902,0.733333333333,1]},"o":{"a":0,"k":100},"r":1,"bm":0,"nm":"Fill 1","hd":false},{"ty":"tr","p":{"a":0,"k":[0,0]},"a":{"a":0,"k":[0,0]},"s":{"a":0,"k":[100,100]},"r":{"a":0,"k":0},"o":{"a":0,"k":100},"sk":{"a":0,"k":0},"sa":{"a":0,"k":0},"nm":"Transform"}],"nm":"Path 58","bm":0,"hd":false}],"ip":0,"op":2700,"st":0,"bm":0},{"ddd":0,"ind":6,"ty":4,"nm":"Path 557","sr":1,"ks":{"o":{"a":0,"k":100},"r":{"k":[{"s":[47],"t":10,"i":{"x":[1],"y":[1]},"o":{"x":[0],"y":[0]}},{"s":[47.068],"t":11,"i":{"x":[1],"y":[1]},"o":{"x":[0],"y":[0]}},{"s":[47.388],"t":12,"i":{"x":[1],"y":[1]},"o":{"x":[0],"y":[0]}},{"s":[47.787],"t":13,"i":{"x":[1],"y":[1]},"o":{"x":[0],"y":[0]}},{"s":[48.205],"t":14,"i":{"x":[1],"y":[1]},"o":{"x":[0],"y":[0]}},{"s":[48.616],"t":15,"i":{"x":[1],"y":[1]},"o":{"x":[0],"y":[0]}},{"s":[49.001],"t":16,"i":{"x":[1],"y":[1]},"o":{"x":[0],"y":[0]}},{"s":[49.347],"t":17,"i":{"x":[1],"y":[1]},"o":{"x":[0],"y":[0]}},{"s":[49.639],"t":18,"i":{"x":[1],"y":[1]},"o":{"x":[0],"y":[0]}},{"s":[49.86],"t":19,"i":{"x":[1],"y":[1]},"o":{"x":[0],"y":[0]}},{"s":[49.987],"t":20,"i":{"x":[1],"y":[1]},"o":{"x":[0],"y":[0]}},{"s":[49.989],"t":21,"i":{"x":[1],"y":[1]},"o":{"x":[0],"y":[0]}},{"s":[49.815],"t":22,"i":{"x":[1],"y":[1]},"o":{"x":[0],"y":[0]}},{"s":[49.372],"t":23,"i":{"x":[1],"y":[1]},"o":{"x":[0],"y":[0]}},{"s":[48.443],"t":24,"i":{"x":[1],"y":[1]},"o":{"x":[0],"y":[0]}},{"s":[43.262],"t":25,"i":{"x":[1],"y":[1]},"o":{"x":[0],"y":[0]}},{"s":[19.341],"t":26,"i":{"x":[1],"y":[1]},"o":{"x":[0],"y":[0]}},{"s":[0],"t":27,"i":{"x":[1],"y":[1]},"o":{"x":[0],"y":[0]}},{"s":[-11.744],"t":28,"i":{"x":[1],"y":[1]},"o":{"x":[0],"y":[0]}},{"s":[-20.189],"t":29,"i":{"x":[1],"y":[1]},"o":{"x":[0],"y":[0]}},{"s":[-25.742],"t":30,"i":{"x":[1],"y":[1]},"o":{"x":[0],"y":[0]}},{"s":[-28.813],"t":31,"i":{"x":[1],"y":[1]},"o":{"x":[0],"y":[0]}},{"s":[-29.844],"t":32,"i":{"x":[1],"y":[1]},"o":{"x":[0],"y":[0]}},{"s":[-29.266],"t":33,"i":{"x":[1],"y":[1]},"o":{"x":[0],"y":[0]}},{"s":[-27.482],"t":34,"i":{"x":[1],"y":[1]},"o":{"x":[0],"y":[0]}},{"s":[-24.859],"t":35,"i":{"x":[1],"y":[1]},"o":{"x":[0],"y":[0]}},{"s":[-21.707],"t":36,"i":{"x":[1],"y":[1]},"o":{"x":[0],"y":[0]}},{"s":[-18.298],"t":37,"i":{"x":[1],"y":[1]},"o":{"x":[0],"y":[0]}},{"s":[-14.853],"t":38,"i":{"x":[1],"y":[1]},"o":{"x":[0],"y":[0]}},{"s":[-11.529],"t":39,"i":{"x":[1],"y":[1]},"o":{"x":[0],"y":[0]}},{"s":[-8.455],"t":40,"i":{"x":[1],"y":[1]},"o":{"x":[0],"y":[0]}},{"s":[-5.717],"t":41,"i":{"x":[1],"y":[1]},"o":{"x":[0],"y":[0]}},{"s":[-3.354],"t":42,"i":{"x":[1],"y":[1]},"o":{"x":[0],"y":[0]}},{"s":[-1.391],"t":43,"i":{"x":[1],"y":[1]},"o":{"x":[0],"y":[0]}},{"s":[0.174],"t":44,"i":{"x":[1],"y":[1]},"o":{"x":[0],"y":[0]}},{"s":[1.367],"t":45,"i":{"x":[1],"y":[1]},"o":{"x":[0],"y":[0]}},{"s":[2.218],"t":46,"i":{"x":[1],"y":[1]},"o":{"x":[0],"y":[0]}},{"s":[2.767],"t":47,"i":{"x":[1],"y":[1]},"o":{"x":[0],"y":[0]}},{"s":[3.061],"t":48,"i":{"x":[1],"y":[1]},"o":{"x":[0],"y":[0]}},{"s":[3.146],"t":49,"i":{"x":[1],"y":[1]},"o":{"x":[0],"y":[0]}},{"s":[3.067],"t":50,"i":{"x":[1],"y":[1]},"o":{"x":[0],"y":[0]}},{"s":[2.866],"t":51,"i":{"x":[1],"y":[1]},"o":{"x":[0],"y":[0]}},{"s":[2.581],"t":52,"i":{"x":[1],"y":[1]},"o":{"x":[0],"y":[0]}},{"s":[2.244],"t":53,"i":{"x":[1],"y":[1]},"o":{"x":[0],"y":[0]}},{"s":[1.883],"t":54,"i":{"x":[1],"y":[1]},"o":{"x":[0],"y":[0]}},{"s":[1.52],"t":55,"i":{"x":[1],"y":[1]},"o":{"x":[0],"y":[0]}},{"s":[1.173],"t":56,"i":{"x":[1],"y":[1]},"o":{"x":[0],"y":[0]}},{"s":[0.853],"t":57,"i":{"x":[1],"y":[1]},"o":{"x":[0],"y":[0]}},{"s":[0.569],"t":58,"i":{"x":[1],"y":[1]},"o":{"x":[0],"y":[0]}},{"s":[0.325],"t":59,"i":{"x":[1],"y":[1]},"o":{"x":[0],"y":[0]}},{"s":[0.124],"t":60,"i":{"x":[1],"y":[1]},"o":{"x":[0],"y":[0]}},{"s":[-0.036],"t":61,"i":{"x":[1],"y":[1]},"o":{"x":[0],"y":[0]}},{"s":[-0.157],"t":62,"i":{"x":[1],"y":[1]},"o":{"x":[0],"y":[0]}},{"s":[-0.243],"t":63,"i":{"x":[1],"y":[1]},"o":{"x":[0],"y":[0]}},{"s":[-0.297],"t":64,"i":{"x":[1],"y":[1]},"o":{"x":[0],"y":[0]}},{"s":[-0.325],"t":65,"i":{"x":[1],"y":[1]},"o":{"x":[0],"y":[0]}},{"s":[-0.331],"t":66,"i":{"x":[1],"y":[1]},"o":{"x":[0],"y":[0]}},{"s":[-0.321],"t":67,"i":{"x":[1],"y":[1]},"o":{"x":[0],"y":[0]}},{"s":[-0.299],"t":68,"i":{"x":[1],"y":[1]},"o":{"x":[0],"y":[0]}},{"s":[-0.268],"t":69,"i":{"x":[1],"y":[1]},"o":{"x":[0],"y":[0]}},{"s":[-0.232],"t":70,"i":{"x":[1],"y":[1]},"o":{"x":[0],"y":[0]}},{"s":[-0.156],"t":72,"i":{"x":[1],"y":[1]},"o":{"x":[0],"y":[0]}},{"s":[-0.119],"t":73,"i":{"x":[1],"y":[1]},"o":{"x":[0],"y":[0]}},{"s":[-0.086],"t":74,"i":{"x":[1],"y":[1]},"o":{"x":[0],"y":[0]}},{"s":[-0.057],"t":75,"i":{"x":[1],"y":[1]},"o":{"x":[0],"y":[0]}},{"s":[-0.031],"t":76,"i":{"x":[1],"y":[1]},"o":{"x":[0],"y":[0]}},{"s":[-0.011],"t":77,"i":{"x":[1],"y":[1]},"o":{"x":[0],"y":[0]}},{"s":[0.006],"t":78,"i":{"x":[1],"y":[1]},"o":{"x":[0],"y":[0]}},{"s":[0.018],"t":79,"i":{"x":[1],"y":[1]},"o":{"x":[0],"y":[0]}},{"s":[0.026],"t":80,"i":{"x":[1],"y":[1]},"o":{"x":[0],"y":[0]}},{"s":[0.032],"t":81,"i":{"x":[1],"y":[1]},"o":{"x":[0],"y":[0]}},{"s":[0.034],"t":82,"i":{"x":[1],"y":[1]},"o":{"x":[0],"y":[0]}},{"s":[0.035],"t":83,"i":{"x":[1],"y":[1]},"o":{"x":[0],"y":[0]}},{"s":[0.034],"t":84,"i":{"x":[1],"y":[1]},"o":{"x":[0],"y":[0]}},{"s":[0.031],"t":85,"i":{"x":[1],"y":[1]},"o":{"x":[0],"y":[0]}},{"s":[0.028],"t":86,"i":{"x":[1],"y":[1]},"o":{"x":[0],"y":[0]}},{"s":[0.024],"t":87,"i":{"x":[1],"y":[1]},"o":{"x":[0],"y":[0]}},{"s":[0.02],"t":88,"i":{"x":[1],"y":[1]},"o":{"x":[0],"y":[0]}},{"s":[0.016],"t":89,"i":{"x":[1],"y":[1]},"o":{"x":[0],"y":[0]}}]},"p":{"a":0,"k":[101.919,113.124,0]},"a":{"a":0,"k":[0,51.726,0]},"s":{"a":0,"k":[100,100,100]}},"ao":0,"ef":[{"ty":5,"nm":"Elastic: Rotation","np":5,"mn":"Pseudo/MDS Elastic Controller","ix":1,"en":1,"ef":[{"ty":0,"nm":"Amplitude","mn":"Pseudo/MDS Elastic Controller-0001","ix":1,"v":{"a":0,"k":20}},{"ty":0,"nm":"Frequency","mn":"Pseudo/MDS Elastic Controller-0002","ix":2,"v":{"a":0,"k":40}},{"ty":0,"nm":"Decay","mn":"Pseudo/MDS Elastic Controller-0003","ix":3,"v":{"a":0,"k":60}}]}],"shapes":[{"ty":"gr","it":[{"ind":0,"ty":"sh","ks":{"a":0,"k":{"i":[[0,0],[0,0],[0,0],[0,0],[0,0],[0.361,2.214]],"o":[[0,0],[0,0],[0,0],[0,0],[0,-2.294],[0,0]],"v":[[0,38.608],[0,51.726],[33.99,65.548],[42.587,36.718],[36.435,6.77],[35.882,0]],"c":true}},"nm":"Path 1","hd":false},{"ty":"fl","c":{"a":0,"k":[0.909803921569,0.662745098039,0.564705882353,1]},"o":{"a":0,"k":100},"r":1,"bm":0,"nm":"Fill 1","hd":false},{"ty":"tr","p":{"a":0,"k":[0,0]},"a":{"a":0,"k":[0,0]},"s":{"a":0,"k":[100,100]},"r":{"a":0,"k":0},"o":{"a":0,"k":100},"sk":{"a":0,"k":0},"sa":{"a":0,"k":0},"nm":"Transform"}],"nm":"Path 57","bm":0,"hd":false}],"ip":0,"op":2700,"st":0,"bm":0},{"ddd":0,"ind":7,"ty":4,"nm":"Path 56","parent":6,"sr":1,"ks":{"o":{"a":0,"k":100},"r":{"a":0,"k":0},"p":{"a":0,"k":[17.941,2.855,0]},"a":{"a":0,"k":[17.941,35.754,0]},"s":{"a":0,"k":[100,100,100]}},"ao":0,"shapes":[{"ty":"gr","it":[{"ind":0,"ty":"sh","ks":{"a":0,"k":{"i":[[14.025,5.449],[0,-4.969],[0,0],[0,0],[0,0]],"o":[[-4.631,-1.8],[0,0],[0,0],[0,0],[-2.366,-14.525]],"v":[[9.624,0.486],[0,7.072],[0,71.507],[18.218,58.259],[35.882,32.899]],"c":true}},"nm":"Path 1","hd":false},{"ty":"fl","c":{"a":0,"k":[0.921568627451,0.729411764706,0.63137254902,1]},"o":{"a":0,"k":100},"r":1,"bm":0,"nm":"Fill 1","hd":false},{"ty":"tr","p":{"a":0,"k":[0,0]},"a":{"a":0,"k":[0,0]},"s":{"a":0,"k":[100,100]},"r":{"a":0,"k":0},"o":{"a":0,"k":100},"sk":{"a":0,"k":0},"sa":{"a":0,"k":0},"nm":"Transform"}],"nm":"Path 56","bm":0,"hd":false}],"ip":0,"op":2700,"st":0,"bm":0}]}],"layers":[{"ddd":0,"ind":1,"ty":0,"nm":"heart 3","refId":"comp_0","sr":1,"ks":{"o":{"a":1,"k":[{"i":{"x":[0.833],"y":[0.833]},"o":{"x":[0.167],"y":[0.167]},"t":34,"s":[100]},{"i":{"x":[0.833],"y":[0.833]},"o":{"x":[0.167],"y":[0.167]},"t":40,"s":[100]},{"i":{"x":[0.833],"y":[0.833]},"o":{"x":[0.167],"y":[0.167]},"t":54,"s":[100]},{"t":65,"s":[0]}]},"r":{"a":0,"k":0},"p":{"k":[{"s":[216,190,0],"t":34,"i":{"x":1,"y":1},"o":{"x":0,"y":0}},{"s":[217.021,167.888,0],"t":35,"i":{"x":1,"y":1},"o":{"x":0,"y":0}},{"s":[218.047,145.641,0],"t":36,"i":{"x":1,"y":1},"o":{"x":0,"y":0}},{"s":[219.07,123.486,0],"t":37,"i":{"x":1,"y":1},"o":{"x":0,"y":0}},{"s":[220.082,101.552,0],"t":38,"i":{"x":1,"y":1},"o":{"x":0,"y":0}},{"s":[221.074,80.067,0],"t":39,"i":{"x":1,"y":1},"o":{"x":0,"y":0}},{"s":[222,60,0],"t":40,"i":{"x":1,"y":1},"o":{"x":0,"y":0}},{"s":[222.631,46.319,0],"t":41,"i":{"x":1,"y":1},"o":{"x":0,"y":0}},{"s":[223.086,36.467,0],"t":42,"i":{"x":1,"y":1},"o":{"x":0,"y":0}},{"s":[223.385,29.999,0],"t":43,"i":{"x":1,"y":1},"o":{"x":0,"y":0}},{"s":[223.55,26.421,0],"t":44,"i":{"x":1,"y":1},"o":{"x":0,"y":0}},{"s":[223.605,25.218,0],"t":45,"i":{"x":1,"y":1},"o":{"x":0,"y":0}},{"s":[223.574,25.891,0],"t":46,"i":{"x":1,"y":1},"o":{"x":0,"y":0}},{"s":[223.478,27.97,0],"t":47,"i":{"x":1,"y":1},"o":{"x":0,"y":0}},{"s":[223.337,31.03,0],"t":48,"i":{"x":1,"y":1},"o":{"x":0,"y":0}},{"s":[223.168,34.701,0],"t":49,"i":{"x":1,"y":1},"o":{"x":0,"y":0}},{"s":[222.984,38.672,0],"t":50,"i":{"x":1,"y":1},"o":{"x":0,"y":0}},{"s":[222.799,42.692,0],"t":51,"i":{"x":1,"y":1},"o":{"x":0,"y":0}},{"s":[222.62,46.563,0],"t":52,"i":{"x":1,"y":1},"o":{"x":0,"y":0}},{"s":[222.455,50.144,0],"t":53,"i":{"x":1,"y":1},"o":{"x":0,"y":0}},{"s":[222.307,53.339,0],"t":54,"i":{"x":1,"y":1},"o":{"x":0,"y":0}},{"s":[222.18,56.091,0],"t":55,"i":{"x":1,"y":1},"o":{"x":0,"y":0}},{"s":[222.075,58.378,0],"t":56,"i":{"x":1,"y":1},"o":{"x":0,"y":0}},{"s":[221.991,60.204,0],"t":57,"i":{"x":1,"y":1},"o":{"x":0,"y":0}},{"s":[221.926,61.593,0],"t":58,"i":{"x":1,"y":1},"o":{"x":0,"y":0}},{"s":[221.881,62.584,0],"t":59,"i":{"x":1,"y":1},"o":{"x":0,"y":0}},{"s":[221.851,63.225,0],"t":60,"i":{"x":1,"y":1},"o":{"x":0,"y":0}},{"s":[221.835,63.568,0],"t":61,"i":{"x":1,"y":1},"o":{"x":0,"y":0}},{"s":[221.831,63.667,0],"t":62,"i":{"x":1,"y":1},"o":{"x":0,"y":0}},{"s":[221.835,63.575,0],"t":63,"i":{"x":1,"y":1},"o":{"x":0,"y":0}},{"s":[221.846,63.34,0],"t":64,"i":{"x":1,"y":1},"o":{"x":0,"y":0}},{"s":[221.861,63.008,0],"t":65,"i":{"x":1,"y":1},"o":{"x":0,"y":0}},{"s":[221.879,62.615,0],"t":66,"i":{"x":1,"y":1},"o":{"x":0,"y":0}},{"s":[221.899,62.195,0],"t":67,"i":{"x":1,"y":1},"o":{"x":0,"y":0}},{"s":[221.918,61.772,0],"t":68,"i":{"x":1,"y":1},"o":{"x":0,"y":0}},{"s":[221.937,61.367,0],"t":69,"i":{"x":1,"y":1},"o":{"x":0,"y":0}},{"s":[221.954,60.994,0],"t":70,"i":{"x":1,"y":1},"o":{"x":0,"y":0}},{"s":[221.969,60.663,0],"t":71,"i":{"x":1,"y":1},"o":{"x":0,"y":0}},{"s":[221.982,60.379,0],"t":72,"i":{"x":1,"y":1},"o":{"x":0,"y":0}},{"s":[221.993,60.144,0],"t":73,"i":{"x":1,"y":1},"o":{"x":0,"y":0}},{"s":[222.002,59.958,0],"t":74,"i":{"x":1,"y":1},"o":{"x":0,"y":0}},{"s":[222.008,59.817,0],"t":75,"i":{"x":1,"y":1},"o":{"x":0,"y":0}},{"s":[222.013,59.717,0],"t":76,"i":{"x":1,"y":1},"o":{"x":0,"y":0}},{"s":[222.016,59.654,0],"t":77,"i":{"x":1,"y":1},"o":{"x":0,"y":0}},{"s":[222.014,59.688,0],"t":82,"i":{"x":1,"y":1},"o":{"x":0,"y":0}},{"s":[222.012,59.73,0],"t":83,"i":{"x":1,"y":1},"o":{"x":0,"y":0}},{"s":[222.01,59.774,0],"t":84,"i":{"x":1,"y":1},"o":{"x":0,"y":0}},{"s":[222.008,59.819,0],"t":85,"i":{"x":1,"y":1},"o":{"x":0,"y":0}},{"s":[222.006,59.861,0],"t":86,"i":{"x":1,"y":1},"o":{"x":0,"y":0}},{"s":[222.005,59.9,0],"t":87,"i":{"x":1,"y":1},"o":{"x":0,"y":0}},{"s":[222.003,59.934,0],"t":88,"i":{"x":1,"y":1},"o":{"x":0,"y":0}}]},"a":{"a":0,"k":[45.5,40,0]},"s":{"a":1,"k":[{"i":{"x":[0.833,0.833,0.833],"y":[0.833,0.833,0.833]},"o":{"x":[0.167,0.167,0.167],"y":[0.167,0.167,0.167]},"t":34,"s":[46,46,100]},{"t":40,"s":[31,31,100]}]}},"ao":0,"ef":[{"ty":5,"nm":"Elastic: Position","np":5,"mn":"Pseudo/MDS Elastic Controller","ix":1,"en":1,"ef":[{"ty":0,"nm":"Amplitude","mn":"Pseudo/MDS Elastic Controller-0001","ix":1,"v":{"a":0,"k":20}},{"ty":0,"nm":"Frequency","mn":"Pseudo/MDS Elastic Controller-0002","ix":2,"v":{"a":0,"k":40}},{"ty":0,"nm":"Decay","mn":"Pseudo/MDS Elastic Controller-0003","ix":3,"v":{"a":0,"k":60}}]}],"w":91,"h":80,"ip":34,"op":2734,"st":34,"bm":0},{"ddd":0,"ind":2,"ty":0,"nm":"heart 2","refId":"comp_0","sr":1,"ks":{"o":{"a":1,"k":[{"i":{"x":[0.833],"y":[0.833]},"o":{"x":[0.167],"y":[0.167]},"t":31,"s":[100]},{"i":{"x":[0.833],"y":[0.833]},"o":{"x":[0.167],"y":[0.167]},"t":37,"s":[100]},{"i":{"x":[0.833],"y":[0.833]},"o":{"x":[0.167],"y":[0.167]},"t":51,"s":[100]},{"t":62,"s":[0]}]},"r":{"a":0,"k":0},"p":{"k":[{"s":[210,184,0],"t":31,"i":{"x":1,"y":1},"o":{"x":0,"y":0}},{"s":[197.038,179.787,0],"t":32,"i":{"x":1,"y":1},"o":{"x":0,"y":0}},{"s":[184.202,175.616,0],"t":33,"i":{"x":1,"y":1},"o":{"x":0,"y":0}},{"s":[171.285,171.418,0],"t":34,"i":{"x":1,"y":1},"o":{"x":0,"y":0}},{"s":[158.191,167.162,0],"t":35,"i":{"x":1,"y":1},"o":{"x":0,"y":0}},{"s":[144.708,162.78,0],"t":36,"i":{"x":1,"y":1},"o":{"x":0,"y":0}},{"s":[130,158,0],"t":37,"i":{"x":1,"y":1},"o":{"x":0,"y":0}},{"s":[118.361,154.217,0],"t":38,"i":{"x":1,"y":1},"o":{"x":0,"y":0}},{"s":[109.979,151.493,0],"t":39,"i":{"x":1,"y":1},"o":{"x":0,"y":0}},{"s":[104.477,149.705,0],"t":40,"i":{"x":1,"y":1},"o":{"x":0,"y":0}},{"s":[101.433,148.716,0],"t":41,"i":{"x":1,"y":1},"o":{"x":0,"y":0}},{"s":[100.41,148.383,0],"t":42,"i":{"x":1,"y":1},"o":{"x":0,"y":0}},{"s":[100.982,148.569,0],"t":43,"i":{"x":1,"y":1},"o":{"x":0,"y":0}},{"s":[102.751,149.144,0],"t":44,"i":{"x":1,"y":1},"o":{"x":0,"y":0}},{"s":[105.354,149.99,0],"t":45,"i":{"x":1,"y":1},"o":{"x":0,"y":0}},{"s":[108.477,151.005,0],"t":46,"i":{"x":1,"y":1},"o":{"x":0,"y":0}},{"s":[111.856,152.103,0],"t":47,"i":{"x":1,"y":1},"o":{"x":0,"y":0}},{"s":[115.275,153.214,0],"t":48,"i":{"x":1,"y":1},"o":{"x":0,"y":0}},{"s":[118.569,154.285,0],"t":49,"i":{"x":1,"y":1},"o":{"x":0,"y":0}},{"s":[121.615,155.275,0],"t":50,"i":{"x":1,"y":1},"o":{"x":0,"y":0}},{"s":[124.333,156.158,0],"t":51,"i":{"x":1,"y":1},"o":{"x":0,"y":0}},{"s":[126.674,156.919,0],"t":52,"i":{"x":1,"y":1},"o":{"x":0,"y":0}},{"s":[128.62,157.551,0],"t":53,"i":{"x":1,"y":1},"o":{"x":0,"y":0}},{"s":[130.173,158.056,0],"t":54,"i":{"x":1,"y":1},"o":{"x":0,"y":0}},{"s":[131.355,158.44,0],"t":55,"i":{"x":1,"y":1},"o":{"x":0,"y":0}},{"s":[132.198,158.714,0],"t":56,"i":{"x":1,"y":1},"o":{"x":0,"y":0}},{"s":[132.743,158.892,0],"t":57,"i":{"x":1,"y":1},"o":{"x":0,"y":0}},{"s":[133.035,158.986,0],"t":58,"i":{"x":1,"y":1},"o":{"x":0,"y":0}},{"s":[133.041,158.988,0],"t":60,"i":{"x":1,"y":1},"o":{"x":0,"y":0}},{"s":[132.842,158.924,0],"t":61,"i":{"x":1,"y":1},"o":{"x":0,"y":0}},{"s":[132.559,158.832,0],"t":62,"i":{"x":1,"y":1},"o":{"x":0,"y":0}},{"s":[132.225,158.723,0],"t":63,"i":{"x":1,"y":1},"o":{"x":0,"y":0}},{"s":[131.867,158.607,0],"t":64,"i":{"x":1,"y":1},"o":{"x":0,"y":0}},{"s":[131.508,158.49,0],"t":65,"i":{"x":1,"y":1},"o":{"x":0,"y":0}},{"s":[131.163,158.378,0],"t":66,"i":{"x":1,"y":1},"o":{"x":0,"y":0}},{"s":[130.846,158.275,0],"t":67,"i":{"x":1,"y":1},"o":{"x":0,"y":0}},{"s":[130.564,158.183,0],"t":68,"i":{"x":1,"y":1},"o":{"x":0,"y":0}},{"s":[130.323,158.105,0],"t":69,"i":{"x":1,"y":1},"o":{"x":0,"y":0}},{"s":[130.123,158.04,0],"t":70,"i":{"x":1,"y":1},"o":{"x":0,"y":0}},{"s":[129.964,157.988,0],"t":71,"i":{"x":1,"y":1},"o":{"x":0,"y":0}},{"s":[129.844,157.949,0],"t":72,"i":{"x":1,"y":1},"o":{"x":0,"y":0}},{"s":[129.759,157.922,0],"t":73,"i":{"x":1,"y":1},"o":{"x":0,"y":0}},{"s":[129.882,157.962,0],"t":83,"i":{"x":1,"y":1},"o":{"x":0,"y":0}},{"s":[130.006,158.002,0],"t":88,"i":{"x":1,"y":1},"o":{"x":0,"y":0}}]},"a":{"a":0,"k":[45.5,40,0]},"s":{"a":1,"k":[{"i":{"x":[0.833,0.833,0.833],"y":[0.833,0.833,0.833]},"o":{"x":[0.167,0.167,0.167],"y":[0.167,0.167,0.167]},"t":31,"s":[46,46,100]},{"t":37,"s":[31,31,100]}]}},"ao":0,"ef":[{"ty":5,"nm":"Elastic: Position","np":5,"mn":"Pseudo/MDS Elastic Controller","ix":1,"en":1,"ef":[{"ty":0,"nm":"Amplitude","mn":"Pseudo/MDS Elastic Controller-0001","ix":1,"v":{"a":0,"k":20}},{"ty":0,"nm":"Frequency","mn":"Pseudo/MDS Elastic Controller-0002","ix":2,"v":{"a":0,"k":40}},{"ty":0,"nm":"Decay","mn":"Pseudo/MDS Elastic Controller-0003","ix":3,"v":{"a":0,"k":60}}]}],"w":91,"h":80,"ip":31,"op":2731,"st":31,"bm":0},{"ddd":0,"ind":3,"ty":0,"nm":"heart","refId":"comp_0","sr":1,"ks":{"o":{"a":1,"k":[{"i":{"x":[0.833],"y":[0.833]},"o":{"x":[0.167],"y":[0.167]},"t":28,"s":[100]},{"i":{"x":[0.833],"y":[0.833]},"o":{"x":[0.167],"y":[0.167]},"t":34,"s":[100]},{"i":{"x":[0.833],"y":[0.833]},"o":{"x":[0.167],"y":[0.167]},"t":48,"s":[100]},{"t":59,"s":[0]}]},"r":{"a":0,"k":0},"p":{"k":[{"s":[212,174,0],"t":28,"i":{"x":1,"y":1},"o":{"x":0,"y":0}},{"s":[205.168,161.637,0],"t":29,"i":{"x":1,"y":1},"o":{"x":0,"y":0}},{"s":[198.392,149.375,0],"t":30,"i":{"x":1,"y":1},"o":{"x":0,"y":0}},{"s":[191.579,137.047,0],"t":31,"i":{"x":1,"y":1},"o":{"x":0,"y":0}},{"s":[179.696,115.545,0],"t":32,"i":{"x":1,"y":1},"o":{"x":0,"y":0}},{"s":[169.037,96.258,0],"t":33,"i":{"x":1,"y":1},"o":{"x":0,"y":0}},{"s":[170,98,0],"t":34,"i":{"x":1,"y":1},"o":{"x":0,"y":0}},{"s":[164.054,87.24,0],"t":35,"i":{"x":1,"y":1},"o":{"x":0,"y":0}},{"s":[159.772,79.492,0],"t":36,"i":{"x":1,"y":1},"o":{"x":0,"y":0}},{"s":[156.961,74.405,0],"t":37,"i":{"x":1,"y":1},"o":{"x":0,"y":0}},{"s":[155.405,71.59,0],"t":38,"i":{"x":1,"y":1},"o":{"x":0,"y":0}},{"s":[154.883,70.645,0],"t":39,"i":{"x":1,"y":1},"o":{"x":0,"y":0}},{"s":[155.175,71.174,0],"t":40,"i":{"x":1,"y":1},"o":{"x":0,"y":0}},{"s":[156.079,72.809,0],"t":41,"i":{"x":1,"y":1},"o":{"x":0,"y":0}},{"s":[157.409,75.216,0],"t":42,"i":{"x":1,"y":1},"o":{"x":0,"y":0}},{"s":[159.004,78.103,0],"t":43,"i":{"x":1,"y":1},"o":{"x":0,"y":0}},{"s":[160.73,81.226,0],"t":44,"i":{"x":1,"y":1},"o":{"x":0,"y":0}},{"s":[162.477,84.387,0],"t":45,"i":{"x":1,"y":1},"o":{"x":0,"y":0}},{"s":[164.16,87.432,0],"t":46,"i":{"x":1,"y":1},"o":{"x":0,"y":0}},{"s":[165.716,90.249,0],"t":47,"i":{"x":1,"y":1},"o":{"x":0,"y":0}},{"s":[167.105,92.761,0],"t":48,"i":{"x":1,"y":1},"o":{"x":0,"y":0}},{"s":[168.301,94.925,0],"t":49,"i":{"x":1,"y":1},"o":{"x":0,"y":0}},{"s":[169.295,96.724,0],"t":50,"i":{"x":1,"y":1},"o":{"x":0,"y":0}},{"s":[170.089,98.16,0],"t":51,"i":{"x":1,"y":1},"o":{"x":0,"y":0}},{"s":[170.692,99.253,0],"t":52,"i":{"x":1,"y":1},"o":{"x":0,"y":0}},{"s":[171.123,100.032,0],"t":53,"i":{"x":1,"y":1},"o":{"x":0,"y":0}},{"s":[171.402,100.536,0],"t":54,"i":{"x":1,"y":1},"o":{"x":0,"y":0}},{"s":[171.551,100.806,0],"t":55,"i":{"x":1,"y":1},"o":{"x":0,"y":0}},{"s":[171.554,100.811,0],"t":57,"i":{"x":1,"y":1},"o":{"x":0,"y":0}},{"s":[171.452,100.627,0],"t":58,"i":{"x":1,"y":1},"o":{"x":0,"y":0}},{"s":[171.307,100.366,0],"t":59,"i":{"x":1,"y":1},"o":{"x":0,"y":0}},{"s":[171.137,100.057,0],"t":60,"i":{"x":1,"y":1},"o":{"x":0,"y":0}},{"s":[170.954,99.726,0],"t":61,"i":{"x":1,"y":1},"o":{"x":0,"y":0}},{"s":[170.77,99.394,0],"t":62,"i":{"x":1,"y":1},"o":{"x":0,"y":0}},{"s":[170.594,99.075,0],"t":63,"i":{"x":1,"y":1},"o":{"x":0,"y":0}},{"s":[170.432,98.782,0],"t":64,"i":{"x":1,"y":1},"o":{"x":0,"y":0}},{"s":[170.288,98.522,0],"t":65,"i":{"x":1,"y":1},"o":{"x":0,"y":0}},{"s":[170.165,98.298,0],"t":66,"i":{"x":1,"y":1},"o":{"x":0,"y":0}},{"s":[170.063,98.113,0],"t":67,"i":{"x":1,"y":1},"o":{"x":0,"y":0}},{"s":[169.982,97.967,0],"t":68,"i":{"x":1,"y":1},"o":{"x":0,"y":0}},{"s":[169.92,97.856,0],"t":69,"i":{"x":1,"y":1},"o":{"x":0,"y":0}},{"s":[169.877,97.778,0],"t":70,"i":{"x":1,"y":1},"o":{"x":0,"y":0}},{"s":[169.921,97.857,0],"t":79,"i":{"x":1,"y":1},"o":{"x":0,"y":0}},{"s":[169.971,97.948,0],"t":82,"i":{"x":1,"y":1},"o":{"x":0,"y":0}}]},"a":{"a":0,"k":[45.5,40,0]},"s":{"a":1,"k":[{"i":{"x":[0.833,0.833,0.833],"y":[0.833,0.833,0.833]},"o":{"x":[0.167,0.167,0.167],"y":[0.167,0.167,0.167]},"t":28,"s":[46,46,100]},{"t":34,"s":[31,31,100]}]}},"ao":0,"ef":[{"ty":5,"nm":"Elastic: Position","np":5,"mn":"Pseudo/MDS Elastic Controller","ix":1,"en":1,"ef":[{"ty":0,"nm":"Amplitude","mn":"Pseudo/MDS Elastic Controller-0001","ix":1,"v":{"a":0,"k":20}},{"ty":0,"nm":"Frequency","mn":"Pseudo/MDS Elastic Controller-0002","ix":2,"v":{"a":0,"k":40}},{"ty":0,"nm":"Decay","mn":"Pseudo/MDS Elastic Controller-0003","ix":3,"v":{"a":0,"k":60}}]}],"w":91,"h":80,"ip":28,"op":2728,"st":28,"bm":0},{"ddd":0,"ind":4,"ty":4,"nm":"Burst white","sr":1,"ks":{"o":{"a":1,"k":[{"i":{"x":[0.833],"y":[0.833]},"o":{"x":[0.167],"y":[0.167]},"t":28,"s":[0]},{"t":29,"s":[100]}]},"r":{"a":0,"k":0},"p":{"k":[{"s":[250,249,0],"t":10,"i":{"x":1,"y":1},"o":{"x":0,"y":0}},{"s":[250,249,0],"t":89,"i":{"x":1,"y":1},"o":{"x":0,"y":0}}]},"a":{"a":0,"k":[0,0,0]},"s":{"a":0,"k":[70,70,100]}},"ao":0,"ef":[{"ty":5,"nm":"Burst","np":32,"mn":"Pseudo/UgOta64372a0u","ix":1,"en":1,"ef":[{"ty":3,"nm":"Global Position","mn":"Pseudo/UgOta64372a0u-0001","ix":1,"v":{"a":0,"k":[250,249]}},{"ty":6,"nm":"Copies","mn":"Pseudo/UgOta64372a0u-0002","ix":2,"v":0},{"ty":0,"nm":"Count","mn":"Pseudo/UgOta64372a0u-0003","ix":3,"v":{"k":[{"s":[8],"t":10,"i":{"x":[1],"y":[1]},"o":{"x":[0],"y":[0]}},{"s":[8],"t":89,"i":{"x":[1],"y":[1]},"o":{"x":[0],"y":[0]}}]}},{"ty":0,"nm":"Burst Offset","mn":"Pseudo/UgOta64372a0u-0004","ix":4,"v":{"a":0,"k":0}},{"ty":0,"nm":"Dist. from Center","mn":"Pseudo/UgOta64372a0u-0005","ix":5,"v":{"k":[{"s":[0],"t":28,"i":{"x":[1],"y":[1]},"o":{"x":[0],"y":[0]}},{"s":[243.901],"t":36,"i":{"x":[1],"y":[1]},"o":{"x":[0],"y":[0]}},{"s":[265.414],"t":37,"i":{"x":[1],"y":[1]},"o":{"x":[0],"y":[0]}},{"s":[280.708],"t":38,"i":{"x":[1],"y":[1]},"o":{"x":[0],"y":[0]}},{"s":[290.503],"t":39,"i":{"x":[1],"y":[1]},"o":{"x":[0],"y":[0]}},{"s":[295.606],"t":40,"i":{"x":[1],"y":[1]},"o":{"x":[0],"y":[0]}},{"s":[296.849],"t":41,"i":{"x":[1],"y":[1]},"o":{"x":[0],"y":[0]}},{"s":[295.045],"t":42,"i":{"x":[1],"y":[1]},"o":{"x":[0],"y":[0]}},{"s":[290.959],"t":43,"i":{"x":[1],"y":[1]},"o":{"x":[0],"y":[0]}},{"s":[285.278],"t":44,"i":{"x":[1],"y":[1]},"o":{"x":[0],"y":[0]}},{"s":[278.604],"t":45,"i":{"x":[1],"y":[1]},"o":{"x":[0],"y":[0]}},{"s":[271.443],"t":46,"i":{"x":[1],"y":[1]},"o":{"x":[0],"y":[0]}},{"s":[264.204],"t":47,"i":{"x":[1],"y":[1]},"o":{"x":[0],"y":[0]}},{"s":[257.205],"t":48,"i":{"x":[1],"y":[1]},"o":{"x":[0],"y":[0]}},{"s":[250.677],"t":49,"i":{"x":[1],"y":[1]},"o":{"x":[0],"y":[0]}},{"s":[244.778],"t":50,"i":{"x":[1],"y":[1]},"o":{"x":[0],"y":[0]}},{"s":[239.597],"t":51,"i":{"x":[1],"y":[1]},"o":{"x":[0],"y":[0]}},{"s":[235.172],"t":52,"i":{"x":[1],"y":[1]},"o":{"x":[0],"y":[0]}},{"s":[231.496],"t":53,"i":{"x":[1],"y":[1]},"o":{"x":[0],"y":[0]}},{"s":[228.529],"t":54,"i":{"x":[1],"y":[1]},"o":{"x":[0],"y":[0]}},{"s":[226.208],"t":55,"i":{"x":[1],"y":[1]},"o":{"x":[0],"y":[0]}},{"s":[224.457],"t":56,"i":{"x":[1],"y":[1]},"o":{"x":[0],"y":[0]}},{"s":[223.19],"t":57,"i":{"x":[1],"y":[1]},"o":{"x":[0],"y":[0]}},{"s":[222.319],"t":58,"i":{"x":[1],"y":[1]},"o":{"x":[0],"y":[0]}},{"s":[221.758],"t":59,"i":{"x":[1],"y":[1]},"o":{"x":[0],"y":[0]}},{"s":[221.429],"t":60,"i":{"x":[1],"y":[1]},"o":{"x":[0],"y":[0]}},{"s":[221.259],"t":61,"i":{"x":[1],"y":[1]},"o":{"x":[0],"y":[0]}},{"s":[221.083],"t":65,"i":{"x":[1],"y":[1]},"o":{"x":[0],"y":[0]}},{"s":[220.978],"t":66,"i":{"x":[1],"y":[1]},"o":{"x":[0],"y":[0]}},{"s":[221.883],"t":67,"i":{"x":[1],"y":[1]},"o":{"x":[0],"y":[0]}},{"s":[227.623],"t":68,"i":{"x":[1],"y":[1]},"o":{"x":[0],"y":[0]}},{"s":[233.507],"t":69,"i":{"x":[1],"y":[1]},"o":{"x":[0],"y":[0]}},{"s":[239.52],"t":70,"i":{"x":[1],"y":[1]},"o":{"x":[0],"y":[0]}},{"s":[245.642],"t":71,"i":{"x":[1],"y":[1]},"o":{"x":[0],"y":[0]}},{"s":[251.854],"t":72,"i":{"x":[1],"y":[1]},"o":{"x":[0],"y":[0]}},{"s":[258.137],"t":73,"i":{"x":[1],"y":[1]},"o":{"x":[0],"y":[0]}},{"s":[264.473],"t":74,"i":{"x":[1],"y":[1]},"o":{"x":[0],"y":[0]}},{"s":[270.847],"t":75,"i":{"x":[1],"y":[1]},"o":{"x":[0],"y":[0]}},{"s":[278.201],"t":76,"i":{"x":[1],"y":[1]},"o":{"x":[0],"y":[0]}},{"s":[282.762],"t":77,"i":{"x":[1],"y":[1]},"o":{"x":[0],"y":[0]}},{"s":[286.047],"t":78,"i":{"x":[1],"y":[1]},"o":{"x":[0],"y":[0]}},{"s":[288.203],"t":79,"i":{"x":[1],"y":[1]},"o":{"x":[0],"y":[0]}},{"s":[289.396],"t":80,"i":{"x":[1],"y":[1]},"o":{"x":[0],"y":[0]}},{"s":[289.573],"t":82,"i":{"x":[1],"y":[1]},"o":{"x":[0],"y":[0]}},{"s":[288.88],"t":83,"i":{"x":[1],"y":[1]},"o":{"x":[0],"y":[0]}},{"s":[287.859],"t":84,"i":{"x":[1],"y":[1]},"o":{"x":[0],"y":[0]}},{"s":[286.635],"t":85,"i":{"x":[1],"y":[1]},"o":{"x":[0],"y":[0]}},{"s":[285.311],"t":86,"i":{"x":[1],"y":[1]},"o":{"x":[0],"y":[0]}},{"s":[283.971],"t":87,"i":{"x":[1],"y":[1]},"o":{"x":[0],"y":[0]}},{"s":[282.681],"t":88,"i":{"x":[1],"y":[1]},"o":{"x":[0],"y":[0]}},{"s":[281.487],"t":89,"i":{"x":[1],"y":[1]},"o":{"x":[0],"y":[0]}}]}},{"ty":0,"nm":"Revolution","mn":"Pseudo/UgOta64372a0u-0006","ix":6,"v":{"a":0,"k":360}},{"ty":0,"nm":"Revolution Offset","mn":"Pseudo/UgOta64372a0u-0007","ix":7,"v":{"a":0,"k":0}},{"ty":6,"nm":"","mn":"Pseudo/UgOta64372a0u-0008","ix":8,"v":0},{"ty":6,"nm":"Properties","mn":"Pseudo/UgOta64372a0u-0009","ix":9,"v":0},{"ty":7,"nm":"Link","mn":"Pseudo/UgOta64372a0u-0010","ix":10,"v":{"a":0,"k":0}},{"ty":0,"nm":"Height","mn":"Pseudo/UgOta64372a0u-0011","ix":11,"v":{"a":0,"k":22.4}},{"ty":0,"nm":"Width","mn":"Pseudo/UgOta64372a0u-0012","ix":12,"v":{"k":[{"s":[11.8],"t":10,"i":{"x":[1],"y":[1]},"o":{"x":[0],"y":[0]}},{"s":[11.8],"t":89,"i":{"x":[1],"y":[1]},"o":{"x":[0],"y":[0]}}]}},{"ty":0,"nm":"Roundness","mn":"Pseudo/UgOta64372a0u-0013","ix":13,"v":{"k":[{"s":[30],"t":10,"i":{"x":[1],"y":[1]},"o":{"x":[0],"y":[0]}},{"s":[30],"t":89,"i":{"x":[1],"y":[1]},"o":{"x":[0],"y":[0]}}]}},{"ty":0,"nm":"Stroke Width","mn":"Pseudo/UgOta64372a0u-0014","ix":14,"v":{"a":0,"k":8}},{"ty":6,"nm":"","mn":"Pseudo/UgOta64372a0u-0015","ix":15,"v":0},{"ty":6,"nm":"Color","mn":"Pseudo/UgOta64372a0u-0016","ix":16,"v":0},{"ty":6,"nm":"Fill","mn":"Pseudo/UgOta64372a0u-0017","ix":17,"v":0},{"ty":7,"nm":"Enable","mn":"Pseudo/UgOta64372a0u-0018","ix":18,"v":{"a":0,"k":1}},{"ty":2,"nm":"Color","mn":"Pseudo/UgOta64372a0u-0019","ix":19,"v":{"a":0,"k":[1,1,1,1]}},{"ty":6,"nm":"","mn":"Pseudo/UgOta64372a0u-0020","ix":20,"v":0},{"ty":6,"nm":"Stroke","mn":"Pseudo/UgOta64372a0u-0021","ix":21,"v":0},{"ty":7,"nm":"Enable","mn":"Pseudo/UgOta64372a0u-0022","ix":22,"v":{"a":0,"k":1}},{"ty":2,"nm":"Color","mn":"Pseudo/UgOta64372a0u-0023","ix":23,"v":{"a":0,"k":[0.453999996185,0.73299998045,1,1]}},{"ty":6,"nm":"","mn":"Pseudo/UgOta64372a0u-0024","ix":24,"v":0},{"ty":6,"nm":"","mn":"Pseudo/UgOta64372a0u-0025","ix":25,"v":0},{"ty":6,"nm":"Sequence","mn":"Pseudo/UgOta64372a0u-0026","ix":26,"v":0},{"ty":7,"nm":"Link","mn":"Pseudo/UgOta64372a0u-0027","ix":27,"v":{"a":0,"k":1}},{"ty":0,"nm":"Height","mn":"Pseudo/UgOta64372a0u-0028","ix":28,"v":{"a":0,"k":0}},{"ty":0,"nm":"Width","mn":"Pseudo/UgOta64372a0u-0029","ix":29,"v":{"a":0,"k":0}},{"ty":6,"nm":"","mn":"Pseudo/UgOta64372a0u-0030","ix":30,"v":0}]},{"ty":5,"nm":"Elastic: Dist. from Center - Burst","np":5,"mn":"Pseudo/MDS Elastic Controller","ix":2,"en":1,"ef":[{"ty":0,"nm":"Amplitude","mn":"Pseudo/MDS Elastic Controller-0001","ix":1,"v":{"a":0,"k":20}},{"ty":0,"nm":"Frequency","mn":"Pseudo/MDS Elastic Controller-0002","ix":2,"v":{"a":0,"k":40}},{"ty":0,"nm":"Decay","mn":"Pseudo/MDS Elastic Controller-0003","ix":3,"v":{"a":0,"k":60}}]}],"shapes":[{"ty":"gr","it":[{"ty":"rc","d":1,"s":{"k":[{"s":[11.8,22.4],"t":10,"i":{"x":[1,1],"y":[1,1]},"o":{"x":[0,0],"y":[0,0]}},{"s":[11.8,22.4],"t":89,"i":{"x":[1,1],"y":[1,1]},"o":{"x":[0,0],"y":[0,0]}}]},"p":{"k":[{"s":[0,0],"t":28,"i":{"x":1,"y":1},"o":{"x":0,"y":0}},{"s":[0,243.901],"t":36,"i":{"x":1,"y":1},"o":{"x":0,"y":0}},{"s":[0,265.414],"t":37,"i":{"x":1,"y":1},"o":{"x":0,"y":0}},{"s":[0,280.708],"t":38,"i":{"x":1,"y":1},"o":{"x":0,"y":0}},{"s":[0,290.503],"t":39,"i":{"x":1,"y":1},"o":{"x":0,"y":0}},{"s":[0,295.606],"t":40,"i":{"x":1,"y":1},"o":{"x":0,"y":0}},{"s":[0,296.849],"t":41,"i":{"x":1,"y":1},"o":{"x":0,"y":0}},{"s":[0,295.045],"t":42,"i":{"x":1,"y":1},"o":{"x":0,"y":0}},{"s":[0,290.959],"t":43,"i":{"x":1,"y":1},"o":{"x":0,"y":0}},{"s":[0,285.278],"t":44,"i":{"x":1,"y":1},"o":{"x":0,"y":0}},{"s":[0,278.604],"t":45,"i":{"x":1,"y":1},"o":{"x":0,"y":0}},{"s":[0,271.443],"t":46,"i":{"x":1,"y":1},"o":{"x":0,"y":0}},{"s":[0,264.204],"t":47,"i":{"x":1,"y":1},"o":{"x":0,"y":0}},{"s":[0,257.205],"t":48,"i":{"x":1,"y":1},"o":{"x":0,"y":0}},{"s":[0,250.677],"t":49,"i":{"x":1,"y":1},"o":{"x":0,"y":0}},{"s":[0,244.778],"t":50,"i":{"x":1,"y":1},"o":{"x":0,"y":0}},{"s":[0,239.597],"t":51,"i":{"x":1,"y":1},"o":{"x":0,"y":0}},{"s":[0,235.172],"t":52,"i":{"x":1,"y":1},"o":{"x":0,"y":0}},{"s":[0,231.496],"t":53,"i":{"x":1,"y":1},"o":{"x":0,"y":0}},{"s":[0,228.529],"t":54,"i":{"x":1,"y":1},"o":{"x":0,"y":0}},{"s":[0,226.208],"t":55,"i":{"x":1,"y":1},"o":{"x":0,"y":0}},{"s":[0,224.457],"t":56,"i":{"x":1,"y":1},"o":{"x":0,"y":0}},{"s":[0,223.19],"t":57,"i":{"x":1,"y":1},"o":{"x":0,"y":0}},{"s":[0,222.319],"t":58,"i":{"x":1,"y":1},"o":{"x":0,"y":0}},{"s":[0,221.758],"t":59,"i":{"x":1,"y":1},"o":{"x":0,"y":0}},{"s":[0,221.429],"t":60,"i":{"x":1,"y":1},"o":{"x":0,"y":0}},{"s":[0,221.259],"t":61,"i":{"x":1,"y":1},"o":{"x":0,"y":0}},{"s":[0,221.083],"t":65,"i":{"x":1,"y":1},"o":{"x":0,"y":0}},{"s":[0,220.978],"t":66,"i":{"x":1,"y":1},"o":{"x":0,"y":0}},{"s":[0,221.883],"t":67,"i":{"x":1,"y":1},"o":{"x":0,"y":0}},{"s":[0,227.623],"t":68,"i":{"x":1,"y":1},"o":{"x":0,"y":0}},{"s":[0,233.507],"t":69,"i":{"x":1,"y":1},"o":{"x":0,"y":0}},{"s":[0,239.52],"t":70,"i":{"x":1,"y":1},"o":{"x":0,"y":0}},{"s":[0,245.642],"t":71,"i":{"x":1,"y":1},"o":{"x":0,"y":0}},{"s":[0,251.854],"t":72,"i":{"x":1,"y":1},"o":{"x":0,"y":0}},{"s":[0,258.137],"t":73,"i":{"x":1,"y":1},"o":{"x":0,"y":0}},{"s":[0,264.473],"t":74,"i":{"x":1,"y":1},"o":{"x":0,"y":0}},{"s":[0,270.847],"t":75,"i":{"x":1,"y":1},"o":{"x":0,"y":0}},{"s":[0,278.201],"t":76,"i":{"x":1,"y":1},"o":{"x":0,"y":0}},{"s":[0,282.762],"t":77,"i":{"x":1,"y":1},"o":{"x":0,"y":0}},{"s":[0,286.047],"t":78,"i":{"x":1,"y":1},"o":{"x":0,"y":0}},{"s":[0,288.203],"t":79,"i":{"x":1,"y":1},"o":{"x":0,"y":0}},{"s":[0,289.396],"t":80,"i":{"x":1,"y":1},"o":{"x":0,"y":0}},{"s":[0,289.573],"t":82,"i":{"x":1,"y":1},"o":{"x":0,"y":0}},{"s":[0,288.88],"t":83,"i":{"x":1,"y":1},"o":{"x":0,"y":0}},{"s":[0,287.859],"t":84,"i":{"x":1,"y":1},"o":{"x":0,"y":0}},{"s":[0,286.635],"t":85,"i":{"x":1,"y":1},"o":{"x":0,"y":0}},{"s":[0,285.311],"t":86,"i":{"x":1,"y":1},"o":{"x":0,"y":0}},{"s":[0,283.971],"t":87,"i":{"x":1,"y":1},"o":{"x":0,"y":0}},{"s":[0,282.681],"t":88,"i":{"x":1,"y":1},"o":{"x":0,"y":0}},{"s":[0,281.487],"t":89,"i":{"x":1,"y":1},"o":{"x":0,"y":0}}]},"r":{"k":[{"s":[30],"t":10,"i":{"x":[1],"y":[1]},"o":{"x":[0],"y":[0]}},{"s":[30],"t":89,"i":{"x":[1],"y":[1]},"o":{"x":[0],"y":[0]}}]},"nm":"Burst Piece 1","hd":false},{"ty":"rp","c":{"k":[{"s":[8],"t":10,"i":{"x":[1],"y":[1]},"o":{"x":[0],"y":[0]}},{"s":[8],"t":89,"i":{"x":[1],"y":[1]},"o":{"x":[0],"y":[0]}}]},"o":{"a":0,"k":0},"m":1,"tr":{"ty":"tr","p":{"a":0,"k":[0,0]},"a":{"a":0,"k":[0,0]},"s":{"k":[{"s":[100,100],"t":10,"i":{"x":[1,1],"y":[1,1]},"o":{"x":[0,0],"y":[0,0]}},{"s":[100,100],"t":89,"i":{"x":[1,1],"y":[1,1]},"o":{"x":[0,0],"y":[0,0]}}]},"r":{"k":[{"s":[45],"t":10,"i":{"x":[1],"y":[1]},"o":{"x":[0],"y":[0]}},{"s":[45],"t":89,"i":{"x":[1],"y":[1]},"o":{"x":[0],"y":[0]}}]},"so":{"a":0,"k":100},"eo":{"a":0,"k":100},"nm":"Transform"},"nm":"Repeater 1","hd":false},{"ty":"fl","c":{"k":[{"s":[1,1,1,1],"t":10,"i":{"x":[1],"y":[1]},"o":{"x":[0],"y":[0]}},{"s":[1,1,1,1],"t":89,"i":{"x":[1],"y":[1]},"o":{"x":[0],"y":[0]}}]},"o":{"k":[{"s":[100],"t":10,"i":{"x":[1],"y":[1]},"o":{"x":[0],"y":[0]}},{"s":[100],"t":89,"i":{"x":[1],"y":[1]},"o":{"x":[0],"y":[0]}}]},"r":1,"bm":0,"nm":"Fill 1","hd":false},{"ty":"tr","p":{"a":0,"k":[0,0]},"a":{"a":0,"k":[0,0]},"s":{"a":0,"k":[100,100]},"r":{"a":0,"k":0},"o":{"a":0,"k":100},"sk":{"a":0,"k":0},"sa":{"a":0,"k":0},"nm":"Transform"}],"nm":"Rectangle 1","bm":0,"hd":false}],"ip":10,"op":100,"st":10,"bm":0},{"ddd":0,"ind":5,"ty":0,"nm":"Twitter logo","refId":"comp_2","sr":1,"ks":{"o":{"k":[{"s":[100],"t":0,"i":{"x":[1],"y":[1]},"o":{"x":[0],"y":[0]}},{"s":[100],"t":89,"i":{"x":[1],"y":[1]},"o":{"x":[0],"y":[0]}}]},"r":{"a":1,"k":[{"i":{"x":[0.833],"y":[1]},"o":{"x":[0.167],"y":[0.222]},"t":13,"s":[0]},{"i":{"x":[0.833],"y":[0.792]},"o":{"x":[0.167],"y":[0]},"t":17,"s":[-11]},{"t":22,"s":[0]}]},"p":{"k":[{"s":[250,248,0],"t":0,"i":{"x":1,"y":1},"o":{"x":0,"y":0}},{"s":[250,248,0],"t":89,"i":{"x":1,"y":1},"o":{"x":0,"y":0}}]},"a":{"k":[{"s":[150,150,0],"t":0,"i":{"x":1,"y":1},"o":{"x":0,"y":0}},{"s":[150,150,0],"t":89,"i":{"x":1,"y":1},"o":{"x":0,"y":0}}]},"s":{"k":[{"s":[0,0,100],"t":12,"i":{"x":[1,1,1],"y":[1,1,1]},"o":{"x":[0,0,0],"y":[0,0,0]}},{"s":[100,100,100],"t":19,"i":{"x":[1,1,1],"y":[1,1,1]},"o":{"x":[0,0,0],"y":[0,0,0]}},{"s":[110.414,110.414,100],"t":20,"i":{"x":[1,1,1],"y":[1,1,1]},"o":{"x":[0,0,0],"y":[0,0,0]}},{"s":[117.913,117.913,100],"t":21,"i":{"x":[1,1,1],"y":[1,1,1]},"o":{"x":[0,0,0],"y":[0,0,0]}},{"s":[122.835,122.835,100],"t":22,"i":{"x":[1,1,1],"y":[1,1,1]},"o":{"x":[0,0,0],"y":[0,0,0]}},{"s":[125.559,125.559,100],"t":23,"i":{"x":[1,1,1],"y":[1,1,1]},"o":{"x":[0,0,0],"y":[0,0,0]}},{"s":[126.474,126.474,100],"t":24,"i":{"x":[1,1,1],"y":[1,1,1]},"o":{"x":[0,0,0],"y":[0,0,0]}},{"s":[125.962,125.962,100],"t":25,"i":{"x":[1,1,1],"y":[1,1,1]},"o":{"x":[0,0,0],"y":[0,0,0]}},{"s":[124.38,124.38,100],"t":26,"i":{"x":[1,1,1],"y":[1,1,1]},"o":{"x":[0,0,0],"y":[0,0,0]}},{"s":[122.051,122.051,100],"t":27,"i":{"x":[1,1,1],"y":[1,1,1]},"o":{"x":[0,0,0],"y":[0,0,0]}},{"s":[119.256,119.256,100],"t":28,"i":{"x":[1,1,1],"y":[1,1,1]},"o":{"x":[0,0,0],"y":[0,0,0]}},{"s":[116.234,116.234,100],"t":29,"i":{"x":[1,1,1],"y":[1,1,1]},"o":{"x":[0,0,0],"y":[0,0,0]}},{"s":[113.174,113.174,100],"t":30,"i":{"x":[1,1,1],"y":[1,1,1]},"o":{"x":[0,0,0],"y":[0,0,0]}},{"s":[110.228,110.228,100],"t":31,"i":{"x":[1,1,1],"y":[1,1,1]},"o":{"x":[0,0,0],"y":[0,0,0]}},{"s":[107.502,107.502,100],"t":32,"i":{"x":[1,1,1],"y":[1,1,1]},"o":{"x":[0,0,0],"y":[0,0,0]}},{"s":[105.07,105.07,100],"t":33,"i":{"x":[1,1,1],"y":[1,1,1]},"o":{"x":[0,0,0],"y":[0,0,0]}},{"s":[102.976,102.976,100],"t":34,"i":{"x":[1,1,1],"y":[1,1,1]},"o":{"x":[0,0,0],"y":[0,0,0]}},{"s":[101.235,101.235,100],"t":35,"i":{"x":[1,1,1],"y":[1,1,1]},"o":{"x":[0,0,0],"y":[0,0,0]}},{"s":[99.845,99.845,100],"t":36,"i":{"x":[1,1,1],"y":[1,1,1]},"o":{"x":[0,0,0],"y":[0,0,0]}},{"s":[98.787,98.787,100],"t":37,"i":{"x":[1,1,1],"y":[1,1,1]},"o":{"x":[0,0,0],"y":[0,0,0]}},{"s":[98.033,98.033,100],"t":38,"i":{"x":[1,1,1],"y":[1,1,1]},"o":{"x":[0,0,0],"y":[0,0,0]}},{"s":[97.545,97.545,100],"t":39,"i":{"x":[1,1,1],"y":[1,1,1]},"o":{"x":[0,0,0],"y":[0,0,0]}},{"s":[97.284,97.284,100],"t":40,"i":{"x":[1,1,1],"y":[1,1,1]},"o":{"x":[0,0,0],"y":[0,0,0]}},{"s":[97.279,97.279,100],"t":42,"i":{"x":[1,1,1],"y":[1,1,1]},"o":{"x":[0,0,0],"y":[0,0,0]}},{"s":[97.457,97.457,100],"t":43,"i":{"x":[1,1,1],"y":[1,1,1]},"o":{"x":[0,0,0],"y":[0,0,0]}},{"s":[97.711,97.711,100],"t":44,"i":{"x":[1,1,1],"y":[1,1,1]},"o":{"x":[0,0,0],"y":[0,0,0]}},{"s":[98.009,98.009,100],"t":45,"i":{"x":[1,1,1],"y":[1,1,1]},"o":{"x":[0,0,0],"y":[0,0,0]}},{"s":[98.329,98.329,100],"t":46,"i":{"x":[1,1,1],"y":[1,1,1]},"o":{"x":[0,0,0],"y":[0,0,0]}},{"s":[98.651,98.651,100],"t":47,"i":{"x":[1,1,1],"y":[1,1,1]},"o":{"x":[0,0,0],"y":[0,0,0]}},{"s":[98.959,98.959,100],"t":48,"i":{"x":[1,1,1],"y":[1,1,1]},"o":{"x":[0,0,0],"y":[0,0,0]}},{"s":[99.243,99.243,100],"t":49,"i":{"x":[1,1,1],"y":[1,1,1]},"o":{"x":[0,0,0],"y":[0,0,0]}},{"s":[99.495,99.495,100],"t":50,"i":{"x":[1,1,1],"y":[1,1,1]},"o":{"x":[0,0,0],"y":[0,0,0]}},{"s":[99.711,99.711,100],"t":51,"i":{"x":[1,1,1],"y":[1,1,1]},"o":{"x":[0,0,0],"y":[0,0,0]}},{"s":[99.89,99.89,100],"t":52,"i":{"x":[1,1,1],"y":[1,1,1]},"o":{"x":[0,0,0],"y":[0,0,0]}},{"s":[100.032,100.032,100],"t":53,"i":{"x":[1,1,1],"y":[1,1,1]},"o":{"x":[0,0,0],"y":[0,0,0]}},{"s":[100.139,100.139,100],"t":54,"i":{"x":[1,1,1],"y":[1,1,1]},"o":{"x":[0,0,0],"y":[0,0,0]}},{"s":[100.215,100.215,100],"t":55,"i":{"x":[1,1,1],"y":[1,1,1]},"o":{"x":[0,0,0],"y":[0,0,0]}},{"s":[100.138,100.138,100],"t":64,"i":{"x":[1,1,1],"y":[1,1,1]},"o":{"x":[0,0,0],"y":[0,0,0]}},{"s":[100.05,100.05,100],"t":67,"i":{"x":[1,1,1],"y":[1,1,1]},"o":{"x":[0,0,0],"y":[0,0,0]}}]}},"ao":0,"ef":[{"ty":5,"nm":"Elastic Controller","np":5,"mn":"Pseudo/MDS Elastic Controller","ix":1,"en":1,"ef":[{"ty":0,"nm":"Amplitude","mn":"Pseudo/MDS Elastic Controller-0001","ix":1,"v":{"a":0,"k":20}},{"ty":0,"nm":"Frequency","mn":"Pseudo/MDS Elastic Controller-0002","ix":2,"v":{"a":0,"k":40}},{"ty":0,"nm":"Decay","mn":"Pseudo/MDS Elastic Controller-0003","ix":3,"v":{"a":0,"k":60}}]}],"w":300,"h":300,"ip":0,"op":90,"st":0,"bm":0},{"ddd":0,"ind":6,"ty":4,"nm":"Burst black","sr":1,"ks":{"o":{"a":1,"k":[{"i":{"x":[0.833],"y":[0.833]},"o":{"x":[0.167],"y":[0.167]},"t":24,"s":[0]},{"t":25,"s":[100]}]},"r":{"a":0,"k":0},"p":{"k":[{"s":[250,249,0],"t":6,"i":{"x":1,"y":1},"o":{"x":0,"y":0}},{"s":[250,249,0],"t":89,"i":{"x":1,"y":1},"o":{"x":0,"y":0}}]},"a":{"a":0,"k":[0,0,0]},"s":{"a":0,"k":[70,70,100]}},"ao":0,"ef":[{"ty":5,"nm":"Burst","np":32,"mn":"Pseudo/UgOta64372a0u","ix":1,"en":1,"ef":[{"ty":3,"nm":"Global Position","mn":"Pseudo/UgOta64372a0u-0001","ix":1,"v":{"a":0,"k":[250,249]}},{"ty":6,"nm":"Copies","mn":"Pseudo/UgOta64372a0u-0002","ix":2,"v":0},{"ty":0,"nm":"Count","mn":"Pseudo/UgOta64372a0u-0003","ix":3,"v":{"k":[{"s":[8],"t":6,"i":{"x":[1],"y":[1]},"o":{"x":[0],"y":[0]}},{"s":[8],"t":89,"i":{"x":[1],"y":[1]},"o":{"x":[0],"y":[0]}}]}},{"ty":0,"nm":"Burst Offset","mn":"Pseudo/UgOta64372a0u-0004","ix":4,"v":{"a":0,"k":0}},{"ty":0,"nm":"Dist. from Center","mn":"Pseudo/UgOta64372a0u-0005","ix":5,"v":{"k":[{"s":[0],"t":24,"i":{"x":[1],"y":[1]},"o":{"x":[0],"y":[0]}},{"s":[243.901],"t":32,"i":{"x":[1],"y":[1]},"o":{"x":[0],"y":[0]}},{"s":[266.982],"t":33,"i":{"x":[1],"y":[1]},"o":{"x":[0],"y":[0]}},{"s":[283.843],"t":34,"i":{"x":[1],"y":[1]},"o":{"x":[0],"y":[0]}},{"s":[295.207],"t":35,"i":{"x":[1],"y":[1]},"o":{"x":[0],"y":[0]}},{"s":[301.877],"t":36,"i":{"x":[1],"y":[1]},"o":{"x":[0],"y":[0]}},{"s":[304.688],"t":37,"i":{"x":[1],"y":[1]},"o":{"x":[0],"y":[0]}},{"s":[304.452],"t":38,"i":{"x":[1],"y":[1]},"o":{"x":[0],"y":[0]}},{"s":[301.933],"t":39,"i":{"x":[1],"y":[1]},"o":{"x":[0],"y":[0]}},{"s":[297.82],"t":40,"i":{"x":[1],"y":[1]},"o":{"x":[0],"y":[0]}},{"s":[292.714],"t":41,"i":{"x":[1],"y":[1]},"o":{"x":[0],"y":[0]}},{"s":[287.12],"t":42,"i":{"x":[1],"y":[1]},"o":{"x":[0],"y":[0]}},{"s":[281.449],"t":43,"i":{"x":[1],"y":[1]},"o":{"x":[0],"y":[0]}},{"s":[276.018],"t":44,"i":{"x":[1],"y":[1]},"o":{"x":[0],"y":[0]}},{"s":[271.058],"t":45,"i":{"x":[1],"y":[1]},"o":{"x":[0],"y":[0]}},{"s":[266.726],"t":46,"i":{"x":[1],"y":[1]},"o":{"x":[0],"y":[0]}},{"s":[263.113],"t":47,"i":{"x":[1],"y":[1]},"o":{"x":[0],"y":[0]}},{"s":[260.256],"t":48,"i":{"x":[1],"y":[1]},"o":{"x":[0],"y":[0]}},{"s":[258.147],"t":49,"i":{"x":[1],"y":[1]},"o":{"x":[0],"y":[0]}},{"s":[256.748],"t":50,"i":{"x":[1],"y":[1]},"o":{"x":[0],"y":[0]}},{"s":[255.995],"t":51,"i":{"x":[1],"y":[1]},"o":{"x":[0],"y":[0]}},{"s":[255.812],"t":52,"i":{"x":[1],"y":[1]},"o":{"x":[0],"y":[0]}},{"s":[256.113],"t":53,"i":{"x":[1],"y":[1]},"o":{"x":[0],"y":[0]}},{"s":[256.809],"t":54,"i":{"x":[1],"y":[1]},"o":{"x":[0],"y":[0]}},{"s":[257.816],"t":55,"i":{"x":[1],"y":[1]},"o":{"x":[0],"y":[0]}},{"s":[259.054],"t":56,"i":{"x":[1],"y":[1]},"o":{"x":[0],"y":[0]}},{"s":[260.452],"t":57,"i":{"x":[1],"y":[1]},"o":{"x":[0],"y":[0]}},{"s":[261.947],"t":58,"i":{"x":[1],"y":[1]},"o":{"x":[0],"y":[0]}},{"s":[263.488],"t":59,"i":{"x":[1],"y":[1]},"o":{"x":[0],"y":[0]}},{"s":[265.032],"t":60,"i":{"x":[1],"y":[1]},"o":{"x":[0],"y":[0]}},{"s":[266.547],"t":61,"i":{"x":[1],"y":[1]},"o":{"x":[0],"y":[0]}},{"s":[268.01],"t":62,"i":{"x":[1],"y":[1]},"o":{"x":[0],"y":[0]}},{"s":[269.406],"t":63,"i":{"x":[1],"y":[1]},"o":{"x":[0],"y":[0]}},{"s":[270.725],"t":64,"i":{"x":[1],"y":[1]},"o":{"x":[0],"y":[0]}},{"s":[271.964],"t":65,"i":{"x":[1],"y":[1]},"o":{"x":[0],"y":[0]}},{"s":[273.124],"t":66,"i":{"x":[1],"y":[1]},"o":{"x":[0],"y":[0]}},{"s":[274.211],"t":67,"i":{"x":[1],"y":[1]},"o":{"x":[0],"y":[0]}},{"s":[275.23],"t":68,"i":{"x":[1],"y":[1]},"o":{"x":[0],"y":[0]}},{"s":[276.19],"t":69,"i":{"x":[1],"y":[1]},"o":{"x":[0],"y":[0]}},{"s":[277.101],"t":70,"i":{"x":[1],"y":[1]},"o":{"x":[0],"y":[0]}},{"s":[277.97],"t":71,"i":{"x":[1],"y":[1]},"o":{"x":[0],"y":[0]}},{"s":[278.201],"t":72,"i":{"x":[1],"y":[1]},"o":{"x":[0],"y":[0]}},{"s":[278.826],"t":73,"i":{"x":[1],"y":[1]},"o":{"x":[0],"y":[0]}},{"s":[279.276],"t":74,"i":{"x":[1],"y":[1]},"o":{"x":[0],"y":[0]}},{"s":[279.571],"t":75,"i":{"x":[1],"y":[1]},"o":{"x":[0],"y":[0]}},{"s":[279.356],"t":81,"i":{"x":[1],"y":[1]},"o":{"x":[0],"y":[0]}},{"s":[279.175],"t":82,"i":{"x":[1],"y":[1]},"o":{"x":[0],"y":[0]}},{"s":[278.991],"t":83,"i":{"x":[1],"y":[1]},"o":{"x":[0],"y":[0]}},{"s":[278.814],"t":84,"i":{"x":[1],"y":[1]},"o":{"x":[0],"y":[0]}},{"s":[278.651],"t":85,"i":{"x":[1],"y":[1]},"o":{"x":[0],"y":[0]}},{"s":[278.379],"t":87,"i":{"x":[1],"y":[1]},"o":{"x":[0],"y":[0]}}]}},{"ty":0,"nm":"Revolution","mn":"Pseudo/UgOta64372a0u-0006","ix":6,"v":{"a":0,"k":360}},{"ty":0,"nm":"Revolution Offset","mn":"Pseudo/UgOta64372a0u-0007","ix":7,"v":{"a":0,"k":0}},{"ty":6,"nm":"","mn":"Pseudo/UgOta64372a0u-0008","ix":8,"v":0},{"ty":6,"nm":"Properties","mn":"Pseudo/UgOta64372a0u-0009","ix":9,"v":0},{"ty":7,"nm":"Link","mn":"Pseudo/UgOta64372a0u-0010","ix":10,"v":{"a":0,"k":0}},{"ty":0,"nm":"Height","mn":"Pseudo/UgOta64372a0u-0011","ix":11,"v":{"a":0,"k":17.9}},{"ty":0,"nm":"Width","mn":"Pseudo/UgOta64372a0u-0012","ix":12,"v":{"k":[{"s":[11.8],"t":6,"i":{"x":[1],"y":[1]},"o":{"x":[0],"y":[0]}},{"s":[11.8],"t":89,"i":{"x":[1],"y":[1]},"o":{"x":[0],"y":[0]}}]}},{"ty":0,"nm":"Roundness","mn":"Pseudo/UgOta64372a0u-0013","ix":13,"v":{"k":[{"s":[30],"t":6,"i":{"x":[1],"y":[1]},"o":{"x":[0],"y":[0]}},{"s":[30],"t":89,"i":{"x":[1],"y":[1]},"o":{"x":[0],"y":[0]}}]}},{"ty":0,"nm":"Stroke Width","mn":"Pseudo/UgOta64372a0u-0014","ix":14,"v":{"a":0,"k":8}},{"ty":6,"nm":"","mn":"Pseudo/UgOta64372a0u-0015","ix":15,"v":0},{"ty":6,"nm":"Color","mn":"Pseudo/UgOta64372a0u-0016","ix":16,"v":0},{"ty":6,"nm":"Fill","mn":"Pseudo/UgOta64372a0u-0017","ix":17,"v":0},{"ty":7,"nm":"Enable","mn":"Pseudo/UgOta64372a0u-0018","ix":18,"v":{"a":0,"k":1}},{"ty":2,"nm":"Color","mn":"Pseudo/UgOta64372a0u-0019","ix":19,"v":{"a":0,"k":[0.031372550875,1,0.976470649242,1]}},{"ty":6,"nm":"","mn":"Pseudo/UgOta64372a0u-0020","ix":20,"v":0},{"ty":6,"nm":"Stroke","mn":"Pseudo/UgOta64372a0u-0021","ix":21,"v":0},{"ty":7,"nm":"Enable","mn":"Pseudo/UgOta64372a0u-0022","ix":22,"v":{"a":0,"k":1}},{"ty":2,"nm":"Color","mn":"Pseudo/UgOta64372a0u-0023","ix":23,"v":{"a":0,"k":[0.453999996185,0.73299998045,1,1]}},{"ty":6,"nm":"","mn":"Pseudo/UgOta64372a0u-0024","ix":24,"v":0},{"ty":6,"nm":"","mn":"Pseudo/UgOta64372a0u-0025","ix":25,"v":0},{"ty":6,"nm":"Sequence","mn":"Pseudo/UgOta64372a0u-0026","ix":26,"v":0},{"ty":7,"nm":"Link","mn":"Pseudo/UgOta64372a0u-0027","ix":27,"v":{"a":0,"k":1}},{"ty":0,"nm":"Height","mn":"Pseudo/UgOta64372a0u-0028","ix":28,"v":{"a":0,"k":0}},{"ty":0,"nm":"Width","mn":"Pseudo/UgOta64372a0u-0029","ix":29,"v":{"a":0,"k":0}},{"ty":6,"nm":"","mn":"Pseudo/UgOta64372a0u-0030","ix":30,"v":0}]},{"ty":5,"nm":"Elastic: Dist. from Center - Burst","np":5,"mn":"Pseudo/MDS Elastic Controller","ix":2,"en":1,"ef":[{"ty":0,"nm":"Amplitude","mn":"Pseudo/MDS Elastic Controller-0001","ix":1,"v":{"a":0,"k":20}},{"ty":0,"nm":"Frequency","mn":"Pseudo/MDS Elastic Controller-0002","ix":2,"v":{"a":0,"k":40}},{"ty":0,"nm":"Decay","mn":"Pseudo/MDS Elastic Controller-0003","ix":3,"v":{"a":0,"k":60}}]}],"shapes":[{"ty":"gr","it":[{"ty":"rc","d":1,"s":{"k":[{"s":[11.8,17.9],"t":6,"i":{"x":[1,1],"y":[1,1]},"o":{"x":[0,0],"y":[0,0]}},{"s":[11.8,17.9],"t":89,"i":{"x":[1,1],"y":[1,1]},"o":{"x":[0,0],"y":[0,0]}}]},"p":{"k":[{"s":[0,0],"t":24,"i":{"x":1,"y":1},"o":{"x":0,"y":0}},{"s":[0,243.901],"t":32,"i":{"x":1,"y":1},"o":{"x":0,"y":0}},{"s":[0,266.982],"t":33,"i":{"x":1,"y":1},"o":{"x":0,"y":0}},{"s":[0,283.843],"t":34,"i":{"x":1,"y":1},"o":{"x":0,"y":0}},{"s":[0,295.207],"t":35,"i":{"x":1,"y":1},"o":{"x":0,"y":0}},{"s":[0,301.877],"t":36,"i":{"x":1,"y":1},"o":{"x":0,"y":0}},{"s":[0,304.688],"t":37,"i":{"x":1,"y":1},"o":{"x":0,"y":0}},{"s":[0,304.452],"t":38,"i":{"x":1,"y":1},"o":{"x":0,"y":0}},{"s":[0,301.933],"t":39,"i":{"x":1,"y":1},"o":{"x":0,"y":0}},{"s":[0,297.82],"t":40,"i":{"x":1,"y":1},"o":{"x":0,"y":0}},{"s":[0,292.714],"t":41,"i":{"x":1,"y":1},"o":{"x":0,"y":0}},{"s":[0,287.12],"t":42,"i":{"x":1,"y":1},"o":{"x":0,"y":0}},{"s":[0,281.449],"t":43,"i":{"x":1,"y":1},"o":{"x":0,"y":0}},{"s":[0,276.018],"t":44,"i":{"x":1,"y":1},"o":{"x":0,"y":0}},{"s":[0,271.058],"t":45,"i":{"x":1,"y":1},"o":{"x":0,"y":0}},{"s":[0,266.726],"t":46,"i":{"x":1,"y":1},"o":{"x":0,"y":0}},{"s":[0,263.113],"t":47,"i":{"x":1,"y":1},"o":{"x":0,"y":0}},{"s":[0,260.256],"t":48,"i":{"x":1,"y":1},"o":{"x":0,"y":0}},{"s":[0,258.147],"t":49,"i":{"x":1,"y":1},"o":{"x":0,"y":0}},{"s":[0,256.748],"t":50,"i":{"x":1,"y":1},"o":{"x":0,"y":0}},{"s":[0,255.995],"t":51,"i":{"x":1,"y":1},"o":{"x":0,"y":0}},{"s":[0,255.812],"t":52,"i":{"x":1,"y":1},"o":{"x":0,"y":0}},{"s":[0,256.113],"t":53,"i":{"x":1,"y":1},"o":{"x":0,"y":0}},{"s":[0,256.809],"t":54,"i":{"x":1,"y":1},"o":{"x":0,"y":0}},{"s":[0,257.816],"t":55,"i":{"x":1,"y":1},"o":{"x":0,"y":0}},{"s":[0,259.054],"t":56,"i":{"x":1,"y":1},"o":{"x":0,"y":0}},{"s":[0,260.452],"t":57,"i":{"x":1,"y":1},"o":{"x":0,"y":0}},{"s":[0,261.947],"t":58,"i":{"x":1,"y":1},"o":{"x":0,"y":0}},{"s":[0,263.488],"t":59,"i":{"x":1,"y":1},"o":{"x":0,"y":0}},{"s":[0,265.032],"t":60,"i":{"x":1,"y":1},"o":{"x":0,"y":0}},{"s":[0,266.547],"t":61,"i":{"x":1,"y":1},"o":{"x":0,"y":0}},{"s":[0,268.01],"t":62,"i":{"x":1,"y":1},"o":{"x":0,"y":0}},{"s":[0,269.406],"t":63,"i":{"x":1,"y":1},"o":{"x":0,"y":0}},{"s":[0,270.725],"t":64,"i":{"x":1,"y":1},"o":{"x":0,"y":0}},{"s":[0,271.964],"t":65,"i":{"x":1,"y":1},"o":{"x":0,"y":0}},{"s":[0,273.124],"t":66,"i":{"x":1,"y":1},"o":{"x":0,"y":0}},{"s":[0,274.211],"t":67,"i":{"x":1,"y":1},"o":{"x":0,"y":0}},{"s":[0,275.23],"t":68,"i":{"x":1,"y":1},"o":{"x":0,"y":0}},{"s":[0,276.19],"t":69,"i":{"x":1,"y":1},"o":{"x":0,"y":0}},{"s":[0,277.101],"t":70,"i":{"x":1,"y":1},"o":{"x":0,"y":0}},{"s":[0,277.97],"t":71,"i":{"x":1,"y":1},"o":{"x":0,"y":0}},{"s":[0,278.201],"t":72,"i":{"x":1,"y":1},"o":{"x":0,"y":0}},{"s":[0,278.826],"t":73,"i":{"x":1,"y":1},"o":{"x":0,"y":0}},{"s":[0,279.276],"t":74,"i":{"x":1,"y":1},"o":{"x":0,"y":0}},{"s":[0,279.571],"t":75,"i":{"x":1,"y":1},"o":{"x":0,"y":0}},{"s":[0,279.356],"t":81,"i":{"x":1,"y":1},"o":{"x":0,"y":0}},{"s":[0,279.175],"t":82,"i":{"x":1,"y":1},"o":{"x":0,"y":0}},{"s":[0,278.991],"t":83,"i":{"x":1,"y":1},"o":{"x":0,"y":0}},{"s":[0,278.814],"t":84,"i":{"x":1,"y":1},"o":{"x":0,"y":0}},{"s":[0,278.651],"t":85,"i":{"x":1,"y":1},"o":{"x":0,"y":0}},{"s":[0,278.379],"t":87,"i":{"x":1,"y":1},"o":{"x":0,"y":0}}]},"r":{"k":[{"s":[30],"t":6,"i":{"x":[1],"y":[1]},"o":{"x":[0],"y":[0]}},{"s":[30],"t":89,"i":{"x":[1],"y":[1]},"o":{"x":[0],"y":[0]}}]},"nm":"Burst Piece 1","hd":false},{"ty":"rp","c":{"k":[{"s":[8],"t":6,"i":{"x":[1],"y":[1]},"o":{"x":[0],"y":[0]}},{"s":[8],"t":89,"i":{"x":[1],"y":[1]},"o":{"x":[0],"y":[0]}}]},"o":{"a":0,"k":0},"m":1,"tr":{"ty":"tr","p":{"a":0,"k":[0,0]},"a":{"a":0,"k":[0,0]},"s":{"k":[{"s":[100,100],"t":6,"i":{"x":[1,1],"y":[1,1]},"o":{"x":[0,0],"y":[0,0]}},{"s":[100,100],"t":89,"i":{"x":[1,1],"y":[1,1]},"o":{"x":[0,0],"y":[0,0]}}]},"r":{"k":[{"s":[45],"t":6,"i":{"x":[1],"y":[1]},"o":{"x":[0],"y":[0]}},{"s":[45],"t":89,"i":{"x":[1],"y":[1]},"o":{"x":[0],"y":[0]}}]},"so":{"a":0,"k":100},"eo":{"a":0,"k":100},"nm":"Transform"},"nm":"Repeater 1","hd":false},{"ty":"fl","c":{"k":[{"s":[0.031,1,0.976,1],"t":6,"i":{"x":[1],"y":[1]},"o":{"x":[0],"y":[0]}},{"s":[0.031,1,0.976,1],"t":89,"i":{"x":[1],"y":[1]},"o":{"x":[0],"y":[0]}}]},"o":{"k":[{"s":[100],"t":6,"i":{"x":[1],"y":[1]},"o":{"x":[0],"y":[0]}},{"s":[100],"t":89,"i":{"x":[1],"y":[1]},"o":{"x":[0],"y":[0]}}]},"r":1,"bm":0,"nm":"Fill 1","hd":false},{"ty":"tr","p":{"a":0,"k":[0,0]},"a":{"a":0,"k":[0,0]},"s":{"a":0,"k":[100,100]},"r":{"a":0,"k":0},"o":{"a":0,"k":100},"sk":{"a":0,"k":0},"sa":{"a":0,"k":0},"nm":"Transform"}],"nm":"Rectangle 1","bm":0,"hd":false}],"ip":6,"op":96,"st":6,"bm":0},{"ddd":0,"ind":7,"ty":4,"nm":"Burst blue 3","sr":1,"ks":{"o":{"a":1,"k":[{"i":{"x":[0.833],"y":[0.833]},"o":{"x":[0.167],"y":[0.167]},"t":23,"s":[0]},{"t":24,"s":[100]}]},"r":{"a":0,"k":23},"p":{"k":[{"s":[250,249,0],"t":5,"i":{"x":1,"y":1},"o":{"x":0,"y":0}},{"s":[250,249,0],"t":89,"i":{"x":1,"y":1},"o":{"x":0,"y":0}}]},"a":{"a":0,"k":[0,0,0]},"s":{"a":0,"k":[70,70,100]}},"ao":0,"ef":[{"ty":5,"nm":"Burst","np":32,"mn":"Pseudo/UgOta64372a0u","ix":1,"en":1,"ef":[{"ty":3,"nm":"Global Position","mn":"Pseudo/UgOta64372a0u-0001","ix":1,"v":{"a":0,"k":[250,249]}},{"ty":6,"nm":"Copies","mn":"Pseudo/UgOta64372a0u-0002","ix":2,"v":0},{"ty":0,"nm":"Count","mn":"Pseudo/UgOta64372a0u-0003","ix":3,"v":{"k":[{"s":[8],"t":5,"i":{"x":[1],"y":[1]},"o":{"x":[0],"y":[0]}},{"s":[8],"t":89,"i":{"x":[1],"y":[1]},"o":{"x":[0],"y":[0]}}]}},{"ty":0,"nm":"Burst Offset","mn":"Pseudo/UgOta64372a0u-0004","ix":4,"v":{"a":0,"k":0}},{"ty":0,"nm":"Dist. from Center","mn":"Pseudo/UgOta64372a0u-0005","ix":5,"v":{"k":[{"s":[0],"t":23,"i":{"x":[1],"y":[1]},"o":{"x":[0],"y":[0]}},{"s":[431.201],"t":31,"i":{"x":[1],"y":[1]},"o":{"x":[0],"y":[0]}},{"s":[470.491],"t":32,"i":{"x":[1],"y":[1]},"o":{"x":[0],"y":[0]}},{"s":[498.785],"t":33,"i":{"x":[1],"y":[1]},"o":{"x":[0],"y":[0]}},{"s":[517.358],"t":34,"i":{"x":[1],"y":[1]},"o":{"x":[0],"y":[0]}},{"s":[527.636],"t":35,"i":{"x":[1],"y":[1]},"o":{"x":[0],"y":[0]}},{"s":[531.089],"t":36,"i":{"x":[1],"y":[1]},"o":{"x":[0],"y":[0]}},{"s":[529.156],"t":37,"i":{"x":[1],"y":[1]},"o":{"x":[0],"y":[0]}},{"s":[523.186],"t":38,"i":{"x":[1],"y":[1]},"o":{"x":[0],"y":[0]}},{"s":[514.398],"t":39,"i":{"x":[1],"y":[1]},"o":{"x":[0],"y":[0]}},{"s":[503.855],"t":40,"i":{"x":[1],"y":[1]},"o":{"x":[0],"y":[0]}},{"s":[492.45],"t":41,"i":{"x":[1],"y":[1]},"o":{"x":[0],"y":[0]}},{"s":[480.908],"t":42,"i":{"x":[1],"y":[1]},"o":{"x":[0],"y":[0]}},{"s":[469.789],"t":43,"i":{"x":[1],"y":[1]},"o":{"x":[0],"y":[0]}},{"s":[459.505],"t":44,"i":{"x":[1],"y":[1]},"o":{"x":[0],"y":[0]}},{"s":[450.331],"t":45,"i":{"x":[1],"y":[1]},"o":{"x":[0],"y":[0]}},{"s":[442.428],"t":46,"i":{"x":[1],"y":[1]},"o":{"x":[0],"y":[0]}},{"s":[435.86],"t":47,"i":{"x":[1],"y":[1]},"o":{"x":[0],"y":[0]}},{"s":[430.616],"t":48,"i":{"x":[1],"y":[1]},"o":{"x":[0],"y":[0]}},{"s":[426.626],"t":49,"i":{"x":[1],"y":[1]},"o":{"x":[0],"y":[0]}},{"s":[423.779],"t":50,"i":{"x":[1],"y":[1]},"o":{"x":[0],"y":[0]}},{"s":[421.94],"t":51,"i":{"x":[1],"y":[1]},"o":{"x":[0],"y":[0]}},{"s":[420.955],"t":52,"i":{"x":[1],"y":[1]},"o":{"x":[0],"y":[0]}},{"s":[420.934],"t":54,"i":{"x":[1],"y":[1]},"o":{"x":[0],"y":[0]}},{"s":[421.607],"t":55,"i":{"x":[1],"y":[1]},"o":{"x":[0],"y":[0]}},{"s":[422.562],"t":56,"i":{"x":[1],"y":[1]},"o":{"x":[0],"y":[0]}},{"s":[423.69],"t":57,"i":{"x":[1],"y":[1]},"o":{"x":[0],"y":[0]}},{"s":[424.898],"t":58,"i":{"x":[1],"y":[1]},"o":{"x":[0],"y":[0]}},{"s":[426.111],"t":59,"i":{"x":[1],"y":[1]},"o":{"x":[0],"y":[0]}},{"s":[427.274],"t":60,"i":{"x":[1],"y":[1]},"o":{"x":[0],"y":[0]}},{"s":[428.345],"t":61,"i":{"x":[1],"y":[1]},"o":{"x":[0],"y":[0]}},{"s":[429.296],"t":62,"i":{"x":[1],"y":[1]},"o":{"x":[0],"y":[0]}},{"s":[430.112],"t":63,"i":{"x":[1],"y":[1]},"o":{"x":[0],"y":[0]}},{"s":[430.786],"t":64,"i":{"x":[1],"y":[1]},"o":{"x":[0],"y":[0]}},{"s":[431.322],"t":65,"i":{"x":[1],"y":[1]},"o":{"x":[0],"y":[0]}},{"s":[431.727],"t":66,"i":{"x":[1],"y":[1]},"o":{"x":[0],"y":[0]}},{"s":[432.012],"t":67,"i":{"x":[1],"y":[1]},"o":{"x":[0],"y":[0]}},{"s":[431.6],"t":77,"i":{"x":[1],"y":[1]},"o":{"x":[0],"y":[0]}},{"s":[431.182],"t":82,"i":{"x":[1],"y":[1]},"o":{"x":[0],"y":[0]}}]}},{"ty":0,"nm":"Revolution","mn":"Pseudo/UgOta64372a0u-0006","ix":6,"v":{"a":0,"k":360}},{"ty":0,"nm":"Revolution Offset","mn":"Pseudo/UgOta64372a0u-0007","ix":7,"v":{"a":0,"k":0}},{"ty":6,"nm":"","mn":"Pseudo/UgOta64372a0u-0008","ix":8,"v":0},{"ty":6,"nm":"Properties","mn":"Pseudo/UgOta64372a0u-0009","ix":9,"v":0},{"ty":7,"nm":"Link","mn":"Pseudo/UgOta64372a0u-0010","ix":10,"v":{"a":0,"k":0}},{"ty":0,"nm":"Height","mn":"Pseudo/UgOta64372a0u-0011","ix":11,"v":{"a":0,"k":14.2}},{"ty":0,"nm":"Width","mn":"Pseudo/UgOta64372a0u-0012","ix":12,"v":{"k":[{"s":[11.8],"t":5,"i":{"x":[1],"y":[1]},"o":{"x":[0],"y":[0]}},{"s":[11.8],"t":89,"i":{"x":[1],"y":[1]},"o":{"x":[0],"y":[0]}}]}},{"ty":0,"nm":"Roundness","mn":"Pseudo/UgOta64372a0u-0013","ix":13,"v":{"k":[{"s":[86.5],"t":5,"i":{"x":[1],"y":[1]},"o":{"x":[0],"y":[0]}},{"s":[86.5],"t":89,"i":{"x":[1],"y":[1]},"o":{"x":[0],"y":[0]}}]}},{"ty":0,"nm":"Stroke Width","mn":"Pseudo/UgOta64372a0u-0014","ix":14,"v":{"a":0,"k":8}},{"ty":6,"nm":"","mn":"Pseudo/UgOta64372a0u-0015","ix":15,"v":0},{"ty":6,"nm":"Color","mn":"Pseudo/UgOta64372a0u-0016","ix":16,"v":0},{"ty":6,"nm":"Fill","mn":"Pseudo/UgOta64372a0u-0017","ix":17,"v":0},{"ty":7,"nm":"Enable","mn":"Pseudo/UgOta64372a0u-0018","ix":18,"v":{"a":0,"k":1}},{"ty":2,"nm":"Color","mn":"Pseudo/UgOta64372a0u-0019","ix":19,"v":{"a":0,"k":[0,0,0,1]}},{"ty":6,"nm":"","mn":"Pseudo/UgOta64372a0u-0020","ix":20,"v":0},{"ty":6,"nm":"Stroke","mn":"Pseudo/UgOta64372a0u-0021","ix":21,"v":0},{"ty":7,"nm":"Enable","mn":"Pseudo/UgOta64372a0u-0022","ix":22,"v":{"a":0,"k":1}},{"ty":2,"nm":"Color","mn":"Pseudo/UgOta64372a0u-0023","ix":23,"v":{"a":0,"k":[0.453999996185,0.73299998045,1,1]}},{"ty":6,"nm":"","mn":"Pseudo/UgOta64372a0u-0024","ix":24,"v":0},{"ty":6,"nm":"","mn":"Pseudo/UgOta64372a0u-0025","ix":25,"v":0},{"ty":6,"nm":"Sequence","mn":"Pseudo/UgOta64372a0u-0026","ix":26,"v":0},{"ty":7,"nm":"Link","mn":"Pseudo/UgOta64372a0u-0027","ix":27,"v":{"a":0,"k":1}},{"ty":0,"nm":"Height","mn":"Pseudo/UgOta64372a0u-0028","ix":28,"v":{"a":0,"k":0}},{"ty":0,"nm":"Width","mn":"Pseudo/UgOta64372a0u-0029","ix":29,"v":{"a":0,"k":0}},{"ty":6,"nm":"","mn":"Pseudo/UgOta64372a0u-0030","ix":30,"v":0}]},{"ty":5,"nm":"Elastic: Dist. from Center - Burst","np":5,"mn":"Pseudo/MDS Elastic Controller","ix":2,"en":1,"ef":[{"ty":0,"nm":"Amplitude","mn":"Pseudo/MDS Elastic Controller-0001","ix":1,"v":{"a":0,"k":20}},{"ty":0,"nm":"Frequency","mn":"Pseudo/MDS Elastic Controller-0002","ix":2,"v":{"a":0,"k":40}},{"ty":0,"nm":"Decay","mn":"Pseudo/MDS Elastic Controller-0003","ix":3,"v":{"a":0,"k":60}}]}],"shapes":[{"ty":"gr","it":[{"ty":"rc","d":1,"s":{"k":[{"s":[11.8,14.2],"t":5,"i":{"x":[1,1],"y":[1,1]},"o":{"x":[0,0],"y":[0,0]}},{"s":[11.8,14.2],"t":89,"i":{"x":[1,1],"y":[1,1]},"o":{"x":[0,0],"y":[0,0]}}]},"p":{"k":[{"s":[0,0],"t":23,"i":{"x":1,"y":1},"o":{"x":0,"y":0}},{"s":[0,431.201],"t":31,"i":{"x":1,"y":1},"o":{"x":0,"y":0}},{"s":[0,470.491],"t":32,"i":{"x":1,"y":1},"o":{"x":0,"y":0}},{"s":[0,498.785],"t":33,"i":{"x":1,"y":1},"o":{"x":0,"y":0}},{"s":[0,517.358],"t":34,"i":{"x":1,"y":1},"o":{"x":0,"y":0}},{"s":[0,527.636],"t":35,"i":{"x":1,"y":1},"o":{"x":0,"y":0}},{"s":[0,531.089],"t":36,"i":{"x":1,"y":1},"o":{"x":0,"y":0}},{"s":[0,529.156],"t":37,"i":{"x":1,"y":1},"o":{"x":0,"y":0}},{"s":[0,523.186],"t":38,"i":{"x":1,"y":1},"o":{"x":0,"y":0}},{"s":[0,514.398],"t":39,"i":{"x":1,"y":1},"o":{"x":0,"y":0}},{"s":[0,503.855],"t":40,"i":{"x":1,"y":1},"o":{"x":0,"y":0}},{"s":[0,492.45],"t":41,"i":{"x":1,"y":1},"o":{"x":0,"y":0}},{"s":[0,480.908],"t":42,"i":{"x":1,"y":1},"o":{"x":0,"y":0}},{"s":[0,469.789],"t":43,"i":{"x":1,"y":1},"o":{"x":0,"y":0}},{"s":[0,459.505],"t":44,"i":{"x":1,"y":1},"o":{"x":0,"y":0}},{"s":[0,450.331],"t":45,"i":{"x":1,"y":1},"o":{"x":0,"y":0}},{"s":[0,442.428],"t":46,"i":{"x":1,"y":1},"o":{"x":0,"y":0}},{"s":[0,435.86],"t":47,"i":{"x":1,"y":1},"o":{"x":0,"y":0}},{"s":[0,430.616],"t":48,"i":{"x":1,"y":1},"o":{"x":0,"y":0}},{"s":[0,426.626],"t":49,"i":{"x":1,"y":1},"o":{"x":0,"y":0}},{"s":[0,423.779],"t":50,"i":{"x":1,"y":1},"o":{"x":0,"y":0}},{"s":[0,421.94],"t":51,"i":{"x":1,"y":1},"o":{"x":0,"y":0}},{"s":[0,420.955],"t":52,"i":{"x":1,"y":1},"o":{"x":0,"y":0}},{"s":[0,420.934],"t":54,"i":{"x":1,"y":1},"o":{"x":0,"y":0}},{"s":[0,421.607],"t":55,"i":{"x":1,"y":1},"o":{"x":0,"y":0}},{"s":[0,422.562],"t":56,"i":{"x":1,"y":1},"o":{"x":0,"y":0}},{"s":[0,423.69],"t":57,"i":{"x":1,"y":1},"o":{"x":0,"y":0}},{"s":[0,424.898],"t":58,"i":{"x":1,"y":1},"o":{"x":0,"y":0}},{"s":[0,426.111],"t":59,"i":{"x":1,"y":1},"o":{"x":0,"y":0}},{"s":[0,427.274],"t":60,"i":{"x":1,"y":1},"o":{"x":0,"y":0}},{"s":[0,428.345],"t":61,"i":{"x":1,"y":1},"o":{"x":0,"y":0}},{"s":[0,429.296],"t":62,"i":{"x":1,"y":1},"o":{"x":0,"y":0}},{"s":[0,430.112],"t":63,"i":{"x":1,"y":1},"o":{"x":0,"y":0}},{"s":[0,430.786],"t":64,"i":{"x":1,"y":1},"o":{"x":0,"y":0}},{"s":[0,431.322],"t":65,"i":{"x":1,"y":1},"o":{"x":0,"y":0}},{"s":[0,431.727],"t":66,"i":{"x":1,"y":1},"o":{"x":0,"y":0}},{"s":[0,432.012],"t":67,"i":{"x":1,"y":1},"o":{"x":0,"y":0}},{"s":[0,431.6],"t":77,"i":{"x":1,"y":1},"o":{"x":0,"y":0}},{"s":[0,431.182],"t":82,"i":{"x":1,"y":1},"o":{"x":0,"y":0}}]},"r":{"k":[{"s":[86.5],"t":5,"i":{"x":[1],"y":[1]},"o":{"x":[0],"y":[0]}},{"s":[86.5],"t":89,"i":{"x":[1],"y":[1]},"o":{"x":[0],"y":[0]}}]},"nm":"Burst Piece 1","hd":false},{"ty":"rp","c":{"k":[{"s":[8],"t":5,"i":{"x":[1],"y":[1]},"o":{"x":[0],"y":[0]}},{"s":[8],"t":89,"i":{"x":[1],"y":[1]},"o":{"x":[0],"y":[0]}}]},"o":{"a":0,"k":0},"m":1,"tr":{"ty":"tr","p":{"a":0,"k":[0,0]},"a":{"a":0,"k":[0,0]},"s":{"k":[{"s":[100,100],"t":5,"i":{"x":[1,1],"y":[1,1]},"o":{"x":[0,0],"y":[0,0]}},{"s":[100,100],"t":89,"i":{"x":[1,1],"y":[1,1]},"o":{"x":[0,0],"y":[0,0]}}]},"r":{"k":[{"s":[45],"t":5,"i":{"x":[1],"y":[1]},"o":{"x":[0],"y":[0]}},{"s":[45],"t":89,"i":{"x":[1],"y":[1]},"o":{"x":[0],"y":[0]}}]},"so":{"a":0,"k":100},"eo":{"a":0,"k":100},"nm":"Transform"},"nm":"Repeater 1","hd":false},{"ty":"fl","c":{"k":[{"s":[0,0,0,1],"t":5,"i":{"x":[1],"y":[1]},"o":{"x":[0],"y":[0]}},{"s":[0,0,0,1],"t":89,"i":{"x":[1],"y":[1]},"o":{"x":[0],"y":[0]}}]},"o":{"k":[{"s":[100],"t":5,"i":{"x":[1],"y":[1]},"o":{"x":[0],"y":[0]}},{"s":[100],"t":89,"i":{"x":[1],"y":[1]},"o":{"x":[0],"y":[0]}}]},"r":1,"bm":0,"nm":"Fill 1","hd":false},{"ty":"tr","p":{"a":0,"k":[0,0]},"a":{"a":0,"k":[0,0]},"s":{"a":0,"k":[100,100]},"r":{"a":0,"k":0},"o":{"a":0,"k":100},"sk":{"a":0,"k":0},"sa":{"a":0,"k":0},"nm":"Transform"}],"nm":"Rectangle 1","bm":0,"hd":false}],"ip":5,"op":95,"st":5,"bm":0},{"ddd":0,"ind":8,"ty":4,"nm":"Burst dot","sr":1,"ks":{"o":{"a":1,"k":[{"i":{"x":[0.833],"y":[0.833]},"o":{"x":[0.167],"y":[0.167]},"t":24,"s":[0]},{"t":25,"s":[100]}]},"r":{"a":0,"k":23},"p":{"k":[{"s":[250,249,0],"t":6,"i":{"x":1,"y":1},"o":{"x":0,"y":0}},{"s":[250,249,0],"t":89,"i":{"x":1,"y":1},"o":{"x":0,"y":0}}]},"a":{"a":0,"k":[0,0,0]},"s":{"a":0,"k":[70,70,100]}},"ao":0,"ef":[{"ty":5,"nm":"Burst","np":32,"mn":"Pseudo/UgOta64372a0u","ix":1,"en":1,"ef":[{"ty":3,"nm":"Global Position","mn":"Pseudo/UgOta64372a0u-0001","ix":1,"v":{"a":0,"k":[250,249]}},{"ty":6,"nm":"Copies","mn":"Pseudo/UgOta64372a0u-0002","ix":2,"v":0},{"ty":0,"nm":"Count","mn":"Pseudo/UgOta64372a0u-0003","ix":3,"v":{"k":[{"s":[8],"t":6,"i":{"x":[1],"y":[1]},"o":{"x":[0],"y":[0]}},{"s":[8],"t":89,"i":{"x":[1],"y":[1]},"o":{"x":[0],"y":[0]}}]}},{"ty":0,"nm":"Burst Offset","mn":"Pseudo/UgOta64372a0u-0004","ix":4,"v":{"a":0,"k":0}},{"ty":0,"nm":"Dist. from Center","mn":"Pseudo/UgOta64372a0u-0005","ix":5,"v":{"k":[{"s":[0],"t":24,"i":{"x":[1],"y":[1]},"o":{"x":[0],"y":[0]}},{"s":[235.701],"t":32,"i":{"x":[1],"y":[1]},"o":{"x":[0],"y":[0]}},{"s":[257.177],"t":33,"i":{"x":[1],"y":[1]},"o":{"x":[0],"y":[0]}},{"s":[272.643],"t":34,"i":{"x":[1],"y":[1]},"o":{"x":[0],"y":[0]}},{"s":[282.796],"t":35,"i":{"x":[1],"y":[1]},"o":{"x":[0],"y":[0]}},{"s":[288.414],"t":36,"i":{"x":[1],"y":[1]},"o":{"x":[0],"y":[0]}},{"s":[290.301],"t":37,"i":{"x":[1],"y":[1]},"o":{"x":[0],"y":[0]}},{"s":[289.244],"t":38,"i":{"x":[1],"y":[1]},"o":{"x":[0],"y":[0]}},{"s":[285.981],"t":39,"i":{"x":[1],"y":[1]},"o":{"x":[0],"y":[0]}},{"s":[281.178],"t":40,"i":{"x":[1],"y":[1]},"o":{"x":[0],"y":[0]}},{"s":[275.415],"t":41,"i":{"x":[1],"y":[1]},"o":{"x":[0],"y":[0]}},{"s":[269.18],"t":42,"i":{"x":[1],"y":[1]},"o":{"x":[0],"y":[0]}},{"s":[262.871],"t":43,"i":{"x":[1],"y":[1]},"o":{"x":[0],"y":[0]}},{"s":[256.794],"t":44,"i":{"x":[1],"y":[1]},"o":{"x":[0],"y":[0]}},{"s":[251.172],"t":45,"i":{"x":[1],"y":[1]},"o":{"x":[0],"y":[0]}},{"s":[246.158],"t":46,"i":{"x":[1],"y":[1]},"o":{"x":[0],"y":[0]}},{"s":[241.837],"t":47,"i":{"x":[1],"y":[1]},"o":{"x":[0],"y":[0]}},{"s":[238.247],"t":48,"i":{"x":[1],"y":[1]},"o":{"x":[0],"y":[0]}},{"s":[235.381],"t":49,"i":{"x":[1],"y":[1]},"o":{"x":[0],"y":[0]}},{"s":[233.2],"t":50,"i":{"x":[1],"y":[1]},"o":{"x":[0],"y":[0]}},{"s":[231.644],"t":51,"i":{"x":[1],"y":[1]},"o":{"x":[0],"y":[0]}},{"s":[230.638],"t":52,"i":{"x":[1],"y":[1]},"o":{"x":[0],"y":[0]}},{"s":[230.1],"t":53,"i":{"x":[1],"y":[1]},"o":{"x":[0],"y":[0]}},{"s":[230.089],"t":55,"i":{"x":[1],"y":[1]},"o":{"x":[0],"y":[0]}},{"s":[230.457],"t":56,"i":{"x":[1],"y":[1]},"o":{"x":[0],"y":[0]}},{"s":[230.979],"t":57,"i":{"x":[1],"y":[1]},"o":{"x":[0],"y":[0]}},{"s":[231.595],"t":58,"i":{"x":[1],"y":[1]},"o":{"x":[0],"y":[0]}},{"s":[232.255],"t":59,"i":{"x":[1],"y":[1]},"o":{"x":[0],"y":[0]}},{"s":[232.919],"t":60,"i":{"x":[1],"y":[1]},"o":{"x":[0],"y":[0]}},{"s":[233.554],"t":61,"i":{"x":[1],"y":[1]},"o":{"x":[0],"y":[0]}},{"s":[234.14],"t":62,"i":{"x":[1],"y":[1]},"o":{"x":[0],"y":[0]}},{"s":[234.659],"t":63,"i":{"x":[1],"y":[1]},"o":{"x":[0],"y":[0]}},{"s":[235.105],"t":64,"i":{"x":[1],"y":[1]},"o":{"x":[0],"y":[0]}},{"s":[235.474],"t":65,"i":{"x":[1],"y":[1]},"o":{"x":[0],"y":[0]}},{"s":[235.767],"t":66,"i":{"x":[1],"y":[1]},"o":{"x":[0],"y":[0]}},{"s":[235.988],"t":67,"i":{"x":[1],"y":[1]},"o":{"x":[0],"y":[0]}},{"s":[236.144],"t":68,"i":{"x":[1],"y":[1]},"o":{"x":[0],"y":[0]}},{"s":[235.919],"t":78,"i":{"x":[1],"y":[1]},"o":{"x":[0],"y":[0]}},{"s":[235.69],"t":83,"i":{"x":[1],"y":[1]},"o":{"x":[0],"y":[0]}}]}},{"ty":0,"nm":"Revolution","mn":"Pseudo/UgOta64372a0u-0006","ix":6,"v":{"a":0,"k":360}},{"ty":0,"nm":"Revolution Offset","mn":"Pseudo/UgOta64372a0u-0007","ix":7,"v":{"a":0,"k":0}},{"ty":6,"nm":"","mn":"Pseudo/UgOta64372a0u-0008","ix":8,"v":0},{"ty":6,"nm":"Properties","mn":"Pseudo/UgOta64372a0u-0009","ix":9,"v":0},{"ty":7,"nm":"Link","mn":"Pseudo/UgOta64372a0u-0010","ix":10,"v":{"a":0,"k":0}},{"ty":0,"nm":"Height","mn":"Pseudo/UgOta64372a0u-0011","ix":11,"v":{"a":0,"k":14.2}},{"ty":0,"nm":"Width","mn":"Pseudo/UgOta64372a0u-0012","ix":12,"v":{"k":[{"s":[11.8],"t":6,"i":{"x":[1],"y":[1]},"o":{"x":[0],"y":[0]}},{"s":[11.8],"t":89,"i":{"x":[1],"y":[1]},"o":{"x":[0],"y":[0]}}]}},{"ty":0,"nm":"Roundness","mn":"Pseudo/UgOta64372a0u-0013","ix":13,"v":{"k":[{"s":[86.5],"t":6,"i":{"x":[1],"y":[1]},"o":{"x":[0],"y":[0]}},{"s":[86.5],"t":89,"i":{"x":[1],"y":[1]},"o":{"x":[0],"y":[0]}}]}},{"ty":0,"nm":"Stroke Width","mn":"Pseudo/UgOta64372a0u-0014","ix":14,"v":{"a":0,"k":8}},{"ty":6,"nm":"","mn":"Pseudo/UgOta64372a0u-0015","ix":15,"v":0},{"ty":6,"nm":"Color","mn":"Pseudo/UgOta64372a0u-0016","ix":16,"v":0},{"ty":6,"nm":"Fill","mn":"Pseudo/UgOta64372a0u-0017","ix":17,"v":0},{"ty":7,"nm":"Enable","mn":"Pseudo/UgOta64372a0u-0018","ix":18,"v":{"a":0,"k":1}},{"ty":2,"nm":"Color","mn":"Pseudo/UgOta64372a0u-0019","ix":19,"v":{"a":0,"k":[0.031372550875,1,0.976470649242,1]}},{"ty":6,"nm":"","mn":"Pseudo/UgOta64372a0u-0020","ix":20,"v":0},{"ty":6,"nm":"Stroke","mn":"Pseudo/UgOta64372a0u-0021","ix":21,"v":0},{"ty":7,"nm":"Enable","mn":"Pseudo/UgOta64372a0u-0022","ix":22,"v":{"a":0,"k":1}},{"ty":2,"nm":"Color","mn":"Pseudo/UgOta64372a0u-0023","ix":23,"v":{"a":0,"k":[0.137254908681,0.137254908681,0.137254908681,1]}},{"ty":6,"nm":"","mn":"Pseudo/UgOta64372a0u-0024","ix":24,"v":0},{"ty":6,"nm":"","mn":"Pseudo/UgOta64372a0u-0025","ix":25,"v":0},{"ty":6,"nm":"Sequence","mn":"Pseudo/UgOta64372a0u-0026","ix":26,"v":0},{"ty":7,"nm":"Link","mn":"Pseudo/UgOta64372a0u-0027","ix":27,"v":{"a":0,"k":1}},{"ty":0,"nm":"Height","mn":"Pseudo/UgOta64372a0u-0028","ix":28,"v":{"a":0,"k":0}},{"ty":0,"nm":"Width","mn":"Pseudo/UgOta64372a0u-0029","ix":29,"v":{"a":0,"k":0}},{"ty":6,"nm":"","mn":"Pseudo/UgOta64372a0u-0030","ix":30,"v":0}]},{"ty":5,"nm":"Elastic: Dist. from Center - Burst","np":5,"mn":"Pseudo/MDS Elastic Controller","ix":2,"en":1,"ef":[{"ty":0,"nm":"Amplitude","mn":"Pseudo/MDS Elastic Controller-0001","ix":1,"v":{"a":0,"k":20}},{"ty":0,"nm":"Frequency","mn":"Pseudo/MDS Elastic Controller-0002","ix":2,"v":{"a":0,"k":40}},{"ty":0,"nm":"Decay","mn":"Pseudo/MDS Elastic Controller-0003","ix":3,"v":{"a":0,"k":60}}]}],"shapes":[{"ty":"gr","it":[{"ty":"rc","d":1,"s":{"k":[{"s":[11.8,14.2],"t":6,"i":{"x":[1,1],"y":[1,1]},"o":{"x":[0,0],"y":[0,0]}},{"s":[11.8,14.2],"t":89,"i":{"x":[1,1],"y":[1,1]},"o":{"x":[0,0],"y":[0,0]}}]},"p":{"k":[{"s":[0,0],"t":24,"i":{"x":1,"y":1},"o":{"x":0,"y":0}},{"s":[0,235.701],"t":32,"i":{"x":1,"y":1},"o":{"x":0,"y":0}},{"s":[0,257.177],"t":33,"i":{"x":1,"y":1},"o":{"x":0,"y":0}},{"s":[0,272.643],"t":34,"i":{"x":1,"y":1},"o":{"x":0,"y":0}},{"s":[0,282.796],"t":35,"i":{"x":1,"y":1},"o":{"x":0,"y":0}},{"s":[0,288.414],"t":36,"i":{"x":1,"y":1},"o":{"x":0,"y":0}},{"s":[0,290.301],"t":37,"i":{"x":1,"y":1},"o":{"x":0,"y":0}},{"s":[0,289.244],"t":38,"i":{"x":1,"y":1},"o":{"x":0,"y":0}},{"s":[0,285.981],"t":39,"i":{"x":1,"y":1},"o":{"x":0,"y":0}},{"s":[0,281.178],"t":40,"i":{"x":1,"y":1},"o":{"x":0,"y":0}},{"s":[0,275.415],"t":41,"i":{"x":1,"y":1},"o":{"x":0,"y":0}},{"s":[0,269.18],"t":42,"i":{"x":1,"y":1},"o":{"x":0,"y":0}},{"s":[0,262.871],"t":43,"i":{"x":1,"y":1},"o":{"x":0,"y":0}},{"s":[0,256.794],"t":44,"i":{"x":1,"y":1},"o":{"x":0,"y":0}},{"s":[0,251.172],"t":45,"i":{"x":1,"y":1},"o":{"x":0,"y":0}},{"s":[0,246.158],"t":46,"i":{"x":1,"y":1},"o":{"x":0,"y":0}},{"s":[0,241.837],"t":47,"i":{"x":1,"y":1},"o":{"x":0,"y":0}},{"s":[0,238.247],"t":48,"i":{"x":1,"y":1},"o":{"x":0,"y":0}},{"s":[0,235.381],"t":49,"i":{"x":1,"y":1},"o":{"x":0,"y":0}},{"s":[0,233.2],"t":50,"i":{"x":1,"y":1},"o":{"x":0,"y":0}},{"s":[0,231.644],"t":51,"i":{"x":1,"y":1},"o":{"x":0,"y":0}},{"s":[0,230.638],"t":52,"i":{"x":1,"y":1},"o":{"x":0,"y":0}},{"s":[0,230.1],"t":53,"i":{"x":1,"y":1},"o":{"x":0,"y":0}},{"s":[0,230.089],"t":55,"i":{"x":1,"y":1},"o":{"x":0,"y":0}},{"s":[0,230.457],"t":56,"i":{"x":1,"y":1},"o":{"x":0,"y":0}},{"s":[0,230.979],"t":57,"i":{"x":1,"y":1},"o":{"x":0,"y":0}},{"s":[0,231.595],"t":58,"i":{"x":1,"y":1},"o":{"x":0,"y":0}},{"s":[0,232.255],"t":59,"i":{"x":1,"y":1},"o":{"x":0,"y":0}},{"s":[0,232.919],"t":60,"i":{"x":1,"y":1},"o":{"x":0,"y":0}},{"s":[0,233.554],"t":61,"i":{"x":1,"y":1},"o":{"x":0,"y":0}},{"s":[0,234.14],"t":62,"i":{"x":1,"y":1},"o":{"x":0,"y":0}},{"s":[0,234.659],"t":63,"i":{"x":1,"y":1},"o":{"x":0,"y":0}},{"s":[0,235.105],"t":64,"i":{"x":1,"y":1},"o":{"x":0,"y":0}},{"s":[0,235.474],"t":65,"i":{"x":1,"y":1},"o":{"x":0,"y":0}},{"s":[0,235.767],"t":66,"i":{"x":1,"y":1},"o":{"x":0,"y":0}},{"s":[0,235.988],"t":67,"i":{"x":1,"y":1},"o":{"x":0,"y":0}},{"s":[0,236.144],"t":68,"i":{"x":1,"y":1},"o":{"x":0,"y":0}},{"s":[0,235.919],"t":78,"i":{"x":1,"y":1},"o":{"x":0,"y":0}},{"s":[0,235.69],"t":83,"i":{"x":1,"y":1},"o":{"x":0,"y":0}}]},"r":{"k":[{"s":[86.5],"t":6,"i":{"x":[1],"y":[1]},"o":{"x":[0],"y":[0]}},{"s":[86.5],"t":89,"i":{"x":[1],"y":[1]},"o":{"x":[0],"y":[0]}}]},"nm":"Burst Piece 1","hd":false},{"ty":"rp","c":{"k":[{"s":[8],"t":6,"i":{"x":[1],"y":[1]},"o":{"x":[0],"y":[0]}},{"s":[8],"t":89,"i":{"x":[1],"y":[1]},"o":{"x":[0],"y":[0]}}]},"o":{"a":0,"k":0},"m":1,"tr":{"ty":"tr","p":{"a":0,"k":[0,0]},"a":{"a":0,"k":[0,0]},"s":{"k":[{"s":[100,100],"t":6,"i":{"x":[1,1],"y":[1,1]},"o":{"x":[0,0],"y":[0,0]}},{"s":[100,100],"t":89,"i":{"x":[1,1],"y":[1,1]},"o":{"x":[0,0],"y":[0,0]}}]},"r":{"k":[{"s":[45],"t":6,"i":{"x":[1],"y":[1]},"o":{"x":[0],"y":[0]}},{"s":[45],"t":89,"i":{"x":[1],"y":[1]},"o":{"x":[0],"y":[0]}}]},"so":{"a":0,"k":100},"eo":{"a":0,"k":100},"nm":"Transform"},"nm":"Repeater 1","hd":false},{"ty":"fl","c":{"k":[{"s":[0.031,1,0.976,1],"t":6,"i":{"x":[1],"y":[1]},"o":{"x":[0],"y":[0]}},{"s":[0.031,1,0.976,1],"t":89,"i":{"x":[1],"y":[1]},"o":{"x":[0],"y":[0]}}]},"o":{"k":[{"s":[100],"t":6,"i":{"x":[1],"y":[1]},"o":{"x":[0],"y":[0]}},{"s":[100],"t":89,"i":{"x":[1],"y":[1]},"o":{"x":[0],"y":[0]}}]},"r":1,"bm":0,"nm":"Fill 1","hd":false},{"ty":"tr","p":{"a":0,"k":[0,0]},"a":{"a":0,"k":[0,0]},"s":{"a":0,"k":[100,100]},"r":{"a":0,"k":0},"o":{"a":0,"k":100},"sk":{"a":0,"k":0},"sa":{"a":0,"k":0},"nm":"Transform"}],"nm":"Rectangle 1","bm":0,"hd":false}],"ip":6,"op":96,"st":6,"bm":0},{"ddd":0,"ind":9,"ty":4,"nm":"Burst fade","sr":1,"ks":{"o":{"a":1,"k":[{"i":{"x":[0.833],"y":[0.833]},"o":{"x":[0.167],"y":[0.167]},"t":20,"s":[0]},{"t":21,"s":[100]}]},"r":{"a":0,"k":23},"p":{"k":[{"s":[250,249,0],"t":2,"i":{"x":1,"y":1},"o":{"x":0,"y":0}},{"s":[250,249,0],"t":89,"i":{"x":1,"y":1},"o":{"x":0,"y":0}}]},"a":{"a":0,"k":[0,0,0]},"s":{"a":0,"k":[70,70,100]}},"ao":0,"ef":[{"ty":5,"nm":"Burst","np":32,"mn":"Pseudo/UgOta64372a0u","ix":1,"en":1,"ef":[{"ty":3,"nm":"Global Position","mn":"Pseudo/UgOta64372a0u-0001","ix":1,"v":{"a":0,"k":[250,249]}},{"ty":6,"nm":"Copies","mn":"Pseudo/UgOta64372a0u-0002","ix":2,"v":0},{"ty":0,"nm":"Count","mn":"Pseudo/UgOta64372a0u-0003","ix":3,"v":{"k":[{"s":[8],"t":2,"i":{"x":[1],"y":[1]},"o":{"x":[0],"y":[0]}},{"s":[8],"t":89,"i":{"x":[1],"y":[1]},"o":{"x":[0],"y":[0]}}]}},{"ty":0,"nm":"Burst Offset","mn":"Pseudo/UgOta64372a0u-0004","ix":4,"v":{"a":0,"k":0}},{"ty":0,"nm":"Dist. from Center","mn":"Pseudo/UgOta64372a0u-0005","ix":5,"v":{"k":[{"s":[0],"t":20,"i":{"x":[1],"y":[1]},"o":{"x":[0],"y":[0]}},{"s":[235.701],"t":28,"i":{"x":[1],"y":[1]},"o":{"x":[0],"y":[0]}},{"s":[257.177],"t":29,"i":{"x":[1],"y":[1]},"o":{"x":[0],"y":[0]}},{"s":[272.643],"t":30,"i":{"x":[1],"y":[1]},"o":{"x":[0],"y":[0]}},{"s":[282.796],"t":31,"i":{"x":[1],"y":[1]},"o":{"x":[0],"y":[0]}},{"s":[288.414],"t":32,"i":{"x":[1],"y":[1]},"o":{"x":[0],"y":[0]}},{"s":[290.301],"t":33,"i":{"x":[1],"y":[1]},"o":{"x":[0],"y":[0]}},{"s":[289.244],"t":34,"i":{"x":[1],"y":[1]},"o":{"x":[0],"y":[0]}},{"s":[285.981],"t":35,"i":{"x":[1],"y":[1]},"o":{"x":[0],"y":[0]}},{"s":[281.178],"t":36,"i":{"x":[1],"y":[1]},"o":{"x":[0],"y":[0]}},{"s":[275.415],"t":37,"i":{"x":[1],"y":[1]},"o":{"x":[0],"y":[0]}},{"s":[269.18],"t":38,"i":{"x":[1],"y":[1]},"o":{"x":[0],"y":[0]}},{"s":[262.871],"t":39,"i":{"x":[1],"y":[1]},"o":{"x":[0],"y":[0]}},{"s":[256.794],"t":40,"i":{"x":[1],"y":[1]},"o":{"x":[0],"y":[0]}},{"s":[251.172],"t":41,"i":{"x":[1],"y":[1]},"o":{"x":[0],"y":[0]}},{"s":[246.158],"t":42,"i":{"x":[1],"y":[1]},"o":{"x":[0],"y":[0]}},{"s":[241.837],"t":43,"i":{"x":[1],"y":[1]},"o":{"x":[0],"y":[0]}},{"s":[238.247],"t":44,"i":{"x":[1],"y":[1]},"o":{"x":[0],"y":[0]}},{"s":[235.381],"t":45,"i":{"x":[1],"y":[1]},"o":{"x":[0],"y":[0]}},{"s":[233.2],"t":46,"i":{"x":[1],"y":[1]},"o":{"x":[0],"y":[0]}},{"s":[231.644],"t":47,"i":{"x":[1],"y":[1]},"o":{"x":[0],"y":[0]}},{"s":[230.638],"t":48,"i":{"x":[1],"y":[1]},"o":{"x":[0],"y":[0]}},{"s":[230.1],"t":49,"i":{"x":[1],"y":[1]},"o":{"x":[0],"y":[0]}},{"s":[230.089],"t":51,"i":{"x":[1],"y":[1]},"o":{"x":[0],"y":[0]}},{"s":[230.457],"t":52,"i":{"x":[1],"y":[1]},"o":{"x":[0],"y":[0]}},{"s":[230.979],"t":53,"i":{"x":[1],"y":[1]},"o":{"x":[0],"y":[0]}},{"s":[231.595],"t":54,"i":{"x":[1],"y":[1]},"o":{"x":[0],"y":[0]}},{"s":[232.255],"t":55,"i":{"x":[1],"y":[1]},"o":{"x":[0],"y":[0]}},{"s":[232.919],"t":56,"i":{"x":[1],"y":[1]},"o":{"x":[0],"y":[0]}},{"s":[233.554],"t":57,"i":{"x":[1],"y":[1]},"o":{"x":[0],"y":[0]}},{"s":[234.14],"t":58,"i":{"x":[1],"y":[1]},"o":{"x":[0],"y":[0]}},{"s":[234.659],"t":59,"i":{"x":[1],"y":[1]},"o":{"x":[0],"y":[0]}},{"s":[235.105],"t":60,"i":{"x":[1],"y":[1]},"o":{"x":[0],"y":[0]}},{"s":[235.474],"t":61,"i":{"x":[1],"y":[1]},"o":{"x":[0],"y":[0]}},{"s":[235.767],"t":62,"i":{"x":[1],"y":[1]},"o":{"x":[0],"y":[0]}},{"s":[235.988],"t":63,"i":{"x":[1],"y":[1]},"o":{"x":[0],"y":[0]}},{"s":[236.144],"t":64,"i":{"x":[1],"y":[1]},"o":{"x":[0],"y":[0]}},{"s":[235.919],"t":74,"i":{"x":[1],"y":[1]},"o":{"x":[0],"y":[0]}},{"s":[235.69],"t":79,"i":{"x":[1],"y":[1]},"o":{"x":[0],"y":[0]}}]}},{"ty":0,"nm":"Revolution","mn":"Pseudo/UgOta64372a0u-0006","ix":6,"v":{"a":0,"k":360}},{"ty":0,"nm":"Revolution Offset","mn":"Pseudo/UgOta64372a0u-0007","ix":7,"v":{"a":0,"k":0}},{"ty":6,"nm":"","mn":"Pseudo/UgOta64372a0u-0008","ix":8,"v":0},{"ty":6,"nm":"Properties","mn":"Pseudo/UgOta64372a0u-0009","ix":9,"v":0},{"ty":7,"nm":"Link","mn":"Pseudo/UgOta64372a0u-0010","ix":10,"v":{"a":0,"k":0}},{"ty":0,"nm":"Height","mn":"Pseudo/UgOta64372a0u-0011","ix":11,"v":{"a":0,"k":14.2}},{"ty":0,"nm":"Width","mn":"Pseudo/UgOta64372a0u-0012","ix":12,"v":{"k":[{"s":[11.8],"t":2,"i":{"x":[1],"y":[1]},"o":{"x":[0],"y":[0]}},{"s":[11.8],"t":89,"i":{"x":[1],"y":[1]},"o":{"x":[0],"y":[0]}}]}},{"ty":0,"nm":"Roundness","mn":"Pseudo/UgOta64372a0u-0013","ix":13,"v":{"k":[{"s":[86.5],"t":2,"i":{"x":[1],"y":[1]},"o":{"x":[0],"y":[0]}},{"s":[86.5],"t":89,"i":{"x":[1],"y":[1]},"o":{"x":[0],"y":[0]}}]}},{"ty":0,"nm":"Stroke Width","mn":"Pseudo/UgOta64372a0u-0014","ix":14,"v":{"a":0,"k":8}},{"ty":6,"nm":"","mn":"Pseudo/UgOta64372a0u-0015","ix":15,"v":0},{"ty":6,"nm":"Color","mn":"Pseudo/UgOta64372a0u-0016","ix":16,"v":0},{"ty":6,"nm":"Fill","mn":"Pseudo/UgOta64372a0u-0017","ix":17,"v":0},{"ty":7,"nm":"Enable","mn":"Pseudo/UgOta64372a0u-0018","ix":18,"v":{"a":0,"k":1}},{"ty":2,"nm":"Color","mn":"Pseudo/UgOta64372a0u-0019","ix":19,"v":{"a":0,"k":[0.323921501637,0.607079386711,1,1]}},{"ty":6,"nm":"","mn":"Pseudo/UgOta64372a0u-0020","ix":20,"v":0},{"ty":6,"nm":"Stroke","mn":"Pseudo/UgOta64372a0u-0021","ix":21,"v":0},{"ty":7,"nm":"Enable","mn":"Pseudo/UgOta64372a0u-0022","ix":22,"v":{"a":0,"k":1}},{"ty":2,"nm":"Color","mn":"Pseudo/UgOta64372a0u-0023","ix":23,"v":{"a":0,"k":[0.453999996185,0.73299998045,1,1]}},{"ty":6,"nm":"","mn":"Pseudo/UgOta64372a0u-0024","ix":24,"v":0},{"ty":6,"nm":"","mn":"Pseudo/UgOta64372a0u-0025","ix":25,"v":0},{"ty":6,"nm":"Sequence","mn":"Pseudo/UgOta64372a0u-0026","ix":26,"v":0},{"ty":7,"nm":"Link","mn":"Pseudo/UgOta64372a0u-0027","ix":27,"v":{"a":0,"k":1}},{"ty":0,"nm":"Height","mn":"Pseudo/UgOta64372a0u-0028","ix":28,"v":{"a":0,"k":0}},{"ty":0,"nm":"Width","mn":"Pseudo/UgOta64372a0u-0029","ix":29,"v":{"a":0,"k":0}},{"ty":6,"nm":"","mn":"Pseudo/UgOta64372a0u-0030","ix":30,"v":0}]},{"ty":5,"nm":"Elastic: Dist. from Center - Burst","np":5,"mn":"Pseudo/MDS Elastic Controller","ix":2,"en":1,"ef":[{"ty":0,"nm":"Amplitude","mn":"Pseudo/MDS Elastic Controller-0001","ix":1,"v":{"a":0,"k":20}},{"ty":0,"nm":"Frequency","mn":"Pseudo/MDS Elastic Controller-0002","ix":2,"v":{"a":0,"k":40}},{"ty":0,"nm":"Decay","mn":"Pseudo/MDS Elastic Controller-0003","ix":3,"v":{"a":0,"k":60}}]}],"shapes":[{"ty":"gr","it":[{"ty":"rc","d":1,"s":{"k":[{"s":[11.8,14.2],"t":2,"i":{"x":[1,1],"y":[1,1]},"o":{"x":[0,0],"y":[0,0]}},{"s":[11.8,14.2],"t":89,"i":{"x":[1,1],"y":[1,1]},"o":{"x":[0,0],"y":[0,0]}}]},"p":{"k":[{"s":[0,0],"t":20,"i":{"x":1,"y":1},"o":{"x":0,"y":0}},{"s":[0,235.701],"t":28,"i":{"x":1,"y":1},"o":{"x":0,"y":0}},{"s":[0,257.177],"t":29,"i":{"x":1,"y":1},"o":{"x":0,"y":0}},{"s":[0,272.643],"t":30,"i":{"x":1,"y":1},"o":{"x":0,"y":0}},{"s":[0,282.796],"t":31,"i":{"x":1,"y":1},"o":{"x":0,"y":0}},{"s":[0,288.414],"t":32,"i":{"x":1,"y":1},"o":{"x":0,"y":0}},{"s":[0,290.301],"t":33,"i":{"x":1,"y":1},"o":{"x":0,"y":0}},{"s":[0,289.244],"t":34,"i":{"x":1,"y":1},"o":{"x":0,"y":0}},{"s":[0,285.981],"t":35,"i":{"x":1,"y":1},"o":{"x":0,"y":0}},{"s":[0,281.178],"t":36,"i":{"x":1,"y":1},"o":{"x":0,"y":0}},{"s":[0,275.415],"t":37,"i":{"x":1,"y":1},"o":{"x":0,"y":0}},{"s":[0,269.18],"t":38,"i":{"x":1,"y":1},"o":{"x":0,"y":0}},{"s":[0,262.871],"t":39,"i":{"x":1,"y":1},"o":{"x":0,"y":0}},{"s":[0,256.794],"t":40,"i":{"x":1,"y":1},"o":{"x":0,"y":0}},{"s":[0,251.172],"t":41,"i":{"x":1,"y":1},"o":{"x":0,"y":0}},{"s":[0,246.158],"t":42,"i":{"x":1,"y":1},"o":{"x":0,"y":0}},{"s":[0,241.837],"t":43,"i":{"x":1,"y":1},"o":{"x":0,"y":0}},{"s":[0,238.247],"t":44,"i":{"x":1,"y":1},"o":{"x":0,"y":0}},{"s":[0,235.381],"t":45,"i":{"x":1,"y":1},"o":{"x":0,"y":0}},{"s":[0,233.2],"t":46,"i":{"x":1,"y":1},"o":{"x":0,"y":0}},{"s":[0,231.644],"t":47,"i":{"x":1,"y":1},"o":{"x":0,"y":0}},{"s":[0,230.638],"t":48,"i":{"x":1,"y":1},"o":{"x":0,"y":0}},{"s":[0,230.1],"t":49,"i":{"x":1,"y":1},"o":{"x":0,"y":0}},{"s":[0,230.089],"t":51,"i":{"x":1,"y":1},"o":{"x":0,"y":0}},{"s":[0,230.457],"t":52,"i":{"x":1,"y":1},"o":{"x":0,"y":0}},{"s":[0,230.979],"t":53,"i":{"x":1,"y":1},"o":{"x":0,"y":0}},{"s":[0,231.595],"t":54,"i":{"x":1,"y":1},"o":{"x":0,"y":0}},{"s":[0,232.255],"t":55,"i":{"x":1,"y":1},"o":{"x":0,"y":0}},{"s":[0,232.919],"t":56,"i":{"x":1,"y":1},"o":{"x":0,"y":0}},{"s":[0,233.554],"t":57,"i":{"x":1,"y":1},"o":{"x":0,"y":0}},{"s":[0,234.14],"t":58,"i":{"x":1,"y":1},"o":{"x":0,"y":0}},{"s":[0,234.659],"t":59,"i":{"x":1,"y":1},"o":{"x":0,"y":0}},{"s":[0,235.105],"t":60,"i":{"x":1,"y":1},"o":{"x":0,"y":0}},{"s":[0,235.474],"t":61,"i":{"x":1,"y":1},"o":{"x":0,"y":0}},{"s":[0,235.767],"t":62,"i":{"x":1,"y":1},"o":{"x":0,"y":0}},{"s":[0,235.988],"t":63,"i":{"x":1,"y":1},"o":{"x":0,"y":0}},{"s":[0,236.144],"t":64,"i":{"x":1,"y":1},"o":{"x":0,"y":0}},{"s":[0,235.919],"t":74,"i":{"x":1,"y":1},"o":{"x":0,"y":0}},{"s":[0,235.69],"t":79,"i":{"x":1,"y":1},"o":{"x":0,"y":0}}]},"r":{"k":[{"s":[86.5],"t":2,"i":{"x":[1],"y":[1]},"o":{"x":[0],"y":[0]}},{"s":[86.5],"t":89,"i":{"x":[1],"y":[1]},"o":{"x":[0],"y":[0]}}]},"nm":"Burst Piece 1","hd":false},{"ty":"rp","c":{"k":[{"s":[8],"t":2,"i":{"x":[1],"y":[1]},"o":{"x":[0],"y":[0]}},{"s":[8],"t":89,"i":{"x":[1],"y":[1]},"o":{"x":[0],"y":[0]}}]},"o":{"a":0,"k":0},"m":1,"tr":{"ty":"tr","p":{"a":0,"k":[0,0]},"a":{"a":0,"k":[0,0]},"s":{"k":[{"s":[100,100],"t":2,"i":{"x":[1,1],"y":[1,1]},"o":{"x":[0,0],"y":[0,0]}},{"s":[100,100],"t":89,"i":{"x":[1,1],"y":[1,1]},"o":{"x":[0,0],"y":[0,0]}}]},"r":{"k":[{"s":[45],"t":2,"i":{"x":[1],"y":[1]},"o":{"x":[0],"y":[0]}},{"s":[45],"t":89,"i":{"x":[1],"y":[1]},"o":{"x":[0],"y":[0]}}]},"so":{"a":0,"k":100},"eo":{"a":0,"k":100},"nm":"Transform"},"nm":"Repeater 1","hd":false},{"ty":"fl","c":{"k":[{"s":[0.324,0.607,1,1],"t":2,"i":{"x":[1],"y":[1]},"o":{"x":[0],"y":[0]}},{"s":[0.324,0.607,1,1],"t":89,"i":{"x":[1],"y":[1]},"o":{"x":[0],"y":[0]}}]},"o":{"k":[{"s":[100],"t":2,"i":{"x":[1],"y":[1]},"o":{"x":[0],"y":[0]}},{"s":[100],"t":89,"i":{"x":[1],"y":[1]},"o":{"x":[0],"y":[0]}}]},"r":1,"bm":0,"nm":"Fill 1","hd":false},{"ty":"tr","p":{"a":0,"k":[0,0]},"a":{"a":0,"k":[0,0]},"s":{"a":0,"k":[100,100]},"r":{"a":0,"k":0},"o":{"a":0,"k":100},"sk":{"a":0,"k":0},"sa":{"a":0,"k":0},"nm":"Transform"}],"nm":"Rectangle 1","bm":0,"hd":false}],"ip":2,"op":92,"st":2,"bm":0},{"ddd":0,"ind":10,"ty":4,"nm":"Burst long","sr":1,"ks":{"o":{"a":1,"k":[{"i":{"x":[0.833],"y":[0.833]},"o":{"x":[0.167],"y":[0.167]},"t":18,"s":[0]},{"t":19,"s":[100]}]},"r":{"a":0,"k":0},"p":{"k":[{"s":[250,249,0],"t":0,"i":{"x":1,"y":1},"o":{"x":0,"y":0}},{"s":[250,249,0],"t":89,"i":{"x":1,"y":1},"o":{"x":0,"y":0}}]},"a":{"a":0,"k":[0,0,0]},"s":{"a":0,"k":[70,70,100]}},"ao":0,"ef":[{"ty":5,"nm":"Burst","np":32,"mn":"Pseudo/UgOta64372a0u","ix":1,"en":1,"ef":[{"ty":3,"nm":"Global Position","mn":"Pseudo/UgOta64372a0u-0001","ix":1,"v":{"a":0,"k":[250,249]}},{"ty":6,"nm":"Copies","mn":"Pseudo/UgOta64372a0u-0002","ix":2,"v":0},{"ty":0,"nm":"Count","mn":"Pseudo/UgOta64372a0u-0003","ix":3,"v":{"k":[{"s":[8],"t":0,"i":{"x":[1],"y":[1]},"o":{"x":[0],"y":[0]}},{"s":[8],"t":89,"i":{"x":[1],"y":[1]},"o":{"x":[0],"y":[0]}}]}},{"ty":0,"nm":"Burst Offset","mn":"Pseudo/UgOta64372a0u-0004","ix":4,"v":{"a":0,"k":0}},{"ty":0,"nm":"Dist. from Center","mn":"Pseudo/UgOta64372a0u-0005","ix":5,"v":{"k":[{"s":[0],"t":18,"i":{"x":[1],"y":[1]},"o":{"x":[0],"y":[0]}},{"s":[243.901],"t":26,"i":{"x":[1],"y":[1]},"o":{"x":[0],"y":[0]}},{"s":[266.125],"t":27,"i":{"x":[1],"y":[1]},"o":{"x":[0],"y":[0]}},{"s":[282.128],"t":28,"i":{"x":[1],"y":[1]},"o":{"x":[0],"y":[0]}},{"s":[292.634],"t":29,"i":{"x":[1],"y":[1]},"o":{"x":[0],"y":[0]}},{"s":[298.447],"t":30,"i":{"x":[1],"y":[1]},"o":{"x":[0],"y":[0]}},{"s":[300.4],"t":31,"i":{"x":[1],"y":[1]},"o":{"x":[0],"y":[0]}},{"s":[299.307],"t":32,"i":{"x":[1],"y":[1]},"o":{"x":[0],"y":[0]}},{"s":[295.93],"t":33,"i":{"x":[1],"y":[1]},"o":{"x":[0],"y":[0]}},{"s":[290.96],"t":34,"i":{"x":[1],"y":[1]},"o":{"x":[0],"y":[0]}},{"s":[284.996],"t":35,"i":{"x":[1],"y":[1]},"o":{"x":[0],"y":[0]}},{"s":[278.545],"t":36,"i":{"x":[1],"y":[1]},"o":{"x":[0],"y":[0]}},{"s":[272.017],"t":37,"i":{"x":[1],"y":[1]},"o":{"x":[0],"y":[0]}},{"s":[265.728],"t":38,"i":{"x":[1],"y":[1]},"o":{"x":[0],"y":[0]}},{"s":[259.911],"t":39,"i":{"x":[1],"y":[1]},"o":{"x":[0],"y":[0]}},{"s":[254.721],"t":40,"i":{"x":[1],"y":[1]},"o":{"x":[0],"y":[0]}},{"s":[250.251],"t":41,"i":{"x":[1],"y":[1]},"o":{"x":[0],"y":[0]}},{"s":[246.536],"t":42,"i":{"x":[1],"y":[1]},"o":{"x":[0],"y":[0]}},{"s":[243.57],"t":43,"i":{"x":[1],"y":[1]},"o":{"x":[0],"y":[0]}},{"s":[241.313],"t":44,"i":{"x":[1],"y":[1]},"o":{"x":[0],"y":[0]}},{"s":[239.703],"t":45,"i":{"x":[1],"y":[1]},"o":{"x":[0],"y":[0]}},{"s":[238.662],"t":46,"i":{"x":[1],"y":[1]},"o":{"x":[0],"y":[0]}},{"s":[238.105],"t":47,"i":{"x":[1],"y":[1]},"o":{"x":[0],"y":[0]}},{"s":[238.094],"t":49,"i":{"x":[1],"y":[1]},"o":{"x":[0],"y":[0]}},{"s":[238.474],"t":50,"i":{"x":[1],"y":[1]},"o":{"x":[0],"y":[0]}},{"s":[239.015],"t":51,"i":{"x":[1],"y":[1]},"o":{"x":[0],"y":[0]}},{"s":[239.652],"t":52,"i":{"x":[1],"y":[1]},"o":{"x":[0],"y":[0]}},{"s":[240.335],"t":53,"i":{"x":[1],"y":[1]},"o":{"x":[0],"y":[0]}},{"s":[241.022],"t":54,"i":{"x":[1],"y":[1]},"o":{"x":[0],"y":[0]}},{"s":[241.68],"t":55,"i":{"x":[1],"y":[1]},"o":{"x":[0],"y":[0]}},{"s":[242.285],"t":56,"i":{"x":[1],"y":[1]},"o":{"x":[0],"y":[0]}},{"s":[242.823],"t":57,"i":{"x":[1],"y":[1]},"o":{"x":[0],"y":[0]}},{"s":[243.285],"t":58,"i":{"x":[1],"y":[1]},"o":{"x":[0],"y":[0]}},{"s":[243.666],"t":59,"i":{"x":[1],"y":[1]},"o":{"x":[0],"y":[0]}},{"s":[243.969],"t":60,"i":{"x":[1],"y":[1]},"o":{"x":[0],"y":[0]}},{"s":[244.198],"t":61,"i":{"x":[1],"y":[1]},"o":{"x":[0],"y":[0]}},{"s":[244.36],"t":62,"i":{"x":[1],"y":[1]},"o":{"x":[0],"y":[0]}},{"s":[244.126],"t":72,"i":{"x":[1],"y":[1]},"o":{"x":[0],"y":[0]}},{"s":[243.89],"t":77,"i":{"x":[1],"y":[1]},"o":{"x":[0],"y":[0]}}]}},{"ty":0,"nm":"Revolution","mn":"Pseudo/UgOta64372a0u-0006","ix":6,"v":{"a":0,"k":360}},{"ty":0,"nm":"Revolution Offset","mn":"Pseudo/UgOta64372a0u-0007","ix":7,"v":{"a":0,"k":0}},{"ty":6,"nm":"","mn":"Pseudo/UgOta64372a0u-0008","ix":8,"v":0},{"ty":6,"nm":"Properties","mn":"Pseudo/UgOta64372a0u-0009","ix":9,"v":0},{"ty":7,"nm":"Link","mn":"Pseudo/UgOta64372a0u-0010","ix":10,"v":{"a":0,"k":0}},{"ty":0,"nm":"Height","mn":"Pseudo/UgOta64372a0u-0011","ix":11,"v":{"a":0,"k":60}},{"ty":0,"nm":"Width","mn":"Pseudo/UgOta64372a0u-0012","ix":12,"v":{"k":[{"s":[11.8],"t":0,"i":{"x":[1],"y":[1]},"o":{"x":[0],"y":[0]}},{"s":[11.8],"t":89,"i":{"x":[1],"y":[1]},"o":{"x":[0],"y":[0]}}]}},{"ty":0,"nm":"Roundness","mn":"Pseudo/UgOta64372a0u-0013","ix":13,"v":{"k":[{"s":[30],"t":0,"i":{"x":[1],"y":[1]},"o":{"x":[0],"y":[0]}},{"s":[30],"t":89,"i":{"x":[1],"y":[1]},"o":{"x":[0],"y":[0]}}]}},{"ty":0,"nm":"Stroke Width","mn":"Pseudo/UgOta64372a0u-0014","ix":14,"v":{"a":0,"k":8}},{"ty":6,"nm":"","mn":"Pseudo/UgOta64372a0u-0015","ix":15,"v":0},{"ty":6,"nm":"Color","mn":"Pseudo/UgOta64372a0u-0016","ix":16,"v":0},{"ty":6,"nm":"Fill","mn":"Pseudo/UgOta64372a0u-0017","ix":17,"v":0},{"ty":7,"nm":"Enable","mn":"Pseudo/UgOta64372a0u-0018","ix":18,"v":{"a":0,"k":1}},{"ty":2,"nm":"Color","mn":"Pseudo/UgOta64372a0u-0019","ix":19,"v":{"a":0,"k":[0.945098102093,0.698039233685,0.627451002598,1]}},{"ty":6,"nm":"","mn":"Pseudo/UgOta64372a0u-0020","ix":20,"v":0},{"ty":6,"nm":"Stroke","mn":"Pseudo/UgOta64372a0u-0021","ix":21,"v":0},{"ty":7,"nm":"Enable","mn":"Pseudo/UgOta64372a0u-0022","ix":22,"v":{"a":0,"k":1}},{"ty":2,"nm":"Color","mn":"Pseudo/UgOta64372a0u-0023","ix":23,"v":{"a":0,"k":[0.453999996185,0.73299998045,1,1]}},{"ty":6,"nm":"","mn":"Pseudo/UgOta64372a0u-0024","ix":24,"v":0},{"ty":6,"nm":"","mn":"Pseudo/UgOta64372a0u-0025","ix":25,"v":0},{"ty":6,"nm":"Sequence","mn":"Pseudo/UgOta64372a0u-0026","ix":26,"v":0},{"ty":7,"nm":"Link","mn":"Pseudo/UgOta64372a0u-0027","ix":27,"v":{"a":0,"k":1}},{"ty":0,"nm":"Height","mn":"Pseudo/UgOta64372a0u-0028","ix":28,"v":{"a":0,"k":0}},{"ty":0,"nm":"Width","mn":"Pseudo/UgOta64372a0u-0029","ix":29,"v":{"a":0,"k":0}},{"ty":6,"nm":"","mn":"Pseudo/UgOta64372a0u-0030","ix":30,"v":0}]},{"ty":5,"nm":"Elastic: Dist. from Center - Burst","np":5,"mn":"Pseudo/MDS Elastic Controller","ix":2,"en":1,"ef":[{"ty":0,"nm":"Amplitude","mn":"Pseudo/MDS Elastic Controller-0001","ix":1,"v":{"a":0,"k":20}},{"ty":0,"nm":"Frequency","mn":"Pseudo/MDS Elastic Controller-0002","ix":2,"v":{"a":0,"k":40}},{"ty":0,"nm":"Decay","mn":"Pseudo/MDS Elastic Controller-0003","ix":3,"v":{"a":0,"k":60}}]}],"shapes":[{"ty":"gr","it":[{"ty":"rc","d":1,"s":{"k":[{"s":[11.8,60],"t":0,"i":{"x":[1,1],"y":[1,1]},"o":{"x":[0,0],"y":[0,0]}},{"s":[11.8,60],"t":89,"i":{"x":[1,1],"y":[1,1]},"o":{"x":[0,0],"y":[0,0]}}]},"p":{"k":[{"s":[0,0],"t":18,"i":{"x":1,"y":1},"o":{"x":0,"y":0}},{"s":[0,243.901],"t":26,"i":{"x":1,"y":1},"o":{"x":0,"y":0}},{"s":[0,266.125],"t":27,"i":{"x":1,"y":1},"o":{"x":0,"y":0}},{"s":[0,282.128],"t":28,"i":{"x":1,"y":1},"o":{"x":0,"y":0}},{"s":[0,292.634],"t":29,"i":{"x":1,"y":1},"o":{"x":0,"y":0}},{"s":[0,298.447],"t":30,"i":{"x":1,"y":1},"o":{"x":0,"y":0}},{"s":[0,300.4],"t":31,"i":{"x":1,"y":1},"o":{"x":0,"y":0}},{"s":[0,299.307],"t":32,"i":{"x":1,"y":1},"o":{"x":0,"y":0}},{"s":[0,295.93],"t":33,"i":{"x":1,"y":1},"o":{"x":0,"y":0}},{"s":[0,290.96],"t":34,"i":{"x":1,"y":1},"o":{"x":0,"y":0}},{"s":[0,284.996],"t":35,"i":{"x":1,"y":1},"o":{"x":0,"y":0}},{"s":[0,278.545],"t":36,"i":{"x":1,"y":1},"o":{"x":0,"y":0}},{"s":[0,272.017],"t":37,"i":{"x":1,"y":1},"o":{"x":0,"y":0}},{"s":[0,265.728],"t":38,"i":{"x":1,"y":1},"o":{"x":0,"y":0}},{"s":[0,259.911],"t":39,"i":{"x":1,"y":1},"o":{"x":0,"y":0}},{"s":[0,254.721],"t":40,"i":{"x":1,"y":1},"o":{"x":0,"y":0}},{"s":[0,250.251],"t":41,"i":{"x":1,"y":1},"o":{"x":0,"y":0}},{"s":[0,246.536],"t":42,"i":{"x":1,"y":1},"o":{"x":0,"y":0}},{"s":[0,243.57],"t":43,"i":{"x":1,"y":1},"o":{"x":0,"y":0}},{"s":[0,241.313],"t":44,"i":{"x":1,"y":1},"o":{"x":0,"y":0}},{"s":[0,239.703],"t":45,"i":{"x":1,"y":1},"o":{"x":0,"y":0}},{"s":[0,238.662],"t":46,"i":{"x":1,"y":1},"o":{"x":0,"y":0}},{"s":[0,238.105],"t":47,"i":{"x":1,"y":1},"o":{"x":0,"y":0}},{"s":[0,238.094],"t":49,"i":{"x":1,"y":1},"o":{"x":0,"y":0}},{"s":[0,238.474],"t":50,"i":{"x":1,"y":1},"o":{"x":0,"y":0}},{"s":[0,239.015],"t":51,"i":{"x":1,"y":1},"o":{"x":0,"y":0}},{"s":[0,239.652],"t":52,"i":{"x":1,"y":1},"o":{"x":0,"y":0}},{"s":[0,240.335],"t":53,"i":{"x":1,"y":1},"o":{"x":0,"y":0}},{"s":[0,241.022],"t":54,"i":{"x":1,"y":1},"o":{"x":0,"y":0}},{"s":[0,241.68],"t":55,"i":{"x":1,"y":1},"o":{"x":0,"y":0}},{"s":[0,242.285],"t":56,"i":{"x":1,"y":1},"o":{"x":0,"y":0}},{"s":[0,242.823],"t":57,"i":{"x":1,"y":1},"o":{"x":0,"y":0}},{"s":[0,243.285],"t":58,"i":{"x":1,"y":1},"o":{"x":0,"y":0}},{"s":[0,243.666],"t":59,"i":{"x":1,"y":1},"o":{"x":0,"y":0}},{"s":[0,243.969],"t":60,"i":{"x":1,"y":1},"o":{"x":0,"y":0}},{"s":[0,244.198],"t":61,"i":{"x":1,"y":1},"o":{"x":0,"y":0}},{"s":[0,244.36],"t":62,"i":{"x":1,"y":1},"o":{"x":0,"y":0}},{"s":[0,244.126],"t":72,"i":{"x":1,"y":1},"o":{"x":0,"y":0}},{"s":[0,243.89],"t":77,"i":{"x":1,"y":1},"o":{"x":0,"y":0}}]},"r":{"k":[{"s":[30],"t":0,"i":{"x":[1],"y":[1]},"o":{"x":[0],"y":[0]}},{"s":[30],"t":89,"i":{"x":[1],"y":[1]},"o":{"x":[0],"y":[0]}}]},"nm":"Burst Piece 1","hd":false},{"ty":"rp","c":{"k":[{"s":[8],"t":0,"i":{"x":[1],"y":[1]},"o":{"x":[0],"y":[0]}},{"s":[8],"t":89,"i":{"x":[1],"y":[1]},"o":{"x":[0],"y":[0]}}]},"o":{"a":0,"k":0},"m":1,"tr":{"ty":"tr","p":{"a":0,"k":[0,0]},"a":{"a":0,"k":[0,0]},"s":{"k":[{"s":[100,100],"t":0,"i":{"x":[1,1],"y":[1,1]},"o":{"x":[0,0],"y":[0,0]}},{"s":[100,100],"t":89,"i":{"x":[1,1],"y":[1,1]},"o":{"x":[0,0],"y":[0,0]}}]},"r":{"k":[{"s":[45],"t":0,"i":{"x":[1],"y":[1]},"o":{"x":[0],"y":[0]}},{"s":[45],"t":89,"i":{"x":[1],"y":[1]},"o":{"x":[0],"y":[0]}}]},"so":{"a":0,"k":100},"eo":{"a":0,"k":100},"nm":"Transform"},"nm":"Repeater 1","hd":false},{"ty":"fl","c":{"k":[{"s":[0.945,0.698,0.627,1],"t":0,"i":{"x":[1],"y":[1]},"o":{"x":[0],"y":[0]}},{"s":[0.945,0.698,0.627,1],"t":89,"i":{"x":[1],"y":[1]},"o":{"x":[0],"y":[0]}}]},"o":{"k":[{"s":[100],"t":0,"i":{"x":[1],"y":[1]},"o":{"x":[0],"y":[0]}},{"s":[100],"t":89,"i":{"x":[1],"y":[1]},"o":{"x":[0],"y":[0]}}]},"r":1,"bm":0,"nm":"Fill 1","hd":false},{"ty":"tr","p":{"a":0,"k":[0,0]},"a":{"a":0,"k":[0,0]},"s":{"a":0,"k":[100,100]},"r":{"a":0,"k":0},"o":{"a":0,"k":100},"sk":{"a":0,"k":0},"sa":{"a":0,"k":0},"nm":"Transform"}],"nm":"Rectangle 1","bm":0,"hd":false}],"ip":0,"op":90,"st":0,"bm":0}],"markers":[]}