{"v":"4.8.0","meta":{"g":"LottieFiles AE 1.0.0","a":"","k":"","d":"","tc":""},"fr":30,"ip":0,"op":157,"w":243,"h":297,"nm":"Render","ddd":0,"assets":[{"id":"comp_0","layers":[{"ddd":0,"ind":1,"ty":4,"nm":"Shape Layer 1","sr":1,"ks":{"o":{"a":1,"k":[{"i":{"x":[0.667],"y":[1]},"o":{"x":[0.333],"y":[0]},"t":0,"s":[0]},{"i":{"x":[0.667],"y":[1]},"o":{"x":[0.333],"y":[0]},"t":8,"s":[100]},{"i":{"x":[0.667],"y":[1]},"o":{"x":[0.333],"y":[0]},"t":14,"s":[90]},{"i":{"x":[0.667],"y":[1]},"o":{"x":[0.333],"y":[0]},"t":20,"s":[100]},{"i":{"x":[0.667],"y":[1]},"o":{"x":[0.333],"y":[0]},"t":26,"s":[90]},{"i":{"x":[0.667],"y":[1]},"o":{"x":[0.333],"y":[0]},"t":31,"s":[100]},{"i":{"x":[0.667],"y":[1]},"o":{"x":[0.333],"y":[0]},"t":35,"s":[90]},{"i":{"x":[0.667],"y":[1]},"o":{"x":[0.333],"y":[0]},"t":39,"s":[100]},{"i":{"x":[0.667],"y":[1]},"o":{"x":[0.333],"y":[0]},"t":45,"s":[90]},{"i":{"x":[0.667],"y":[1]},"o":{"x":[0.333],"y":[0]},"t":48,"s":[100]},{"t":59,"s":[0]}],"ix":11},"r":{"a":0,"k":0,"ix":10},"p":{"a":1,"k":[{"i":{"x":0.667,"y":1},"o":{"x":0.333,"y":0},"t":0,"s":[36.5,17.5,0],"to":[0,3.333,0],"ti":[0,-3.333,0]},{"t":59,"s":[36.5,37.5,0]}],"ix":2},"a":{"a":0,"k":[0,0,0],"ix":1},"s":{"a":1,"k":[{"i":{"x":[0.667,0.667,0.667],"y":[1,1,1]},"o":{"x":[0.333,0.333,0.333],"y":[0,0,0]},"t":0,"s":[100,105,100]},{"i":{"x":[0.667,0.667,0.667],"y":[1,1,1]},"o":{"x":[0.333,0.333,0.333],"y":[0,0,0]},"t":4,"s":[98,105,100]},{"i":{"x":[0.667,0.667,0.667],"y":[1,1,1]},"o":{"x":[0.333,0.333,0.333],"y":[0,0,0]},"t":9,"s":[100,105,100]},{"i":{"x":[0.667,0.667,0.667],"y":[1,1,1]},"o":{"x":[0.333,0.333,0.333],"y":[0,0,0]},"t":13,"s":[95,105,100]},{"i":{"x":[0.667,0.667,0.667],"y":[1,1,1]},"o":{"x":[0.333,0.333,0.333],"y":[0,0,0]},"t":17,"s":[100,101,100]},{"i":{"x":[0.667,0.667,0.667],"y":[1,1,1]},"o":{"x":[0.333,0.333,0.333],"y":[0,0,0]},"t":21,"s":[97,105,100]},{"i":{"x":[0.667,0.667,0.667],"y":[1,1,1]},"o":{"x":[0.333,0.333,0.333],"y":[0,0,0]},"t":25,"s":[100,91,100]},{"i":{"x":[0.667,0.667,0.667],"y":[1,1,1]},"o":{"x":[0.333,0.333,0.333],"y":[0,0,0]},"t":29,"s":[98,105,100]},{"i":{"x":[0.667,0.667,0.667],"y":[1,1,1]},"o":{"x":[0.333,0.333,0.333],"y":[0,0,0]},"t":34,"s":[100,91,100]},{"i":{"x":[0.667,0.667,0.667],"y":[1,1,1]},"o":{"x":[0.333,0.333,0.333],"y":[0,0,0]},"t":38,"s":[88,105,100]},{"i":{"x":[0.667,0.667,0.667],"y":[1,1,1]},"o":{"x":[0.333,0.333,0.333],"y":[0,0,0]},"t":42,"s":[100,91,100]},{"i":{"x":[0.667,0.667,0.667],"y":[1,1,1]},"o":{"x":[0.333,0.333,0.333],"y":[0,0,0]},"t":46,"s":[98,105,100]},{"i":{"x":[0.667,0.667,0.667],"y":[1,1,1]},"o":{"x":[0.333,0.333,0.333],"y":[0,0,0]},"t":52,"s":[100,91,100]},{"t":56,"s":[98,105,100]}],"ix":6}},"ao":0,"shapes":[{"ind":0,"ty":"sh","ix":1,"ks":{"a":0,"k":{"i":[[0,0],[-0.499,-0.739],[0,0],[-0.133,-0.09],[0,0],[0.739,-0.499],[0,0],[0.09,-0.134],[0,0],[0.499,0.739],[0,0],[0.134,0.09],[0,0],[-0.739,0.499],[0,0],[-0.09,0.133]],"o":[[0.499,-0.739],[0,0],[0.09,0.133],[0,0],[0.739,0.499],[0,0],[-0.133,0.09],[0,0],[-0.499,0.739],[0,0],[-0.09,-0.134],[0,0],[-0.739,-0.499],[0,0],[0.134,-0.09],[0,0]],"v":[[-1.043,-9.041],[1.043,-9.041],[4.13,-4.469],[4.469,-4.13],[9.041,-1.043],[9.041,1.043],[4.469,4.13],[4.13,4.468],[1.043,9.041],[-1.043,9.041],[-4.13,4.468],[-4.469,4.13],[-9.041,1.043],[-9.041,-1.043],[-4.469,-4.13],[-4.13,-4.469]],"c":true},"ix":2},"nm":"Path 1","mn":"ADBE Vector Shape - Group","hd":false},{"ty":"fl","c":{"a":0,"k":[0.611764705882,0.552941176471,0.886274509804,1],"ix":4},"o":{"a":0,"k":100,"ix":5},"r":1,"bm":0,"nm":"Fill 1","mn":"ADBE Vector Graphic - Fill","hd":false}],"ip":0,"op":60,"st":0,"bm":0}]}],"layers":[{"ddd":0,"ind":1,"ty":0,"nm":"Particle","refId":"comp_0","sr":1,"ks":{"o":{"a":0,"k":24,"ix":11},"r":{"a":0,"k":0,"ix":10},"p":{"a":0,"k":[56.5,179,0],"ix":2},"a":{"a":0,"k":[38,67.5,0],"ix":1},"s":{"a":0,"k":[40,40,100],"ix":6}},"ao":0,"w":76,"h":135,"ip":0,"op":34,"st":-26,"bm":0},{"ddd":0,"ind":2,"ty":0,"nm":"Particle","refId":"comp_0","sr":1,"ks":{"o":{"a":0,"k":24,"ix":11},"r":{"a":0,"k":0,"ix":10},"p":{"a":0,"k":[56.5,179,0],"ix":2},"a":{"a":0,"k":[38,67.5,0],"ix":1},"s":{"a":0,"k":[40,40,100],"ix":6}},"ao":0,"w":76,"h":135,"ip":130,"op":157,"st":130,"bm":0},{"ddd":0,"ind":3,"ty":0,"nm":"Particle","refId":"comp_0","sr":1,"ks":{"o":{"a":0,"k":24,"ix":11},"r":{"a":0,"k":0,"ix":10},"p":{"a":0,"k":[56.5,179,0],"ix":2},"a":{"a":0,"k":[38,67.5,0],"ix":1},"s":{"a":0,"k":[40,40,100],"ix":6}},"ao":0,"w":76,"h":135,"ip":54,"op":114,"st":54,"bm":0},{"ddd":0,"ind":4,"ty":0,"nm":"Particle","refId":"comp_0","sr":1,"ks":{"o":{"a":0,"k":24,"ix":11},"r":{"a":0,"k":0,"ix":10},"p":{"a":0,"k":[22.5,179.5,0],"ix":2},"a":{"a":0,"k":[38,67.5,0],"ix":1},"s":{"a":0,"k":[40,40,100],"ix":6}},"ao":0,"w":76,"h":135,"ip":95,"op":155,"st":95,"bm":0},{"ddd":0,"ind":5,"ty":0,"nm":"Particle","refId":"comp_0","sr":1,"ks":{"o":{"a":0,"k":24,"ix":11},"r":{"a":0,"k":0,"ix":10},"p":{"a":0,"k":[205.5,175.5,0],"ix":2},"a":{"a":0,"k":[38,67.5,0],"ix":1},"s":{"a":0,"k":[40,40,100],"ix":6}},"ao":0,"w":76,"h":135,"ip":65,"op":125,"st":65,"bm":0},{"ddd":0,"ind":6,"ty":0,"nm":"Particle","refId":"comp_0","sr":1,"ks":{"o":{"a":0,"k":100,"ix":11},"r":{"a":0,"k":0,"ix":10},"p":{"a":0,"k":[181,83,0],"ix":2},"a":{"a":0,"k":[38,67.5,0],"ix":1},"s":{"a":0,"k":[40,40,100],"ix":6}},"ao":0,"w":76,"h":135,"ip":79,"op":139,"st":79,"bm":0},{"ddd":0,"ind":7,"ty":0,"nm":"Particle","refId":"comp_0","sr":1,"ks":{"o":{"a":0,"k":100,"ix":11},"r":{"a":0,"k":0,"ix":10},"p":{"a":0,"k":[149,68,0],"ix":2},"a":{"a":0,"k":[38,67.5,0],"ix":1},"s":{"a":0,"k":[40,40,100],"ix":6}},"ao":0,"w":76,"h":135,"ip":7,"op":67,"st":7,"bm":0},{"ddd":0,"ind":8,"ty":0,"nm":"Particle","refId":"comp_0","sr":1,"ks":{"o":{"a":0,"k":73,"ix":11},"r":{"a":0,"k":0,"ix":10},"p":{"a":0,"k":[31.5,64,0],"ix":2},"a":{"a":0,"k":[38,67.5,0],"ix":1},"s":{"a":0,"k":[40,40,100],"ix":6}},"ao":0,"w":76,"h":135,"ip":49,"op":109,"st":49,"bm":0},{"ddd":0,"ind":9,"ty":0,"nm":"Particle","refId":"comp_0","sr":1,"ks":{"o":{"a":0,"k":73,"ix":11},"r":{"a":0,"k":0,"ix":10},"p":{"a":0,"k":[228,149,0],"ix":2},"a":{"a":0,"k":[38,67.5,0],"ix":1},"s":{"a":0,"k":[47,47,100],"ix":6}},"ao":0,"w":76,"h":135,"ip":88,"op":148,"st":88,"bm":0},{"ddd":0,"ind":10,"ty":0,"nm":"Particle","refId":"comp_0","sr":1,"ks":{"o":{"a":0,"k":73,"ix":11},"r":{"a":0,"k":0,"ix":10},"p":{"a":0,"k":[228,149,0],"ix":2},"a":{"a":0,"k":[38,67.5,0],"ix":1},"s":{"a":0,"k":[47,47,100],"ix":6}},"ao":0,"w":76,"h":135,"ip":17,"op":77,"st":17,"bm":0},{"ddd":0,"ind":11,"ty":0,"nm":"Particle","refId":"comp_0","sr":1,"ks":{"o":{"a":0,"k":73,"ix":11},"r":{"a":0,"k":0,"ix":10},"p":{"a":0,"k":[106,142,0],"ix":2},"a":{"a":0,"k":[38,67.5,0],"ix":1},"s":{"a":0,"k":[47,47,100],"ix":6}},"ao":0,"w":76,"h":135,"ip":97,"op":157,"st":97,"bm":0},{"ddd":0,"ind":12,"ty":0,"nm":"Particle","refId":"comp_0","sr":1,"ks":{"o":{"a":0,"k":73,"ix":11},"r":{"a":0,"k":0,"ix":10},"p":{"a":0,"k":[19.5,145.5,0],"ix":2},"a":{"a":0,"k":[38,67.5,0],"ix":1},"s":{"a":0,"k":[47,47,100],"ix":6}},"ao":0,"w":76,"h":135,"ip":41,"op":101,"st":41,"bm":0},{"ddd":0,"ind":13,"ty":0,"nm":"Particle","refId":"comp_0","sr":1,"ks":{"o":{"a":0,"k":76,"ix":11},"r":{"a":0,"k":0,"ix":10},"p":{"a":0,"k":[30.5,128,0],"ix":2},"a":{"a":0,"k":[38,67.5,0],"ix":1},"s":{"a":0,"k":[47,47,100],"ix":6}},"ao":0,"w":76,"h":135,"ip":95,"op":155,"st":95,"bm":0},{"ddd":0,"ind":14,"ty":0,"nm":"Particle","refId":"comp_0","sr":1,"ks":{"o":{"a":0,"k":76,"ix":11},"r":{"a":0,"k":0,"ix":10},"p":{"a":0,"k":[148.5,65,0],"ix":2},"a":{"a":0,"k":[38,67.5,0],"ix":1},"s":{"a":0,"k":[63,63,100],"ix":6}},"ao":0,"w":76,"h":135,"ip":75,"op":135,"st":75,"bm":0},{"ddd":0,"ind":15,"ty":0,"nm":"Particle","refId":"comp_0","sr":1,"ks":{"o":{"a":0,"k":76,"ix":11},"r":{"a":0,"k":0,"ix":10},"p":{"a":0,"k":[177.5,157,0],"ix":2},"a":{"a":0,"k":[38,67.5,0],"ix":1},"s":{"a":0,"k":[71,71,100],"ix":6}},"ao":0,"w":76,"h":135,"ip":0,"op":39,"st":-21,"bm":0},{"ddd":0,"ind":16,"ty":0,"nm":"Particle","refId":"comp_0","sr":1,"ks":{"o":{"a":0,"k":76,"ix":11},"r":{"a":0,"k":0,"ix":10},"p":{"a":0,"k":[177.5,157,0],"ix":2},"a":{"a":0,"k":[38,67.5,0],"ix":1},"s":{"a":0,"k":[71,71,100],"ix":6}},"ao":0,"w":76,"h":135,"ip":135,"op":157,"st":135,"bm":0},{"ddd":0,"ind":17,"ty":0,"nm":"Particle","refId":"comp_0","sr":1,"ks":{"o":{"a":0,"k":76,"ix":11},"r":{"a":0,"k":0,"ix":10},"p":{"a":0,"k":[195.5,126,0],"ix":2},"a":{"a":0,"k":[38,67.5,0],"ix":1},"s":{"a":0,"k":[71,71,100],"ix":6}},"ao":0,"w":76,"h":135,"ip":7,"op":67,"st":7,"bm":0},{"ddd":0,"ind":18,"ty":0,"nm":"Particle","refId":"comp_0","sr":1,"ks":{"o":{"a":0,"k":100,"ix":11},"r":{"a":0,"k":0,"ix":10},"p":{"a":0,"k":[220,87,0],"ix":2},"a":{"a":0,"k":[38,67.5,0],"ix":1},"s":{"a":0,"k":[71,71,100],"ix":6}},"ao":0,"w":76,"h":135,"ip":88,"op":148,"st":88,"bm":0},{"ddd":0,"ind":19,"ty":0,"nm":"Particle","refId":"comp_0","sr":1,"ks":{"o":{"a":0,"k":100,"ix":11},"r":{"a":0,"k":0,"ix":10},"p":{"a":0,"k":[220,87,0],"ix":2},"a":{"a":0,"k":[38,67.5,0],"ix":1},"s":{"a":0,"k":[71,71,100],"ix":6}},"ao":0,"w":76,"h":135,"ip":19,"op":79,"st":19,"bm":0},{"ddd":0,"ind":20,"ty":0,"nm":"Particle","refId":"comp_0","sr":1,"ks":{"o":{"a":0,"k":100,"ix":11},"r":{"a":0,"k":0,"ix":10},"p":{"a":0,"k":[105,96.5,0],"ix":2},"a":{"a":0,"k":[38,67.5,0],"ix":1},"s":{"a":0,"k":[71,71,100],"ix":6}},"ao":0,"w":76,"h":135,"ip":0,"op":28,"st":-32,"bm":0},{"ddd":0,"ind":21,"ty":0,"nm":"Particle","refId":"comp_0","sr":1,"ks":{"o":{"a":0,"k":100,"ix":11},"r":{"a":0,"k":0,"ix":10},"p":{"a":0,"k":[105,96.5,0],"ix":2},"a":{"a":0,"k":[38,67.5,0],"ix":1},"s":{"a":0,"k":[71,71,100],"ix":6}},"ao":0,"w":76,"h":135,"ip":124,"op":157,"st":124,"bm":0},{"ddd":0,"ind":22,"ty":0,"nm":"Particle","refId":"comp_0","sr":1,"ks":{"o":{"a":0,"k":100,"ix":11},"r":{"a":0,"k":0,"ix":10},"p":{"a":0,"k":[81,127.5,0],"ix":2},"a":{"a":0,"k":[38,67.5,0],"ix":1},"s":{"a":0,"k":[71,71,100],"ix":6}},"ao":0,"w":76,"h":135,"ip":21,"op":81,"st":21,"bm":0},{"ddd":0,"ind":23,"ty":0,"nm":"Particle","refId":"comp_0","sr":1,"ks":{"o":{"a":0,"k":100,"ix":11},"r":{"a":0,"k":0,"ix":10},"p":{"a":0,"k":[65,94.5,0],"ix":2},"a":{"a":0,"k":[38,67.5,0],"ix":1},"s":{"a":0,"k":[71,71,100],"ix":6}},"ao":0,"w":76,"h":135,"ip":56,"op":116,"st":56,"bm":0},{"ddd":0,"ind":24,"ty":0,"nm":"Particle","refId":"comp_0","sr":1,"ks":{"o":{"a":0,"k":100,"ix":11},"r":{"a":0,"k":0,"ix":10},"p":{"a":0,"k":[26,79.5,0],"ix":2},"a":{"a":0,"k":[38,67.5,0],"ix":1},"s":{"a":0,"k":[71,71,100],"ix":6}},"ao":0,"w":76,"h":135,"ip":97,"op":157,"st":97,"bm":0},{"ddd":0,"ind":25,"ty":0,"nm":"Particle","refId":"comp_0","sr":1,"ks":{"o":{"a":0,"k":100,"ix":11},"r":{"a":0,"k":0,"ix":10},"p":{"a":0,"k":[17,84.5,0],"ix":2},"a":{"a":0,"k":[38,67.5,0],"ix":1},"s":{"a":0,"k":[71,71,100],"ix":6}},"ao":0,"w":76,"h":135,"ip":0,"op":60,"st":0,"bm":0}],"markers":[]}