{"v":"4.8.0","meta":{"g":"LottieFiles AE 1.0.0","a":"Karungany","k":"explosion, boom, bubbles, reveal, ring","d":"Bubble cluster explosion","tc":"baby blue"},"fr":60,"ip":6,"op":101,"w":512,"h":512,"nm":"Main Bubbles","ddd":0,"assets":[{"id":"comp_0","layers":[{"ddd":0,"ind":1,"ty":0,"nm":"Bubble group","refId":"comp_1","sr":1,"ks":{"o":{"a":0,"k":100,"ix":11},"r":{"a":0,"k":322,"ix":10},"p":{"a":0,"k":[350,350,0],"ix":2},"a":{"a":0,"k":[400,400,0],"ix":1},"s":{"a":0,"k":[78,78,100],"ix":6}},"ao":0,"w":800,"h":800,"ip":3,"op":135,"st":-15,"bm":0},{"ddd":0,"ind":2,"ty":0,"nm":"Bubble group","refId":"comp_1","sr":1,"ks":{"o":{"a":0,"k":100,"ix":11},"r":{"a":0,"k":59,"ix":10},"p":{"a":0,"k":[350,350,0],"ix":2},"a":{"a":0,"k":[400,400,0],"ix":1},"s":{"a":0,"k":[83,83,100],"ix":6}},"ao":0,"w":800,"h":800,"ip":-1,"op":119,"st":-31,"bm":0}]},{"id":"comp_1","layers":[{"ddd":0,"ind":1,"ty":3,"nm":"Null 1","sr":1,"ks":{"o":{"a":0,"k":0,"ix":11},"r":{"a":0,"k":0,"ix":10},"p":{"a":0,"k":[400,400,0],"ix":2},"a":{"a":0,"k":[50,50,0],"ix":1},"s":{"a":0,"k":[100,100,100],"ix":6}},"ao":0,"ip":0,"op":150,"st":0,"bm":0},{"ddd":0,"ind":2,"ty":0,"nm":"Bubble Half","parent":1,"refId":"comp_2","sr":1,"ks":{"o":{"a":0,"k":100,"ix":11},"r":{"a":0,"k":0,"ix":10},"p":{"a":0,"k":[-90,50,0],"ix":2},"a":{"a":0,"k":[240,400,0],"ix":1},"s":{"a":0,"k":[-100,-100,100],"ix":6}},"ao":0,"w":480,"h":800,"ip":0,"op":132,"st":0,"bm":0},{"ddd":0,"ind":3,"ty":0,"nm":"Bubble Half 2","parent":1,"refId":"comp_4","sr":1,"ks":{"o":{"a":0,"k":100,"ix":11},"r":{"a":0,"k":0,"ix":10},"p":{"a":0,"k":[204,50,0],"ix":2},"a":{"a":0,"k":[240,400,0],"ix":1},"s":{"a":0,"k":[100,100,100],"ix":6}},"ao":0,"w":480,"h":800,"ip":0,"op":132,"st":0,"bm":0}]},{"id":"comp_2","layers":[{"ddd":0,"ind":1,"ty":0,"nm":"Bubbles","refId":"comp_3","sr":1,"ks":{"o":{"a":0,"k":100,"ix":11},"r":{"a":0,"k":180,"ix":10},"p":{"a":0,"k":[90,410,0],"ix":2},"a":{"a":0,"k":[75,400,0],"ix":1},"s":{"a":0,"k":[100,100,100],"ix":6}},"ao":0,"w":150,"h":400,"ip":10,"op":132,"st":10,"bm":0},{"ddd":0,"ind":2,"ty":0,"nm":"Bubbles","refId":"comp_3","sr":1,"ks":{"o":{"a":0,"k":100,"ix":11},"r":{"a":0,"k":167,"ix":10},"p":{"a":0,"k":[90,410,0],"ix":2},"a":{"a":0,"k":[75,400,0],"ix":1},"s":{"a":0,"k":[82,82,100],"ix":6}},"ao":0,"w":150,"h":400,"ip":1,"op":125,"st":1,"bm":0},{"ddd":0,"ind":3,"ty":0,"nm":"Bubbles","refId":"comp_3","sr":1,"ks":{"o":{"a":0,"k":100,"ix":11},"r":{"a":0,"k":135,"ix":10},"p":{"a":0,"k":[90,410,0],"ix":2},"a":{"a":0,"k":[75,400,0],"ix":1},"s":{"a":0,"k":[-78,78,100],"ix":6}},"ao":0,"w":150,"h":400,"ip":4,"op":128,"st":4,"bm":0},{"ddd":0,"ind":4,"ty":0,"nm":"Bubbles","refId":"comp_3","sr":1,"ks":{"o":{"a":0,"k":100,"ix":11},"r":{"a":0,"k":116,"ix":10},"p":{"a":0,"k":[90,410,0],"ix":2},"a":{"a":0,"k":[75,400,0],"ix":1},"s":{"a":0,"k":[-86,86,100],"ix":6}},"ao":0,"w":150,"h":400,"ip":0,"op":108,"st":-18,"bm":0},{"ddd":0,"ind":5,"ty":0,"nm":"Bubbles","refId":"comp_3","sr":1,"ks":{"o":{"a":0,"k":100,"ix":11},"r":{"a":0,"k":45,"ix":10},"p":{"a":0,"k":[90,410,0],"ix":2},"a":{"a":0,"k":[75,400,0],"ix":1},"s":{"a":0,"k":[100,100,100],"ix":6}},"ao":0,"w":150,"h":400,"ip":8,"op":116,"st":-10,"bm":0},{"ddd":0,"ind":6,"ty":0,"nm":"Bubbles","refId":"comp_3","sr":1,"ks":{"o":{"a":0,"k":100,"ix":11},"r":{"a":0,"k":90,"ix":10},"p":{"a":0,"k":[90,410,0],"ix":2},"a":{"a":0,"k":[75,400,0],"ix":1},"s":{"a":0,"k":[76,76,100],"ix":6}},"ao":0,"w":150,"h":400,"ip":4,"op":112,"st":-14,"bm":0},{"ddd":0,"ind":7,"ty":0,"nm":"Bubbles","refId":"comp_3","sr":1,"ks":{"o":{"a":0,"k":100,"ix":11},"r":{"a":0,"k":45,"ix":10},"p":{"a":0,"k":[90,410,0],"ix":2},"a":{"a":0,"k":[75,400,0],"ix":1},"s":{"a":0,"k":[-100,100,100],"ix":6}},"ao":0,"w":150,"h":400,"ip":0,"op":126,"st":0,"bm":0},{"ddd":0,"ind":8,"ty":0,"nm":"Bubbles","refId":"comp_3","sr":1,"ks":{"o":{"a":0,"k":100,"ix":11},"r":{"a":0,"k":22,"ix":10},"p":{"a":0,"k":[90,410,0],"ix":2},"a":{"a":0,"k":[75,400,0],"ix":1},"s":{"a":0,"k":[107,107,100],"ix":6}},"ao":0,"w":150,"h":400,"ip":2,"op":108,"st":-18,"bm":0},{"ddd":0,"ind":9,"ty":0,"nm":"Bubbles","refId":"comp_3","sr":1,"ks":{"o":{"a":0,"k":100,"ix":11},"r":{"a":0,"k":0,"ix":10},"p":{"a":0,"k":[90,410,0],"ix":2},"a":{"a":0,"k":[75,400,0],"ix":1},"s":{"a":0,"k":[-100,100,100],"ix":6}},"ao":0,"w":150,"h":400,"ip":0,"op":106,"st":-20,"bm":0}]},{"id":"comp_3","layers":[{"ddd":0,"ind":2,"ty":4,"nm":"Shape Layer 10","sr":1,"ks":{"o":{"a":0,"k":100,"ix":11},"r":{"a":0,"k":0,"ix":10},"p":{"s":true,"x":{"a":0,"k":33.25,"ix":3},"y":{"a":1,"k":[{"i":{"x":[0.521],"y":[1]},"o":{"x":[0.264],"y":[0.945]},"t":2,"s":[379.75]},{"t":113,"s":[140.5]}],"ix":4}},"a":{"a":0,"k":[-32.75,-129.25,0],"ix":1},"s":{"a":0,"k":[100,100,100],"ix":6}},"ao":0,"shapes":[{"ty":"gr","it":[{"d":1,"ty":"el","s":{"a":0,"k":[40.5,40.5],"ix":2},"p":{"a":0,"k":[0,0],"ix":3},"nm":"Ellipse Path 1","mn":"ADBE Vector Shape - Ellipse","hd":false},{"ty":"fl","c":{"a":0,"k":[0.689504047469,0.833972826191,0.960784313725,1],"ix":4},"o":{"a":0,"k":100,"ix":5},"r":1,"bm":0,"nm":"Fill 1","mn":"ADBE Vector Graphic - Fill","hd":false},{"ty":"tr","p":{"a":0,"k":[-32.75,-129.25],"ix":2},"a":{"a":0,"k":[0,0],"ix":1},"s":{"a":0,"k":[100,100],"ix":3},"r":{"a":0,"k":0,"ix":6},"o":{"a":0,"k":100,"ix":7},"sk":{"a":0,"k":0,"ix":4},"sa":{"a":0,"k":0,"ix":5},"nm":"Transform"}],"nm":"Ellipse 11","np":4,"cix":2,"bm":0,"ix":1,"mn":"ADBE Vector Group","hd":false}],"ip":0,"op":56,"st":0,"bm":0},{"ddd":0,"ind":3,"ty":4,"nm":"Shape Layer 9","sr":1,"ks":{"o":{"a":0,"k":100,"ix":11},"r":{"a":0,"k":0,"ix":10},"p":{"s":true,"x":{"a":0,"k":82.25,"ix":3},"y":{"a":1,"k":[{"i":{"x":[0.621],"y":[0.666]},"o":{"x":[0.312],"y":[0.623]},"t":6,"s":[386.25]},{"t":76,"s":[155.432]}],"ix":4}},"a":{"a":0,"k":[10.25,-73.75,0],"ix":1},"s":{"a":0,"k":[100,100,100],"ix":6}},"ao":0,"shapes":[{"ty":"gr","it":[{"d":1,"ty":"el","s":{"a":0,"k":[27.5,27.5],"ix":2},"p":{"a":0,"k":[0,0],"ix":3},"nm":"Ellipse Path 1","mn":"ADBE Vector Shape - Ellipse","hd":false},{"ty":"fl","c":{"a":0,"k":[0.266666666667,0.619607843137,0.929411824544,1],"ix":4},"o":{"a":0,"k":100,"ix":5},"r":1,"bm":0,"nm":"Fill 1","mn":"ADBE Vector Graphic - Fill","hd":false},{"ty":"tr","p":{"a":0,"k":[10.25,-73.75],"ix":2},"a":{"a":0,"k":[0,0],"ix":1},"s":{"a":0,"k":[100,100],"ix":3},"r":{"a":0,"k":0,"ix":6},"o":{"a":0,"k":100,"ix":7},"sk":{"a":0,"k":0,"ix":4},"sa":{"a":0,"k":0,"ix":5},"nm":"Transform"}],"nm":"Ellipse 10","np":4,"cix":2,"bm":0,"ix":1,"mn":"ADBE Vector Group","hd":false}],"ip":4,"op":62,"st":4,"bm":0},{"ddd":0,"ind":4,"ty":4,"nm":"Shape Layer 8","sr":1,"ks":{"o":{"a":0,"k":100,"ix":11},"r":{"a":0,"k":0,"ix":10},"p":{"s":true,"x":{"a":0,"k":126.25,"ix":3},"y":{"a":1,"k":[{"i":{"x":[0.521],"y":[1]},"o":{"x":[0.264],"y":[0.571]},"t":0,"s":[389.25]},{"t":92.0625,"s":[122]}],"ix":4}},"a":{"a":0,"k":[60.25,-58.75,0],"ix":1},"s":{"a":0,"k":[100,100,100],"ix":6}},"ao":0,"shapes":[{"ty":"gr","it":[{"d":1,"ty":"el","s":{"a":0,"k":[21.5,21.5],"ix":2},"p":{"a":0,"k":[0,0],"ix":3},"nm":"Ellipse Path 1","mn":"ADBE Vector Shape - Ellipse","hd":false},{"ty":"fl","c":{"a":0,"k":[0.266666995778,0.619607962814,0.929412004059,1],"ix":4},"o":{"a":0,"k":100,"ix":5},"r":1,"bm":0,"nm":"Fill 1","mn":"ADBE Vector Graphic - Fill","hd":false},{"ty":"tr","p":{"a":0,"k":[60.25,-58.75],"ix":2},"a":{"a":0,"k":[0,0],"ix":1},"s":{"a":0,"k":[100,100],"ix":3},"r":{"a":0,"k":0,"ix":6},"o":{"a":0,"k":100,"ix":7},"sk":{"a":0,"k":0,"ix":4},"sa":{"a":0,"k":0,"ix":5},"nm":"Transform"}],"nm":"Ellipse 9","np":4,"cix":2,"bm":0,"ix":1,"mn":"ADBE Vector Group","hd":false}],"ip":0,"op":58,"st":0,"bm":0},{"ddd":0,"ind":5,"ty":4,"nm":"Shape Layer 7","sr":1,"ks":{"o":{"a":0,"k":100,"ix":11},"r":{"a":0,"k":0,"ix":10},"p":{"s":true,"x":{"a":0,"k":26.75,"ix":3},"y":{"a":1,"k":[{"i":{"x":[0.521],"y":[1]},"o":{"x":[0.264],"y":[0.625]},"t":16,"s":[390.25]},{"t":116.6875,"s":[131.5]}],"ix":4}},"a":{"a":0,"k":[-39.25,-49.25,0],"ix":1},"s":{"a":0,"k":[100,100,100],"ix":6}},"ao":0,"shapes":[{"ty":"gr","it":[{"d":1,"ty":"el","s":{"a":0,"k":[19.5,19.5],"ix":2},"p":{"a":0,"k":[0,0],"ix":3},"nm":"Ellipse Path 1","mn":"ADBE Vector Shape - Ellipse","hd":false},{"ty":"fl","c":{"a":0,"k":[0.266666995778,0.619607962814,0.929412004059,1],"ix":4},"o":{"a":0,"k":100,"ix":5},"r":1,"bm":0,"nm":"Fill 1","mn":"ADBE Vector Graphic - Fill","hd":false},{"ty":"tr","p":{"a":0,"k":[-39.25,-49.25],"ix":2},"a":{"a":0,"k":[0,0],"ix":1},"s":{"a":0,"k":[100,100],"ix":3},"r":{"a":0,"k":0,"ix":6},"o":{"a":0,"k":100,"ix":7},"sk":{"a":0,"k":0,"ix":4},"sa":{"a":0,"k":0,"ix":5},"nm":"Transform"}],"nm":"Ellipse 8","np":4,"cix":2,"bm":0,"ix":1,"mn":"ADBE Vector Group","hd":false}],"ip":14,"op":70,"st":14,"bm":0},{"ddd":0,"ind":6,"ty":4,"nm":"Shape Layer 6","sr":1,"ks":{"o":{"a":0,"k":100,"ix":11},"r":{"a":0,"k":0,"ix":10},"p":{"s":true,"x":{"a":0,"k":97.75,"ix":3},"y":{"a":1,"k":[{"i":{"x":[0.521],"y":[1]},"o":{"x":[0.264],"y":[0.625]},"t":5.375,"s":[393.75]},{"t":106.0625,"s":[250.5]}],"ix":4}},"a":{"a":0,"k":[31.75,69.75,0],"ix":1},"s":{"a":0,"k":[100,100,100],"ix":6}},"ao":0,"shapes":[{"ty":"gr","it":[{"d":1,"ty":"el","s":{"a":0,"k":[12.5,12.5],"ix":2},"p":{"a":0,"k":[0,0],"ix":3},"nm":"Ellipse Path 1","mn":"ADBE Vector Shape - Ellipse","hd":false},{"ty":"fl","c":{"a":0,"k":[0.690196078431,0.835294117647,0.960784313725,1],"ix":4},"o":{"a":0,"k":100,"ix":5},"r":1,"bm":0,"nm":"Fill 1","mn":"ADBE Vector Graphic - Fill","hd":false},{"ty":"tr","p":{"a":0,"k":[31.75,69.75],"ix":2},"a":{"a":0,"k":[0,0],"ix":1},"s":{"a":0,"k":[100,100],"ix":3},"r":{"a":0,"k":0,"ix":6},"o":{"a":0,"k":100,"ix":7},"sk":{"a":0,"k":0,"ix":4},"sa":{"a":0,"k":0,"ix":5},"nm":"Transform"}],"nm":"Ellipse 7","np":4,"cix":2,"bm":0,"ix":1,"mn":"ADBE Vector Group","hd":false}],"ip":6,"op":62,"st":6,"bm":0},{"ddd":0,"ind":7,"ty":4,"nm":"Shape Layer 5","sr":1,"ks":{"o":{"a":0,"k":100,"ix":11},"r":{"a":0,"k":0,"ix":10},"p":{"s":true,"x":{"a":0,"k":60.75,"ix":3},"y":{"a":1,"k":[{"i":{"x":[0.654],"y":[0.922]},"o":{"x":[0.328],"y":[1.062]},"t":-2,"s":[393.25]},{"t":82,"s":[294.165]}],"ix":4}},"a":{"a":0,"k":[-19.25,50.25,0],"ix":1},"s":{"a":0,"k":[100,100,100],"ix":6}},"ao":0,"shapes":[{"ty":"gr","it":[{"d":1,"ty":"el","s":{"a":0,"k":[13.5,13.5],"ix":2},"p":{"a":0,"k":[0,0],"ix":3},"nm":"Ellipse Path 1","mn":"ADBE Vector Shape - Ellipse","hd":false},{"ty":"fl","c":{"a":0,"k":[0.266666995778,0.619607962814,0.929412004059,1],"ix":4},"o":{"a":0,"k":100,"ix":5},"r":1,"bm":0,"nm":"Fill 1","mn":"ADBE Vector Graphic - Fill","hd":false},{"ty":"tr","p":{"a":0,"k":[-19.25,50.25],"ix":2},"a":{"a":0,"k":[0,0],"ix":1},"s":{"a":0,"k":[100,100],"ix":3},"r":{"a":0,"k":0,"ix":6},"o":{"a":0,"k":100,"ix":7},"sk":{"a":0,"k":0,"ix":4},"sa":{"a":0,"k":0,"ix":5},"nm":"Transform"}],"nm":"Ellipse 6","np":4,"cix":2,"bm":0,"ix":1,"mn":"ADBE Vector Group","hd":false}],"ip":0,"op":54,"st":0,"bm":0},{"ddd":0,"ind":8,"ty":4,"nm":"Shape Layer 4","sr":1,"ks":{"o":{"a":0,"k":100,"ix":11},"r":{"a":0,"k":0,"ix":10},"p":{"s":true,"x":{"a":0,"k":83.25,"ix":3},"y":{"a":1,"k":[{"i":{"x":[0.521],"y":[1]},"o":{"x":[0.264],"y":[0.549]},"t":2.562,"s":[390.25]},{"t":91,"s":[211]}],"ix":4}},"a":{"a":0,"k":[17.25,30.25,0],"ix":1},"s":{"a":0,"k":[100,100,100],"ix":6}},"ao":0,"shapes":[{"ty":"gr","it":[{"d":1,"ty":"el","s":{"a":0,"k":[19.5,19.5],"ix":2},"p":{"a":0,"k":[0,0],"ix":3},"nm":"Ellipse Path 1","mn":"ADBE Vector Shape - Ellipse","hd":false},{"ty":"fl","c":{"a":0,"k":[0.690196078431,0.835294117647,0.960784313725,1],"ix":4},"o":{"a":0,"k":100,"ix":5},"r":1,"bm":0,"nm":"Fill 1","mn":"ADBE Vector Graphic - Fill","hd":false},{"ty":"tr","p":{"a":0,"k":[17.25,30.25],"ix":2},"a":{"a":0,"k":[0,0],"ix":1},"s":{"a":0,"k":[100,100],"ix":3},"r":{"a":0,"k":0,"ix":6},"o":{"a":0,"k":100,"ix":7},"sk":{"a":0,"k":0,"ix":4},"sa":{"a":0,"k":0,"ix":5},"nm":"Transform"}],"nm":"Ellipse 5","np":4,"cix":2,"bm":0,"ix":1,"mn":"ADBE Vector Group","hd":false}],"ip":0,"op":60,"st":0,"bm":0},{"ddd":0,"ind":9,"ty":4,"nm":"Shape Layer 3","sr":1,"ks":{"o":{"a":0,"k":100,"ix":11},"r":{"a":0,"k":0,"ix":10},"p":{"s":true,"x":{"a":0,"k":119.75,"ix":3},"y":{"a":1,"k":[{"i":{"x":[0.521],"y":[1]},"o":{"x":[0.264],"y":[0.67]},"t":4,"s":[390.25]},{"t":112.0625,"s":[178.5]}],"ix":4}},"a":{"a":0,"k":[53.75,-2.25,0],"ix":1},"s":{"a":0,"k":[100,100,100],"ix":6}},"ao":0,"shapes":[{"ty":"gr","it":[{"d":1,"ty":"el","s":{"a":0,"k":[19.5,19.5],"ix":2},"p":{"a":0,"k":[0,0],"ix":3},"nm":"Ellipse Path 1","mn":"ADBE Vector Shape - Ellipse","hd":false},{"ty":"fl","c":{"a":0,"k":[0.690196078431,0.835294117647,0.960784313725,1],"ix":4},"o":{"a":0,"k":100,"ix":5},"r":1,"bm":0,"nm":"Fill 1","mn":"ADBE Vector Graphic - Fill","hd":false},{"ty":"tr","p":{"a":0,"k":[53.75,-2.25],"ix":2},"a":{"a":0,"k":[0,0],"ix":1},"s":{"a":0,"k":[100,100],"ix":3},"r":{"a":0,"k":0,"ix":6},"o":{"a":0,"k":100,"ix":7},"sk":{"a":0,"k":0,"ix":4},"sa":{"a":0,"k":0,"ix":5},"nm":"Transform"}],"nm":"Ellipse 4","np":4,"cix":2,"bm":0,"ix":1,"mn":"ADBE Vector Group","hd":false}],"ip":2,"op":62,"st":2,"bm":0},{"ddd":0,"ind":10,"ty":4,"nm":"Shape Layer 2","sr":1,"ks":{"o":{"a":0,"k":100,"ix":11},"r":{"a":0,"k":0,"ix":10},"p":{"s":true,"x":{"a":0,"k":44.625,"ix":3},"y":{"a":1,"k":[{"i":{"x":[0.612],"y":[0.664]},"o":{"x":[0.308],"y":[0.799]},"t":-3.125,"s":[387.375]},{"t":98,"s":[199.192]}],"ix":4}},"a":{"a":0,"k":[-21.375,1.625,0],"ix":1},"s":{"a":0,"k":[100,100,100],"ix":6}},"ao":0,"shapes":[{"ty":"gr","it":[{"ty":"gr","it":[{"d":1,"ty":"el","s":{"a":0,"k":[11.5,11.5],"ix":2},"p":{"a":0,"k":[0,0],"ix":3},"nm":"Ellipse Path 1","mn":"ADBE Vector Shape - Ellipse","hd":false},{"ty":"fl","c":{"a":0,"k":[0.690196078431,0.835294117647,0.960784313725,1],"ix":4},"o":{"a":0,"k":100,"ix":5},"r":1,"bm":0,"nm":"Fill 1","mn":"ADBE Vector Graphic - Fill","hd":false},{"ty":"tr","p":{"a":0,"k":[-16,8.5],"ix":2},"a":{"a":0,"k":[0,0],"ix":1},"s":{"a":0,"k":[100,100],"ix":3},"r":{"a":0,"k":0,"ix":6},"o":{"a":0,"k":100,"ix":7},"sk":{"a":0,"k":0,"ix":4},"sa":{"a":0,"k":0,"ix":5},"nm":"Transform"}],"nm":"Ellipse 3","np":4,"cix":2,"bm":0,"ix":1,"mn":"ADBE Vector Group","hd":false},{"ty":"gr","it":[{"d":1,"ty":"el","s":{"a":0,"k":[19.5,19.5],"ix":2},"p":{"a":0,"k":[0,0],"ix":3},"nm":"Ellipse Path 1","mn":"ADBE Vector Shape - Ellipse","hd":false},{"ty":"fl","c":{"a":0,"k":[0.690196078431,0.835294117647,0.960784313725,1],"ix":4},"o":{"a":0,"k":100,"ix":5},"r":1,"bm":0,"nm":"Fill 1","mn":"ADBE Vector Graphic - Fill","hd":false},{"ty":"tr","p":{"a":0,"k":[-22.75,-1.25],"ix":2},"a":{"a":0,"k":[0,0],"ix":1},"s":{"a":0,"k":[100,100],"ix":3},"r":{"a":0,"k":0,"ix":6},"o":{"a":0,"k":100,"ix":7},"sk":{"a":0,"k":0,"ix":4},"sa":{"a":0,"k":0,"ix":5},"nm":"Transform"}],"nm":"Ellipse 2","np":4,"cix":2,"bm":0,"ix":2,"mn":"ADBE Vector Group","hd":false},{"ty":"tr","p":{"a":0,"k":[-21.375,1.625],"ix":2},"a":{"a":0,"k":[-21.375,1.625],"ix":1},"s":{"a":0,"k":[100,100],"ix":3},"r":{"a":0,"k":0,"ix":6},"o":{"a":0,"k":100,"ix":7},"sk":{"a":0,"k":0,"ix":4},"sa":{"a":0,"k":0,"ix":5},"nm":"Transform"}],"nm":"Ellipse 3/4","np":2,"cix":2,"bm":0,"ix":1,"mn":"ADBE Vector Group","hd":false}],"ip":0,"op":66,"st":-8,"bm":0},{"ddd":0,"ind":11,"ty":4,"nm":"Shape Layer 1","sr":1,"ks":{"o":{"a":0,"k":100,"ix":11},"r":{"a":0,"k":0,"ix":10},"p":{"s":true,"x":{"a":0,"k":74.25,"ix":3},"y":{"a":1,"k":[{"i":{"x":[0.627],"y":[0.807]},"o":{"x":[0.315],"y":[0.431]},"t":2,"s":[393.25]},{"i":{"x":[0.586],"y":[1]},"o":{"x":[0.27],"y":[0.961]},"t":50,"s":[199.956]},{"t":119.25,"s":[159.5]}],"ix":4}},"a":{"a":0,"k":[8.25,-21.25,0],"ix":1},"s":{"a":0,"k":[100,100,100],"ix":6}},"ao":0,"shapes":[{"ty":"gr","it":[{"d":1,"ty":"el","s":{"a":0,"k":[13.5,13.5],"ix":2},"p":{"a":0,"k":[0,0],"ix":3},"nm":"Ellipse Path 1","mn":"ADBE Vector Shape - Ellipse","hd":false},{"ty":"fl","c":{"a":0,"k":[0.690196078431,0.835294117647,0.960784313725,1],"ix":4},"o":{"a":0,"k":100,"ix":5},"r":1,"bm":0,"nm":"Fill 1","mn":"ADBE Vector Graphic - Fill","hd":false},{"ty":"tr","p":{"a":0,"k":[8.25,-21.25],"ix":2},"a":{"a":0,"k":[0,0],"ix":1},"s":{"a":0,"k":[100,100],"ix":3},"r":{"a":0,"k":0,"ix":6},"o":{"a":0,"k":100,"ix":7},"sk":{"a":0,"k":0,"ix":4},"sa":{"a":0,"k":0,"ix":5},"nm":"Transform"}],"nm":"Ellipse 1","np":4,"cix":2,"bm":0,"ix":1,"mn":"ADBE Vector Group","hd":false}],"ip":0,"op":70,"st":0,"bm":0}]},{"id":"comp_4","layers":[{"ddd":0,"ind":1,"ty":0,"nm":"Bubbles","refId":"comp_3","sr":1,"ks":{"o":{"a":0,"k":100,"ix":11},"r":{"a":0,"k":180,"ix":10},"p":{"a":0,"k":[90,410,0],"ix":2},"a":{"a":0,"k":[75,400,0],"ix":1},"s":{"a":0,"k":[100,100,100],"ix":6}},"ao":0,"w":150,"h":400,"ip":10,"op":132,"st":10,"bm":0},{"ddd":0,"ind":2,"ty":0,"nm":"Bubbles","refId":"comp_3","sr":1,"ks":{"o":{"a":0,"k":100,"ix":11},"r":{"a":0,"k":167,"ix":10},"p":{"a":0,"k":[90,410,0],"ix":2},"a":{"a":0,"k":[75,400,0],"ix":1},"s":{"a":0,"k":[82,82,100],"ix":6}},"ao":0,"w":150,"h":400,"ip":1,"op":125,"st":1,"bm":0},{"ddd":0,"ind":3,"ty":0,"nm":"Bubbles","refId":"comp_3","sr":1,"ks":{"o":{"a":0,"k":100,"ix":11},"r":{"a":0,"k":111,"ix":10},"p":{"a":0,"k":[71.085,405.239,0],"ix":2},"a":{"a":0,"k":[75,400,0],"ix":1},"s":{"a":0,"k":[-78,78,100],"ix":6}},"ao":0,"w":150,"h":400,"ip":4,"op":128,"st":4,"bm":0},{"ddd":0,"ind":4,"ty":0,"nm":"Bubbles","refId":"comp_3","sr":1,"ks":{"o":{"a":0,"k":100,"ix":11},"r":{"a":0,"k":117,"ix":10},"p":{"a":0,"k":[90,410,0],"ix":2},"a":{"a":0,"k":[75,400,0],"ix":1},"s":{"a":0,"k":[-86,86,100],"ix":6}},"ao":0,"w":150,"h":400,"ip":0,"op":108,"st":-18,"bm":0},{"ddd":0,"ind":5,"ty":0,"nm":"Bubbles","refId":"comp_3","sr":1,"ks":{"o":{"a":0,"k":100,"ix":11},"r":{"a":0,"k":45,"ix":10},"p":{"a":0,"k":[90,410,0],"ix":2},"a":{"a":0,"k":[75,400,0],"ix":1},"s":{"a":0,"k":[100,100,100],"ix":6}},"ao":0,"w":150,"h":400,"ip":8,"op":116,"st":-10,"bm":0},{"ddd":0,"ind":6,"ty":0,"nm":"Bubbles","refId":"comp_3","sr":1,"ks":{"o":{"a":0,"k":100,"ix":11},"r":{"a":0,"k":90,"ix":10},"p":{"a":0,"k":[90,410,0],"ix":2},"a":{"a":0,"k":[75,400,0],"ix":1},"s":{"a":0,"k":[76,76,100],"ix":6}},"ao":0,"w":150,"h":400,"ip":4,"op":112,"st":-14,"bm":0},{"ddd":0,"ind":7,"ty":0,"nm":"Bubbles","refId":"comp_3","sr":1,"ks":{"o":{"a":0,"k":100,"ix":11},"r":{"a":0,"k":45,"ix":10},"p":{"a":0,"k":[90,410,0],"ix":2},"a":{"a":0,"k":[75,400,0],"ix":1},"s":{"a":0,"k":[-100,100,100],"ix":6}},"ao":0,"w":150,"h":400,"ip":0,"op":126,"st":0,"bm":0},{"ddd":0,"ind":8,"ty":0,"nm":"Bubbles","refId":"comp_3","sr":1,"ks":{"o":{"a":0,"k":100,"ix":11},"r":{"a":0,"k":14,"ix":10},"p":{"a":0,"k":[90,410,0],"ix":2},"a":{"a":0,"k":[75,400,0],"ix":1},"s":{"a":0,"k":[-107,107,100],"ix":6}},"ao":0,"w":150,"h":400,"ip":2,"op":108,"st":-18,"bm":0},{"ddd":0,"ind":9,"ty":0,"nm":"Bubbles","refId":"comp_3","sr":1,"ks":{"o":{"a":0,"k":100,"ix":11},"r":{"a":0,"k":0,"ix":10},"p":{"a":0,"k":[90,410,0],"ix":2},"a":{"a":0,"k":[75,400,0],"ix":1},"s":{"a":0,"k":[-100,100,100],"ix":6}},"ao":0,"w":150,"h":400,"ip":0,"op":106,"st":-20,"bm":0}]}],"layers":[{"ddd":0,"ind":1,"ty":3,"nm":"Null 2","sr":1,"ks":{"o":{"a":0,"k":0,"ix":11},"r":{"a":0,"k":75,"ix":10},"p":{"a":0,"k":[256,256,0],"ix":2},"a":{"a":0,"k":[50,50,0],"ix":1},"s":{"a":1,"k":[{"i":{"x":[0.667,0.667,0.667],"y":[1,1,1]},"o":{"x":[0.167,0.167,0.167],"y":[0.167,0.167,-1.637]},"t":56,"s":[76,76,100]},{"t":158,"s":[35,35,100]}],"ix":6}},"ao":0,"ip":0,"op":166,"st":0,"bm":0},{"ddd":0,"ind":3,"ty":0,"nm":"Bubbla","parent":1,"refId":"comp_0","sr":1,"ks":{"o":{"a":0,"k":100,"ix":11},"r":{"a":0,"k":80,"ix":10},"p":{"a":0,"k":[50,50,0],"ix":2},"a":{"a":0,"k":[350,350,0],"ix":1},"s":{"a":1,"k":[{"i":{"x":[0,0,0.667],"y":[1,1,1]},"o":{"x":[0.412,0.412,0.167],"y":[0.324,0.324,0]},"t":14,"s":[0,0,100]},{"t":48,"s":[136,136,100]}],"ix":6}},"ao":0,"w":700,"h":700,"ip":17,"op":150,"st":17,"bm":0}],"markers":[]}