{"nm":"Fochi","ddd":0,"h":500,"w":500,"meta":{"g":"LottieFiles Figma v42"},"layers":[{"ty":4,"nm":"L-down-eyelid","sr":1,"st":0,"op":47,"ip":0,"hd":false,"ddd":0,"bm":0,"hasMask":false,"ao":0,"ks":{"a":{"a":1,"k":[{"o":{"x":0,"y":0},"i":{"x":0.58,"y":1},"s":[22.81,13],"t":0},{"o":{"x":0,"y":0},"i":{"x":0.58,"y":1},"s":[22.81,13],"t":6},{"o":{"x":0,"y":0},"i":{"x":0.58,"y":1},"s":[22.81,13],"t":14},{"o":{"x":0,"y":0},"i":{"x":0.58,"y":1},"s":[22.81,13],"t":23},{"o":{"x":0,"y":0},"i":{"x":0.58,"y":1},"s":[22.81,13],"t":25},{"o":{"x":0,"y":0},"i":{"x":0.58,"y":1},"s":[22.81,13],"t":34},{"o":{"x":0,"y":0},"i":{"x":0.58,"y":1},"s":[22.81,13],"t":37},{"s":[22.81,13],"t":46}]},"s":{"a":1,"k":[{"o":{"x":0,"y":0},"i":{"x":0.58,"y":1},"s":[100,-100],"t":0},{"o":{"x":0,"y":0},"i":{"x":0.58,"y":1},"s":[100,-100],"t":6},{"o":{"x":0,"y":0},"i":{"x":0.58,"y":1},"s":[100,-100],"t":14},{"o":{"x":0,"y":0},"i":{"x":0.58,"y":1},"s":[100,-100],"t":23},{"o":{"x":0,"y":0},"i":{"x":0.58,"y":1},"s":[100,-100],"t":25},{"o":{"x":0,"y":0},"i":{"x":0.58,"y":1},"s":[100,-100],"t":34},{"o":{"x":0,"y":0},"i":{"x":0.58,"y":1},"s":[100,-100],"t":37},{"s":[100,-100],"t":46}]},"sk":{"a":0,"k":0},"p":{"a":1,"k":[{"o":{"x":0,"y":0},"i":{"x":0.58,"y":1},"s":[300.81,308],"t":0},{"o":{"x":0,"y":0},"i":{"x":0.58,"y":1},"s":[300.81,324],"t":6},{"o":{"x":0,"y":0},"i":{"x":0.58,"y":1},"s":[300.81,309],"t":14},{"o":{"x":0,"y":0},"i":{"x":0.58,"y":1},"s":[300.81,309],"t":23},{"o":{"x":0,"y":0},"i":{"x":0.58,"y":1},"s":[300.81,309],"t":25},{"o":{"x":0,"y":0},"i":{"x":0.58,"y":1},"s":[300.81,185],"t":34},{"o":{"x":0,"y":0},"i":{"x":0.58,"y":1},"s":[300.81,181],"t":37},{"s":[300.81,308],"t":46}]},"r":{"a":1,"k":[{"o":{"x":0,"y":0},"i":{"x":0.58,"y":1},"s":[0],"t":0},{"o":{"x":0,"y":0},"i":{"x":0.58,"y":1},"s":[0],"t":6},{"o":{"x":0,"y":0},"i":{"x":0.58,"y":1},"s":[0],"t":14},{"o":{"x":0,"y":0},"i":{"x":0.58,"y":1},"s":[0],"t":23},{"o":{"x":0,"y":0},"i":{"x":0.58,"y":1},"s":[0],"t":25},{"o":{"x":0,"y":0},"i":{"x":0.58,"y":1},"s":[0],"t":34},{"o":{"x":0,"y":0},"i":{"x":0.58,"y":1},"s":[0],"t":37},{"s":[0],"t":46}]},"sa":{"a":0,"k":0},"o":{"a":1,"k":[{"o":{"x":0,"y":0},"i":{"x":0.58,"y":1},"s":[100],"t":0},{"o":{"x":0,"y":0},"i":{"x":0.58,"y":1},"s":[100],"t":6},{"o":{"x":0,"y":0},"i":{"x":0.58,"y":1},"s":[100],"t":14},{"o":{"x":0,"y":0},"i":{"x":0.58,"y":1},"s":[100],"t":23},{"o":{"x":0,"y":0},"i":{"x":0.58,"y":1},"s":[100],"t":25},{"o":{"x":0,"y":0},"i":{"x":0.58,"y":1},"s":[100],"t":34},{"o":{"x":0,"y":0},"i":{"x":0.58,"y":1},"s":[100],"t":37},{"s":[100],"t":46}]}},"shapes":[{"ty":"sh","bm":0,"hd":false,"nm":"","d":1,"ks":{"a":1,"k":[{"o":{"x":0,"y":0},"i":{"x":0.58,"y":1},"s":[{"c":true,"i":[[0,0],[12.39,0],[6.5,2],[-12.39,0],[1.5,-19.07]],"o":[[-8.88,2.5],[-12.39,0],[0,-16.5],[12.39,0],[0,0]],"v":[[45.5,21],[22.44,26],[0,22],[22.44,0],[45.5,21]]}],"t":0},{"o":{"x":0,"y":0},"i":{"x":0.58,"y":1},"s":[{"c":true,"i":[[0,0],[12.39,0],[6.5,2],[-12.39,0],[1.5,-19.07]],"o":[[-8.88,2.5],[-12.39,0],[0,-16.5],[12.39,0],[0,0]],"v":[[45.5,21],[22.44,26],[0,22],[22.44,0],[45.5,21]]}],"t":6},{"o":{"x":0,"y":0},"i":{"x":0.58,"y":1},"s":[{"c":true,"i":[[0,0],[12.39,0],[6.5,2],[-12.39,0],[1.5,-19.07]],"o":[[-8.88,2.5],[-12.39,0],[0,-16.5],[12.39,0],[0,0]],"v":[[45.5,21],[22.44,26],[0,22],[22.44,0],[45.5,21]]}],"t":14},{"o":{"x":0,"y":0},"i":{"x":0.58,"y":1},"s":[{"c":true,"i":[[0,0],[12.39,0],[6.5,2],[-12.39,0],[1.5,-19.07]],"o":[[-8.88,2.5],[-12.39,0],[0,-16.5],[12.39,0],[0,0]],"v":[[45.5,21],[22.44,26],[0,22],[22.44,0],[45.5,21]]}],"t":23},{"o":{"x":0,"y":0},"i":{"x":0.58,"y":1},"s":[{"c":true,"i":[[0,0],[12.39,0],[6.5,2],[-12.39,0],[1.5,-19.07]],"o":[[-8.88,2.5],[-12.39,0],[0,-16.5],[12.39,0],[0,0]],"v":[[45.5,21],[22.44,26],[0,22],[22.44,0],[45.5,21]]}],"t":25},{"o":{"x":0,"y":0},"i":{"x":0.58,"y":1},"s":[{"c":true,"i":[[0,0],[12.39,0],[6.5,2],[-12.39,0],[1.5,-19.07]],"o":[[-8.88,2.5],[-12.39,0],[0,-16.5],[12.39,0],[0,0]],"v":[[45.5,21],[22.44,26],[0,22],[22.44,0],[45.5,21]]}],"t":34},{"o":{"x":0,"y":0},"i":{"x":0.58,"y":1},"s":[{"c":true,"i":[[0,0],[12.39,0],[6.5,2],[-12.39,0],[1.5,-19.07]],"o":[[-8.88,2.5],[-12.39,0],[0,-16.5],[12.39,0],[0,0]],"v":[[45.5,21],[22.44,26],[0,22],[22.44,0],[45.5,21]]}],"t":37},{"s":[{"c":true,"i":[[0,0],[12.39,0],[6.5,2],[-12.39,0],[1.5,-19.07]],"o":[[-8.88,2.5],[-12.39,0],[0,-16.5],[12.39,0],[0,0]],"v":[[45.5,21],[22.44,26],[0,22],[22.44,0],[45.5,21]]}],"t":46}]}},{"ty":"fl","bm":0,"hd":false,"nm":"","c":{"a":1,"k":[{"o":{"x":0,"y":0},"i":{"x":0.58,"y":1},"s":[0.8917,0.8917,0.8917],"t":0},{"o":{"x":0,"y":0},"i":{"x":0.58,"y":1},"s":[0.8875,0.8875,0.8875],"t":6},{"o":{"x":0,"y":0},"i":{"x":0.58,"y":1},"s":[0.9125,0.9125,0.9125],"t":14},{"o":{"x":0,"y":0},"i":{"x":0.58,"y":1},"s":[0.9125,0.9125,0.9125],"t":23},{"o":{"x":0,"y":0},"i":{"x":0.58,"y":1},"s":[0.9125,0.9125,0.9125],"t":25},{"o":{"x":0,"y":0},"i":{"x":0.58,"y":1},"s":[0.9125,0.9125,0.9125],"t":34},{"o":{"x":0,"y":0},"i":{"x":0.58,"y":1},"s":[0.9125,0.9125,0.9125],"t":37},{"s":[0.8917,0.8917,0.8917],"t":46}]},"r":1,"o":{"a":1,"k":[{"o":{"x":0,"y":0},"i":{"x":0.58,"y":1},"s":[100],"t":0},{"o":{"x":0,"y":0},"i":{"x":0.58,"y":1},"s":[100],"t":6},{"o":{"x":0,"y":0},"i":{"x":0.58,"y":1},"s":[100],"t":14},{"o":{"x":0,"y":0},"i":{"x":0.58,"y":1},"s":[100],"t":23},{"o":{"x":0,"y":0},"i":{"x":0.58,"y":1},"s":[100],"t":25},{"o":{"x":0,"y":0},"i":{"x":0.58,"y":1},"s":[100],"t":34},{"o":{"x":0,"y":0},"i":{"x":0.58,"y":1},"s":[100],"t":37},{"s":[100],"t":46}]}}],"ind":1},{"ty":4,"nm":"L-up-eyelid","sr":1,"st":0,"op":47,"ip":0,"hd":false,"ddd":0,"bm":0,"hasMask":false,"ao":0,"ks":{"a":{"a":1,"k":[{"o":{"x":0,"y":0},"i":{"x":0.58,"y":1},"s":[23.5,15],"t":0},{"o":{"x":0,"y":0},"i":{"x":0.58,"y":1},"s":[23.5,15.5],"t":6},{"o":{"x":0,"y":0},"i":{"x":0.58,"y":1},"s":[24.5,15],"t":14},{"o":{"x":0,"y":0},"i":{"x":0.58,"y":1},"s":[24.5,15],"t":23},{"o":{"x":0,"y":0},"i":{"x":0.58,"y":1},"s":[24.5,15],"t":25},{"o":{"x":0,"y":0},"i":{"x":0.58,"y":1},"s":[25.5,15],"t":34},{"o":{"x":0,"y":0},"i":{"x":0.58,"y":1},"s":[25.5,15],"t":37},{"s":[23.5,15],"t":46}]},"s":{"a":1,"k":[{"o":{"x":0,"y":0},"i":{"x":0.58,"y":1},"s":[100,100],"t":0},{"o":{"x":0,"y":0},"i":{"x":0.58,"y":1},"s":[100,100],"t":6},{"o":{"x":0,"y":0},"i":{"x":0.58,"y":1},"s":[100,100],"t":14},{"o":{"x":0,"y":0},"i":{"x":0.58,"y":1},"s":[100,100],"t":23},{"o":{"x":0,"y":0},"i":{"x":0.58,"y":1},"s":[100,100],"t":25},{"o":{"x":0,"y":0},"i":{"x":0.58,"y":1},"s":[100,100],"t":34},{"o":{"x":0,"y":0},"i":{"x":0.58,"y":1},"s":[100,100],"t":37},{"s":[100,100],"t":46}]},"sk":{"a":0,"k":0},"p":{"a":1,"k":[{"o":{"x":0,"y":0},"i":{"x":0.58,"y":1},"s":[301.5,282],"t":0},{"o":{"x":0,"y":0},"i":{"x":0.58,"y":1},"s":[301.5,260.5],"t":6},{"o":{"x":0,"y":0},"i":{"x":0.58,"y":1},"s":[300.5,284],"t":14},{"o":{"x":0,"y":0},"i":{"x":0.58,"y":1},"s":[300.5,284],"t":23},{"o":{"x":0,"y":0},"i":{"x":0.58,"y":1},"s":[301.5,284],"t":25},{"o":{"x":0,"y":0},"i":{"x":0.58,"y":1},"s":[300.5,159],"t":34},{"o":{"x":0,"y":0},"i":{"x":0.58,"y":1},"s":[300.5,156],"t":37},{"s":[301.5,282],"t":46}]},"r":{"a":1,"k":[{"o":{"x":0,"y":0},"i":{"x":0.58,"y":1},"s":[0],"t":0},{"o":{"x":0,"y":0},"i":{"x":0.58,"y":1},"s":[0],"t":6},{"o":{"x":0,"y":0},"i":{"x":0.58,"y":1},"s":[0],"t":14},{"o":{"x":0,"y":0},"i":{"x":0.58,"y":1},"s":[0],"t":23},{"o":{"x":0,"y":0},"i":{"x":0.58,"y":1},"s":[0],"t":25},{"o":{"x":0,"y":0},"i":{"x":0.58,"y":1},"s":[0],"t":34},{"o":{"x":0,"y":0},"i":{"x":0.58,"y":1},"s":[0],"t":37},{"s":[0],"t":46}]},"sa":{"a":0,"k":0},"o":{"a":1,"k":[{"o":{"x":0,"y":0},"i":{"x":0.58,"y":1},"s":[100],"t":0},{"o":{"x":0,"y":0},"i":{"x":0.58,"y":1},"s":[100],"t":6},{"o":{"x":0,"y":0},"i":{"x":0.58,"y":1},"s":[100],"t":14},{"o":{"x":0,"y":0},"i":{"x":0.58,"y":1},"s":[100],"t":23},{"o":{"x":0,"y":0},"i":{"x":0.58,"y":1},"s":[100],"t":25},{"o":{"x":0,"y":0},"i":{"x":0.58,"y":1},"s":[100],"t":34},{"o":{"x":0,"y":0},"i":{"x":0.58,"y":1},"s":[100],"t":37},{"s":[100],"t":46}]}},"shapes":[{"ty":"sh","bm":0,"hd":false,"nm":"","d":1,"ks":{"a":1,"k":[{"o":{"x":0,"y":0},"i":{"x":0.58,"y":1},"s":[{"c":true,"i":[[0,0],[12.66,0],[6.62,-5],[-12.66,0],[1.53,-26]],"o":[[-7.64,-5],[-12.66,0],[0,-22.5],[12.66,0],[0,0]],"v":[[46.88,30],[23.95,24],[0,30],[22.93,0],[46.88,30]]}],"t":0},{"o":{"x":0,"y":0},"i":{"x":0.58,"y":1},"s":[{"c":true,"i":[[0,0],[12.66,0],[6.62,-5.17],[-12.66,0],[1.53,-26.87]],"o":[[-7.64,-5.17],[-12.66,0],[0,-23.25],[12.66,0],[0,0]],"v":[[46.88,31],[23.95,24.8],[0,31],[22.93,0],[46.88,31]]}],"t":6},{"o":{"x":0,"y":0},"i":{"x":0.58,"y":1},"s":[{"c":true,"i":[[0,0],[13.2,0],[6.91,-5],[-13.2,0],[1.59,-26]],"o":[[-7.97,-5],[-13.2,0],[0,-22.5],[13.2,0],[0,0]],"v":[[48.87,30],[24.97,24],[0,30],[23.9,0],[48.87,30]]}],"t":14},{"o":{"x":0,"y":0},"i":{"x":0.58,"y":1},"s":[{"c":true,"i":[[0,0],[13.2,0],[6.91,-5],[-13.2,0],[1.59,-26]],"o":[[-7.97,-5],[-13.2,0],[0,-22.5],[13.2,0],[0,0]],"v":[[48.87,30],[24.97,24],[0,30],[23.9,0],[48.87,30]]}],"t":23},{"o":{"x":0,"y":0},"i":{"x":0.58,"y":1},"s":[{"c":true,"i":[[0,0],[13.2,0],[6.91,-5],[-13.2,0],[1.59,-26]],"o":[[-7.97,-5],[-13.2,0],[0,-22.5],[13.2,0],[0,0]],"v":[[48.87,30],[24.97,24],[0,30],[23.9,0],[48.87,30]]}],"t":25},{"o":{"x":0,"y":0},"i":{"x":0.58,"y":1},"s":[{"c":true,"i":[[0,0],[13.74,0],[7.19,-5],[-13.74,0],[1.66,-26]],"o":[[-8.29,-5],[-13.74,0],[0,-22.5],[13.74,0],[0,0]],"v":[[50.86,30],[25.99,24],[0,30],[24.88,0],[50.86,30]]}],"t":34},{"o":{"x":0,"y":0},"i":{"x":0.58,"y":1},"s":[{"c":true,"i":[[0,0],[13.74,0],[7.19,-5],[-13.74,0],[1.66,-26]],"o":[[-8.29,-5],[-13.74,0],[0,-22.5],[13.74,0],[0,0]],"v":[[50.86,30],[25.99,24],[0,30],[24.88,0],[50.86,30]]}],"t":37},{"s":[{"c":true,"i":[[0,0],[12.66,0],[6.62,-5],[-12.66,0],[1.53,-26]],"o":[[-7.64,-5],[-12.66,0],[0,-22.5],[12.66,0],[0,0]],"v":[[46.88,30],[23.95,24],[0,30],[22.93,0],[46.88,30]]}],"t":46}]}},{"ty":"fl","bm":0,"hd":false,"nm":"","c":{"a":1,"k":[{"o":{"x":0,"y":0},"i":{"x":0.58,"y":1},"s":[0.925,0.925,0.925],"t":0},{"o":{"x":0,"y":0},"i":{"x":0.58,"y":1},"s":[0.925,0.925,0.925],"t":6},{"o":{"x":0,"y":0},"i":{"x":0.58,"y":1},"s":[0.925,0.925,0.925],"t":14},{"o":{"x":0,"y":0},"i":{"x":0.58,"y":1},"s":[0.925,0.925,0.925],"t":23},{"o":{"x":0,"y":0},"i":{"x":0.58,"y":1},"s":[0.925,0.925,0.925],"t":25},{"o":{"x":0,"y":0},"i":{"x":0.58,"y":1},"s":[0.925,0.925,0.925],"t":34},{"o":{"x":0,"y":0},"i":{"x":0.58,"y":1},"s":[0.925,0.925,0.925],"t":37},{"s":[0.925,0.925,0.925],"t":46}]},"r":1,"o":{"a":1,"k":[{"o":{"x":0,"y":0},"i":{"x":0.58,"y":1},"s":[100],"t":0},{"o":{"x":0,"y":0},"i":{"x":0.58,"y":1},"s":[100],"t":6},{"o":{"x":0,"y":0},"i":{"x":0.58,"y":1},"s":[100],"t":14},{"o":{"x":0,"y":0},"i":{"x":0.58,"y":1},"s":[100],"t":23},{"o":{"x":0,"y":0},"i":{"x":0.58,"y":1},"s":[100],"t":25},{"o":{"x":0,"y":0},"i":{"x":0.58,"y":1},"s":[100],"t":34},{"o":{"x":0,"y":0},"i":{"x":0.58,"y":1},"s":[100],"t":37},{"s":[100],"t":46}]}}],"ind":2},{"ty":4,"nm":"L-eye","sr":1,"st":0,"op":47,"ip":0,"hd":false,"ddd":0,"bm":0,"hasMask":false,"ao":0,"ks":{"a":{"a":1,"k":[{"o":{"x":0,"y":0},"i":{"x":0.58,"y":1},"s":[22.5,22.5],"t":0},{"o":{"x":0,"y":0},"i":{"x":0.58,"y":1},"s":[22.5,22.5],"t":6},{"o":{"x":0,"y":0},"i":{"x":0.58,"y":1},"s":[22.5,22.5],"t":14},{"o":{"x":0,"y":0},"i":{"x":0.58,"y":1},"s":[22.5,22.5],"t":23},{"o":{"x":0,"y":0},"i":{"x":0.58,"y":1},"s":[22.5,22.5],"t":25},{"o":{"x":0,"y":0},"i":{"x":0.58,"y":1},"s":[22.5,22.5],"t":34},{"o":{"x":0,"y":0},"i":{"x":0.58,"y":1},"s":[22.5,22.5],"t":37},{"s":[22.5,22.5],"t":46}]},"s":{"a":1,"k":[{"o":{"x":0,"y":0},"i":{"x":0.58,"y":1},"s":[100,100],"t":0},{"o":{"x":0,"y":0},"i":{"x":0.58,"y":1},"s":[100,100],"t":6},{"o":{"x":0,"y":0},"i":{"x":0.58,"y":1},"s":[100,100],"t":14},{"o":{"x":0,"y":0},"i":{"x":0.58,"y":1},"s":[100,100],"t":23},{"o":{"x":0,"y":0},"i":{"x":0.58,"y":1},"s":[100,100],"t":25},{"o":{"x":0,"y":0},"i":{"x":0.58,"y":1},"s":[100,100],"t":34},{"o":{"x":0,"y":0},"i":{"x":0.58,"y":1},"s":[100,100],"t":37},{"s":[100,100],"t":46}]},"sk":{"a":0,"k":0},"p":{"a":1,"k":[{"o":{"x":0,"y":0},"i":{"x":0.58,"y":1},"s":[301.5,292.5],"t":0},{"o":{"x":0,"y":0},"i":{"x":0.58,"y":1},"s":[301.5,292.5],"t":6},{"o":{"x":0,"y":0},"i":{"x":0.58,"y":1},"s":[301.5,292.5],"t":14},{"o":{"x":0,"y":0},"i":{"x":0.58,"y":1},"s":[301.5,292.5],"t":23},{"o":{"x":0,"y":0},"i":{"x":0.58,"y":1},"s":[301.5,292.5],"t":25},{"o":{"x":0,"y":0},"i":{"x":0.58,"y":1},"s":[301.5,167.5],"t":34},{"o":{"x":0,"y":0},"i":{"x":0.58,"y":1},"s":[301.5,167.5],"t":37},{"s":[301.5,292.5],"t":46}]},"r":{"a":1,"k":[{"o":{"x":0,"y":0},"i":{"x":0.58,"y":1},"s":[0],"t":0},{"o":{"x":0,"y":0},"i":{"x":0.58,"y":1},"s":[0],"t":6},{"o":{"x":0,"y":0},"i":{"x":0.58,"y":1},"s":[0],"t":14},{"o":{"x":0,"y":0},"i":{"x":0.58,"y":1},"s":[0],"t":23},{"o":{"x":0,"y":0},"i":{"x":0.58,"y":1},"s":[0],"t":25},{"o":{"x":0,"y":0},"i":{"x":0.58,"y":1},"s":[0],"t":34},{"o":{"x":0,"y":0},"i":{"x":0.58,"y":1},"s":[0],"t":37},{"s":[0],"t":46}]},"sa":{"a":0,"k":0},"o":{"a":1,"k":[{"o":{"x":0,"y":0},"i":{"x":0.58,"y":1},"s":[100],"t":0},{"o":{"x":0,"y":0},"i":{"x":0.58,"y":1},"s":[100],"t":6},{"o":{"x":0,"y":0},"i":{"x":0.58,"y":1},"s":[100],"t":14},{"o":{"x":0,"y":0},"i":{"x":0.58,"y":1},"s":[100],"t":23},{"o":{"x":0,"y":0},"i":{"x":0.58,"y":1},"s":[100],"t":25},{"o":{"x":0,"y":0},"i":{"x":0.58,"y":1},"s":[100],"t":34},{"o":{"x":0,"y":0},"i":{"x":0.58,"y":1},"s":[100],"t":37},{"s":[100],"t":46}]}},"shapes":[{"ty":"sh","bm":0,"hd":false,"nm":"","d":1,"ks":{"a":1,"k":[{"o":{"x":0,"y":0},"i":{"x":0.58,"y":1},"s":[{"c":true,"i":[[-12.42,0],[0,-12.42],[12.42,0],[0,12.42]],"o":[[12.42,0],[0,12.42],[-12.42,0],[0,-12.42]],"v":[[22.5,0],[45,22.5],[22.5,45],[0,22.5]]}],"t":0},{"o":{"x":0,"y":0},"i":{"x":0.58,"y":1},"s":[{"c":true,"i":[[-12.42,0],[0,-12.42],[12.42,0],[0,12.42]],"o":[[12.42,0],[0,12.42],[-12.42,0],[0,-12.42]],"v":[[22.5,0],[45,22.5],[22.5,45],[0,22.5]]}],"t":6},{"o":{"x":0,"y":0},"i":{"x":0.58,"y":1},"s":[{"c":true,"i":[[-12.42,0],[0,-12.42],[12.42,0],[0,12.42]],"o":[[12.42,0],[0,12.42],[-12.42,0],[0,-12.42]],"v":[[22.5,0],[45,22.5],[22.5,45],[0,22.5]]}],"t":14},{"o":{"x":0,"y":0},"i":{"x":0.58,"y":1},"s":[{"c":true,"i":[[-12.42,0],[0,-12.42],[12.42,0],[0,12.42]],"o":[[12.42,0],[0,12.42],[-12.42,0],[0,-12.42]],"v":[[22.5,0],[45,22.5],[22.5,45],[0,22.5]]}],"t":23},{"o":{"x":0,"y":0},"i":{"x":0.58,"y":1},"s":[{"c":true,"i":[[-12.42,0],[0,-12.42],[12.42,0],[0,12.42]],"o":[[12.42,0],[0,12.42],[-12.42,0],[0,-12.42]],"v":[[22.5,0],[45,22.5],[22.5,45],[0,22.5]]}],"t":25},{"o":{"x":0,"y":0},"i":{"x":0.58,"y":1},"s":[{"c":true,"i":[[-12.42,0],[0,-12.42],[12.42,0],[0,12.42]],"o":[[12.42,0],[0,12.42],[-12.42,0],[0,-12.42]],"v":[[22.5,0],[45,22.5],[22.5,45],[0,22.5]]}],"t":34},{"o":{"x":0,"y":0},"i":{"x":0.58,"y":1},"s":[{"c":true,"i":[[-12.42,0],[0,-12.42],[12.42,0],[0,12.42]],"o":[[12.42,0],[0,12.42],[-12.42,0],[0,-12.42]],"v":[[22.5,0],[45,22.5],[22.5,45],[0,22.5]]}],"t":37},{"s":[{"c":true,"i":[[-12.42,0],[0,-12.42],[12.42,0],[0,12.42]],"o":[[12.42,0],[0,12.42],[-12.42,0],[0,-12.42]],"v":[[22.5,0],[45,22.5],[22.5,45],[0,22.5]]}],"t":46}]}},{"ty":"fl","bm":0,"hd":false,"nm":"","c":{"a":1,"k":[{"o":{"x":0,"y":0},"i":{"x":0.58,"y":1},"s":[0,0,0],"t":0},{"o":{"x":0,"y":0},"i":{"x":0.58,"y":1},"s":[0,0,0],"t":6},{"o":{"x":0,"y":0},"i":{"x":0.58,"y":1},"s":[0,0,0],"t":14},{"o":{"x":0,"y":0},"i":{"x":0.58,"y":1},"s":[0,0,0],"t":23},{"o":{"x":0,"y":0},"i":{"x":0.58,"y":1},"s":[0,0,0],"t":25},{"o":{"x":0,"y":0},"i":{"x":0.58,"y":1},"s":[0,0,0],"t":34},{"o":{"x":0,"y":0},"i":{"x":0.58,"y":1},"s":[0,0,0],"t":37},{"s":[0,0,0],"t":46}]},"r":1,"o":{"a":1,"k":[{"o":{"x":0,"y":0},"i":{"x":0.58,"y":1},"s":[100],"t":0},{"o":{"x":0,"y":0},"i":{"x":0.58,"y":1},"s":[100],"t":6},{"o":{"x":0,"y":0},"i":{"x":0.58,"y":1},"s":[100],"t":14},{"o":{"x":0,"y":0},"i":{"x":0.58,"y":1},"s":[100],"t":23},{"o":{"x":0,"y":0},"i":{"x":0.58,"y":1},"s":[100],"t":25},{"o":{"x":0,"y":0},"i":{"x":0.58,"y":1},"s":[100],"t":34},{"o":{"x":0,"y":0},"i":{"x":0.58,"y":1},"s":[100],"t":37},{"s":[100],"t":46}]}}],"ind":3},{"ty":4,"nm":"r-down-eyelid","sr":1,"st":0,"op":47,"ip":0,"hd":false,"ddd":0,"bm":0,"hasMask":false,"ao":0,"ks":{"a":{"a":1,"k":[{"o":{"x":0,"y":0},"i":{"x":0.58,"y":1},"s":[22.81,13],"t":0},{"o":{"x":0,"y":0},"i":{"x":0.58,"y":1},"s":[22.81,13],"t":6},{"o":{"x":0,"y":0},"i":{"x":0.58,"y":1},"s":[22.81,13],"t":14},{"o":{"x":0,"y":0},"i":{"x":0.58,"y":1},"s":[22.81,13],"t":23},{"o":{"x":0,"y":0},"i":{"x":0.58,"y":1},"s":[22.81,13],"t":25},{"o":{"x":0,"y":0},"i":{"x":0.58,"y":1},"s":[22.81,13],"t":34},{"o":{"x":0,"y":0},"i":{"x":0.58,"y":1},"s":[22.81,13],"t":37},{"s":[22.81,13],"t":46}]},"s":{"a":1,"k":[{"o":{"x":0,"y":0},"i":{"x":0.58,"y":1},"s":[100,-100],"t":0},{"o":{"x":0,"y":0},"i":{"x":0.58,"y":1},"s":[100,-100],"t":6},{"o":{"x":0,"y":0},"i":{"x":0.58,"y":1},"s":[100,-100],"t":14},{"o":{"x":0,"y":0},"i":{"x":0.58,"y":1},"s":[100,-100],"t":23},{"o":{"x":0,"y":0},"i":{"x":0.58,"y":1},"s":[100,-100],"t":25},{"o":{"x":0,"y":0},"i":{"x":0.58,"y":1},"s":[100,-100],"t":34},{"o":{"x":0,"y":0},"i":{"x":0.58,"y":1},"s":[100,-100],"t":37},{"s":[100,-100],"t":46}]},"sk":{"a":0,"k":0},"p":{"a":1,"k":[{"o":{"x":0,"y":0},"i":{"x":0.58,"y":1},"s":[193.81,308],"t":0},{"o":{"x":0,"y":0},"i":{"x":0.58,"y":1},"s":[193.81,324],"t":6},{"o":{"x":0,"y":0},"i":{"x":0.58,"y":1},"s":[193.81,309],"t":14},{"o":{"x":0,"y":0},"i":{"x":0.58,"y":1},"s":[193.81,309],"t":23},{"o":{"x":0,"y":0},"i":{"x":0.58,"y":1},"s":[193.81,309],"t":25},{"o":{"x":0,"y":0},"i":{"x":0.58,"y":1},"s":[193.81,185],"t":34},{"o":{"x":0,"y":0},"i":{"x":0.58,"y":1},"s":[193.81,181],"t":37},{"s":[193.81,308],"t":46}]},"r":{"a":1,"k":[{"o":{"x":0,"y":0},"i":{"x":0.58,"y":1},"s":[0],"t":0},{"o":{"x":0,"y":0},"i":{"x":0.58,"y":1},"s":[0],"t":6},{"o":{"x":0,"y":0},"i":{"x":0.58,"y":1},"s":[0],"t":14},{"o":{"x":0,"y":0},"i":{"x":0.58,"y":1},"s":[0],"t":23},{"o":{"x":0,"y":0},"i":{"x":0.58,"y":1},"s":[0],"t":25},{"o":{"x":0,"y":0},"i":{"x":0.58,"y":1},"s":[0],"t":34},{"o":{"x":0,"y":0},"i":{"x":0.58,"y":1},"s":[0],"t":37},{"s":[0],"t":46}]},"sa":{"a":0,"k":0},"o":{"a":1,"k":[{"o":{"x":0,"y":0},"i":{"x":0.58,"y":1},"s":[100],"t":0},{"o":{"x":0,"y":0},"i":{"x":0.58,"y":1},"s":[100],"t":6},{"o":{"x":0,"y":0},"i":{"x":0.58,"y":1},"s":[100],"t":14},{"o":{"x":0,"y":0},"i":{"x":0.58,"y":1},"s":[100],"t":23},{"o":{"x":0,"y":0},"i":{"x":0.58,"y":1},"s":[100],"t":25},{"o":{"x":0,"y":0},"i":{"x":0.58,"y":1},"s":[100],"t":34},{"o":{"x":0,"y":0},"i":{"x":0.58,"y":1},"s":[100],"t":37},{"s":[100],"t":46}]}},"shapes":[{"ty":"sh","bm":0,"hd":false,"nm":"","d":1,"ks":{"a":1,"k":[{"o":{"x":0,"y":0},"i":{"x":0.58,"y":1},"s":[{"c":true,"i":[[0,0],[12.39,0],[6.5,2],[-12.39,0],[1.5,-19.07]],"o":[[-8.88,2.5],[-12.39,0],[0,-16.5],[12.39,0],[0,0]],"v":[[45.5,21],[22.44,26],[0,22],[22.44,0],[45.5,21]]}],"t":0},{"o":{"x":0,"y":0},"i":{"x":0.58,"y":1},"s":[{"c":true,"i":[[0,0],[12.39,0],[6.5,2],[-12.39,0],[1.5,-19.07]],"o":[[-8.88,2.5],[-12.39,0],[0,-16.5],[12.39,0],[0,0]],"v":[[45.5,21],[22.44,26],[0,22],[22.44,0],[45.5,21]]}],"t":6},{"o":{"x":0,"y":0},"i":{"x":0.58,"y":1},"s":[{"c":true,"i":[[0,0],[12.39,0],[6.5,2],[-12.39,0],[1.5,-19.07]],"o":[[-8.88,2.5],[-12.39,0],[0,-16.5],[12.39,0],[0,0]],"v":[[45.5,21],[22.44,26],[0,22],[22.44,0],[45.5,21]]}],"t":14},{"o":{"x":0,"y":0},"i":{"x":0.58,"y":1},"s":[{"c":true,"i":[[0,0],[12.39,0],[6.5,2],[-12.39,0],[1.5,-19.07]],"o":[[-8.88,2.5],[-12.39,0],[0,-16.5],[12.39,0],[0,0]],"v":[[45.5,21],[22.44,26],[0,22],[22.44,0],[45.5,21]]}],"t":23},{"o":{"x":0,"y":0},"i":{"x":0.58,"y":1},"s":[{"c":true,"i":[[0,0],[12.39,0],[6.5,2],[-12.39,0],[1.5,-19.07]],"o":[[-8.88,2.5],[-12.39,0],[0,-16.5],[12.39,0],[0,0]],"v":[[45.5,21],[22.44,26],[0,22],[22.44,0],[45.5,21]]}],"t":25},{"o":{"x":0,"y":0},"i":{"x":0.58,"y":1},"s":[{"c":true,"i":[[0,0],[12.39,0],[6.5,2],[-12.39,0],[1.5,-19.07]],"o":[[-8.88,2.5],[-12.39,0],[0,-16.5],[12.39,0],[0,0]],"v":[[45.5,21],[22.44,26],[0,22],[22.44,0],[45.5,21]]}],"t":34},{"o":{"x":0,"y":0},"i":{"x":0.58,"y":1},"s":[{"c":true,"i":[[0,0],[12.39,0],[6.5,2],[-12.39,0],[1.5,-19.07]],"o":[[-8.88,2.5],[-12.39,0],[0,-16.5],[12.39,0],[0,0]],"v":[[45.5,21],[22.44,26],[0,22],[22.44,0],[45.5,21]]}],"t":37},{"s":[{"c":true,"i":[[0,0],[12.39,0],[6.5,2],[-12.39,0],[1.5,-19.07]],"o":[[-8.88,2.5],[-12.39,0],[0,-16.5],[12.39,0],[0,0]],"v":[[45.5,21],[22.44,26],[0,22],[22.44,0],[45.5,21]]}],"t":46}]}},{"ty":"fl","bm":0,"hd":false,"nm":"","c":{"a":1,"k":[{"o":{"x":0,"y":0},"i":{"x":0.58,"y":1},"s":[0.8917,0.8917,0.8917],"t":0},{"o":{"x":0,"y":0},"i":{"x":0.58,"y":1},"s":[0.8875,0.8875,0.8875],"t":6},{"o":{"x":0,"y":0},"i":{"x":0.58,"y":1},"s":[0.9125,0.9125,0.9125],"t":14},{"o":{"x":0,"y":0},"i":{"x":0.58,"y":1},"s":[0.9125,0.9125,0.9125],"t":23},{"o":{"x":0,"y":0},"i":{"x":0.58,"y":1},"s":[0.9125,0.9125,0.9125],"t":25},{"o":{"x":0,"y":0},"i":{"x":0.58,"y":1},"s":[0.9125,0.9125,0.9125],"t":34},{"o":{"x":0,"y":0},"i":{"x":0.58,"y":1},"s":[0.9125,0.9125,0.9125],"t":37},{"s":[0.8917,0.8917,0.8917],"t":46}]},"r":1,"o":{"a":1,"k":[{"o":{"x":0,"y":0},"i":{"x":0.58,"y":1},"s":[100],"t":0},{"o":{"x":0,"y":0},"i":{"x":0.58,"y":1},"s":[100],"t":6},{"o":{"x":0,"y":0},"i":{"x":0.58,"y":1},"s":[100],"t":14},{"o":{"x":0,"y":0},"i":{"x":0.58,"y":1},"s":[100],"t":23},{"o":{"x":0,"y":0},"i":{"x":0.58,"y":1},"s":[100],"t":25},{"o":{"x":0,"y":0},"i":{"x":0.58,"y":1},"s":[100],"t":34},{"o":{"x":0,"y":0},"i":{"x":0.58,"y":1},"s":[100],"t":37},{"s":[100],"t":46}]}}],"ind":4},{"ty":4,"nm":"r-up-eyelid","sr":1,"st":0,"op":47,"ip":0,"hd":false,"ddd":0,"bm":0,"hasMask":false,"ao":0,"ks":{"a":{"a":1,"k":[{"o":{"x":0,"y":0},"i":{"x":0.58,"y":1},"s":[23.06,15],"t":0},{"o":{"x":0,"y":0},"i":{"x":0.58,"y":1},"s":[23.06,15],"t":6},{"o":{"x":0,"y":0},"i":{"x":0.58,"y":1},"s":[23.06,15],"t":14},{"o":{"x":0,"y":0},"i":{"x":0.58,"y":1},"s":[23.06,15],"t":23},{"o":{"x":0,"y":0},"i":{"x":0.58,"y":1},"s":[23.06,15],"t":25},{"o":{"x":0,"y":0},"i":{"x":0.58,"y":1},"s":[23.06,15],"t":34},{"o":{"x":0,"y":0},"i":{"x":0.58,"y":1},"s":[23.06,15],"t":37},{"s":[23.06,15],"t":46}]},"s":{"a":1,"k":[{"o":{"x":0,"y":0},"i":{"x":0.58,"y":1},"s":[100,100],"t":0},{"o":{"x":0,"y":0},"i":{"x":0.58,"y":1},"s":[100,100],"t":6},{"o":{"x":0,"y":0},"i":{"x":0.58,"y":1},"s":[100,100],"t":14},{"o":{"x":0,"y":0},"i":{"x":0.58,"y":1},"s":[100,100],"t":23},{"o":{"x":0,"y":0},"i":{"x":0.58,"y":1},"s":[100,100],"t":25},{"o":{"x":0,"y":0},"i":{"x":0.58,"y":1},"s":[100,100],"t":34},{"o":{"x":0,"y":0},"i":{"x":0.58,"y":1},"s":[100,100],"t":37},{"s":[100,100],"t":46}]},"sk":{"a":0,"k":0},"p":{"a":1,"k":[{"o":{"x":0,"y":0},"i":{"x":0.58,"y":1},"s":[194.06,282.5],"t":0},{"o":{"x":0,"y":0},"i":{"x":0.58,"y":1},"s":[194.06,260.5],"t":6},{"o":{"x":0,"y":0},"i":{"x":0.58,"y":1},"s":[194.06,283.5],"t":14},{"o":{"x":0,"y":0},"i":{"x":0.58,"y":1},"s":[194.06,283.5],"t":23},{"o":{"x":0,"y":0},"i":{"x":0.58,"y":1},"s":[194.06,283.5],"t":25},{"o":{"x":0,"y":0},"i":{"x":0.58,"y":1},"s":[194.06,159],"t":34},{"o":{"x":0,"y":0},"i":{"x":0.58,"y":1},"s":[194.06,156],"t":37},{"s":[194.06,282.5],"t":46}]},"r":{"a":1,"k":[{"o":{"x":0,"y":0},"i":{"x":0.58,"y":1},"s":[0],"t":0},{"o":{"x":0,"y":0},"i":{"x":0.58,"y":1},"s":[0],"t":6},{"o":{"x":0,"y":0},"i":{"x":0.58,"y":1},"s":[0],"t":14},{"o":{"x":0,"y":0},"i":{"x":0.58,"y":1},"s":[0],"t":23},{"o":{"x":0,"y":0},"i":{"x":0.58,"y":1},"s":[0],"t":25},{"o":{"x":0,"y":0},"i":{"x":0.58,"y":1},"s":[0],"t":34},{"o":{"x":0,"y":0},"i":{"x":0.58,"y":1},"s":[0],"t":37},{"s":[0],"t":46}]},"sa":{"a":0,"k":0},"o":{"a":1,"k":[{"o":{"x":0,"y":0},"i":{"x":0.58,"y":1},"s":[100],"t":0},{"o":{"x":0,"y":0},"i":{"x":0.58,"y":1},"s":[100],"t":6},{"o":{"x":0,"y":0},"i":{"x":0.58,"y":1},"s":[100],"t":14},{"o":{"x":0,"y":0},"i":{"x":0.58,"y":1},"s":[100],"t":23},{"o":{"x":0,"y":0},"i":{"x":0.58,"y":1},"s":[100],"t":25},{"o":{"x":0,"y":0},"i":{"x":0.58,"y":1},"s":[100],"t":34},{"o":{"x":0,"y":0},"i":{"x":0.58,"y":1},"s":[100],"t":37},{"s":[100],"t":46}]}},"shapes":[{"ty":"sh","bm":0,"hd":false,"nm":"","d":1,"ks":{"a":1,"k":[{"o":{"x":0,"y":0},"i":{"x":0.58,"y":1},"s":[{"c":true,"i":[[0,0],[12.43,0],[6.5,-5],[-12.43,0],[1.5,-26]],"o":[[-7.5,-5],[-12.43,0],[0,-22.5],[12.43,0],[0,0]],"v":[[46,30],[23.5,24],[0,30],[22.5,0],[46,30]]}],"t":0},{"o":{"x":0,"y":0},"i":{"x":0.58,"y":1},"s":[{"c":true,"i":[[0,0],[12.43,0],[6.5,-5],[-12.43,0],[1.5,-26]],"o":[[-7.5,-5],[-12.43,0],[0,-22.5],[12.43,0],[0,0]],"v":[[46,30],[23.5,24],[0,30],[22.5,0],[46,30]]}],"t":6},{"o":{"x":0,"y":0},"i":{"x":0.58,"y":1},"s":[{"c":true,"i":[[0,0],[12.43,0],[6.5,-5],[-12.43,0],[1.5,-26]],"o":[[-7.5,-5],[-12.43,0],[0,-22.5],[12.43,0],[0,0]],"v":[[46,30],[23.5,24],[0,30],[22.5,0],[46,30]]}],"t":14},{"o":{"x":0,"y":0},"i":{"x":0.58,"y":1},"s":[{"c":true,"i":[[0,0],[12.43,0],[6.5,-5],[-12.43,0],[1.5,-26]],"o":[[-7.5,-5],[-12.43,0],[0,-22.5],[12.43,0],[0,0]],"v":[[46,30],[23.5,24],[0,30],[22.5,0],[46,30]]}],"t":23},{"o":{"x":0,"y":0},"i":{"x":0.58,"y":1},"s":[{"c":true,"i":[[0,0],[12.43,0],[6.5,-5],[-12.43,0],[1.5,-26]],"o":[[-7.5,-5],[-12.43,0],[0,-22.5],[12.43,0],[0,0]],"v":[[46,30],[23.5,24],[0,30],[22.5,0],[46,30]]}],"t":25},{"o":{"x":0,"y":0},"i":{"x":0.58,"y":1},"s":[{"c":true,"i":[[0,0],[12.43,0],[6.5,-5],[-12.43,0],[1.5,-26]],"o":[[-7.5,-5],[-12.43,0],[0,-22.5],[12.43,0],[0,0]],"v":[[46,30],[23.5,24],[0,30],[22.5,0],[46,30]]}],"t":34},{"o":{"x":0,"y":0},"i":{"x":0.58,"y":1},"s":[{"c":true,"i":[[0,0],[12.43,0],[6.5,-5],[-12.43,0],[1.5,-26]],"o":[[-7.5,-5],[-12.43,0],[0,-22.5],[12.43,0],[0,0]],"v":[[46,30],[23.5,24],[0,30],[22.5,0],[46,30]]}],"t":37},{"s":[{"c":true,"i":[[0,0],[12.43,0],[6.5,-5],[-12.43,0],[1.5,-26]],"o":[[-7.5,-5],[-12.43,0],[0,-22.5],[12.43,0],[0,0]],"v":[[46,30],[23.5,24],[0,30],[22.5,0],[46,30]]}],"t":46}]}},{"ty":"fl","bm":0,"hd":false,"nm":"","c":{"a":1,"k":[{"o":{"x":0,"y":0},"i":{"x":0.58,"y":1},"s":[0.925,0.925,0.925],"t":0},{"o":{"x":0,"y":0},"i":{"x":0.58,"y":1},"s":[0.925,0.925,0.925],"t":6},{"o":{"x":0,"y":0},"i":{"x":0.58,"y":1},"s":[0.925,0.925,0.925],"t":14},{"o":{"x":0,"y":0},"i":{"x":0.58,"y":1},"s":[0.925,0.925,0.925],"t":23},{"o":{"x":0,"y":0},"i":{"x":0.58,"y":1},"s":[0.925,0.925,0.925],"t":25},{"o":{"x":0,"y":0},"i":{"x":0.58,"y":1},"s":[0.925,0.925,0.925],"t":34},{"o":{"x":0,"y":0},"i":{"x":0.58,"y":1},"s":[0.925,0.925,0.925],"t":37},{"s":[0.925,0.925,0.925],"t":46}]},"r":1,"o":{"a":1,"k":[{"o":{"x":0,"y":0},"i":{"x":0.58,"y":1},"s":[100],"t":0},{"o":{"x":0,"y":0},"i":{"x":0.58,"y":1},"s":[100],"t":6},{"o":{"x":0,"y":0},"i":{"x":0.58,"y":1},"s":[100],"t":14},{"o":{"x":0,"y":0},"i":{"x":0.58,"y":1},"s":[100],"t":23},{"o":{"x":0,"y":0},"i":{"x":0.58,"y":1},"s":[100],"t":25},{"o":{"x":0,"y":0},"i":{"x":0.58,"y":1},"s":[100],"t":34},{"o":{"x":0,"y":0},"i":{"x":0.58,"y":1},"s":[100],"t":37},{"s":[100],"t":46}]}}],"ind":5},{"ty":4,"nm":"r-eye","sr":1,"st":0,"op":47,"ip":0,"hd":false,"ddd":0,"bm":0,"hasMask":false,"ao":0,"ks":{"a":{"a":1,"k":[{"o":{"x":0,"y":0},"i":{"x":0.58,"y":1},"s":[22.5,22.5],"t":0},{"o":{"x":0,"y":0},"i":{"x":0.58,"y":1},"s":[22.5,22.5],"t":6},{"o":{"x":0,"y":0},"i":{"x":0.58,"y":1},"s":[22.5,22.5],"t":14},{"o":{"x":0,"y":0},"i":{"x":0.58,"y":1},"s":[22.5,22.5],"t":23},{"o":{"x":0,"y":0},"i":{"x":0.58,"y":1},"s":[22.5,22.5],"t":25},{"o":{"x":0,"y":0},"i":{"x":0.58,"y":1},"s":[22.5,22.5],"t":34},{"o":{"x":0,"y":0},"i":{"x":0.58,"y":1},"s":[22.5,22.5],"t":37},{"s":[22.5,22.5],"t":46}]},"s":{"a":1,"k":[{"o":{"x":0,"y":0},"i":{"x":0.58,"y":1},"s":[100,100],"t":0},{"o":{"x":0,"y":0},"i":{"x":0.58,"y":1},"s":[100,100],"t":6},{"o":{"x":0,"y":0},"i":{"x":0.58,"y":1},"s":[100,100],"t":14},{"o":{"x":0,"y":0},"i":{"x":0.58,"y":1},"s":[100,100],"t":23},{"o":{"x":0,"y":0},"i":{"x":0.58,"y":1},"s":[100,100],"t":25},{"o":{"x":0,"y":0},"i":{"x":0.58,"y":1},"s":[100,100],"t":34},{"o":{"x":0,"y":0},"i":{"x":0.58,"y":1},"s":[100,100],"t":37},{"s":[100,100],"t":46}]},"sk":{"a":0,"k":0},"p":{"a":1,"k":[{"o":{"x":0,"y":0},"i":{"x":0.58,"y":1},"s":[194.5,292.5],"t":0},{"o":{"x":0,"y":0},"i":{"x":0.58,"y":1},"s":[194.5,292.5],"t":6},{"o":{"x":0,"y":0},"i":{"x":0.58,"y":1},"s":[194.5,292.5],"t":14},{"o":{"x":0,"y":0},"i":{"x":0.58,"y":1},"s":[194.5,292.5],"t":23},{"o":{"x":0,"y":0},"i":{"x":0.58,"y":1},"s":[194.5,292.5],"t":25},{"o":{"x":0,"y":0},"i":{"x":0.58,"y":1},"s":[194.5,167.5],"t":34},{"o":{"x":0,"y":0},"i":{"x":0.58,"y":1},"s":[194.5,167.5],"t":37},{"s":[194.5,292.5],"t":46}]},"r":{"a":1,"k":[{"o":{"x":0,"y":0},"i":{"x":0.58,"y":1},"s":[0],"t":0},{"o":{"x":0,"y":0},"i":{"x":0.58,"y":1},"s":[0],"t":6},{"o":{"x":0,"y":0},"i":{"x":0.58,"y":1},"s":[0],"t":14},{"o":{"x":0,"y":0},"i":{"x":0.58,"y":1},"s":[0],"t":23},{"o":{"x":0,"y":0},"i":{"x":0.58,"y":1},"s":[0],"t":25},{"o":{"x":0,"y":0},"i":{"x":0.58,"y":1},"s":[0],"t":34},{"o":{"x":0,"y":0},"i":{"x":0.58,"y":1},"s":[0],"t":37},{"s":[0],"t":46}]},"sa":{"a":0,"k":0},"o":{"a":1,"k":[{"o":{"x":0,"y":0},"i":{"x":0.58,"y":1},"s":[100],"t":0},{"o":{"x":0,"y":0},"i":{"x":0.58,"y":1},"s":[100],"t":6},{"o":{"x":0,"y":0},"i":{"x":0.58,"y":1},"s":[100],"t":14},{"o":{"x":0,"y":0},"i":{"x":0.58,"y":1},"s":[100],"t":23},{"o":{"x":0,"y":0},"i":{"x":0.58,"y":1},"s":[100],"t":25},{"o":{"x":0,"y":0},"i":{"x":0.58,"y":1},"s":[100],"t":34},{"o":{"x":0,"y":0},"i":{"x":0.58,"y":1},"s":[100],"t":37},{"s":[100],"t":46}]}},"shapes":[{"ty":"sh","bm":0,"hd":false,"nm":"","d":1,"ks":{"a":1,"k":[{"o":{"x":0,"y":0},"i":{"x":0.58,"y":1},"s":[{"c":true,"i":[[-12.42,0],[0,-12.42],[12.42,0],[0,12.42]],"o":[[12.42,0],[0,12.42],[-12.42,0],[0,-12.42]],"v":[[22.5,0],[45,22.5],[22.5,45],[0,22.5]]}],"t":0},{"o":{"x":0,"y":0},"i":{"x":0.58,"y":1},"s":[{"c":true,"i":[[-12.42,0],[0,-12.42],[12.42,0],[0,12.42]],"o":[[12.42,0],[0,12.42],[-12.42,0],[0,-12.42]],"v":[[22.5,0],[45,22.5],[22.5,45],[0,22.5]]}],"t":6},{"o":{"x":0,"y":0},"i":{"x":0.58,"y":1},"s":[{"c":true,"i":[[-12.42,0],[0,-12.42],[12.42,0],[0,12.42]],"o":[[12.42,0],[0,12.42],[-12.42,0],[0,-12.42]],"v":[[22.5,0],[45,22.5],[22.5,45],[0,22.5]]}],"t":14},{"o":{"x":0,"y":0},"i":{"x":0.58,"y":1},"s":[{"c":true,"i":[[-12.42,0],[0,-12.42],[12.42,0],[0,12.42]],"o":[[12.42,0],[0,12.42],[-12.42,0],[0,-12.42]],"v":[[22.5,0],[45,22.5],[22.5,45],[0,22.5]]}],"t":23},{"o":{"x":0,"y":0},"i":{"x":0.58,"y":1},"s":[{"c":true,"i":[[-12.42,0],[0,-12.42],[12.42,0],[0,12.42]],"o":[[12.42,0],[0,12.42],[-12.42,0],[0,-12.42]],"v":[[22.5,0],[45,22.5],[22.5,45],[0,22.5]]}],"t":25},{"o":{"x":0,"y":0},"i":{"x":0.58,"y":1},"s":[{"c":true,"i":[[-12.42,0],[0,-12.42],[12.42,0],[0,12.42]],"o":[[12.42,0],[0,12.42],[-12.42,0],[0,-12.42]],"v":[[22.5,0],[45,22.5],[22.5,45],[0,22.5]]}],"t":34},{"o":{"x":0,"y":0},"i":{"x":0.58,"y":1},"s":[{"c":true,"i":[[-12.42,0],[0,-12.42],[12.42,0],[0,12.42]],"o":[[12.42,0],[0,12.42],[-12.42,0],[0,-12.42]],"v":[[22.5,0],[45,22.5],[22.5,45],[0,22.5]]}],"t":37},{"s":[{"c":true,"i":[[-12.42,0],[0,-12.42],[12.42,0],[0,12.42]],"o":[[12.42,0],[0,12.42],[-12.42,0],[0,-12.42]],"v":[[22.5,0],[45,22.5],[22.5,45],[0,22.5]]}],"t":46}]}},{"ty":"fl","bm":0,"hd":false,"nm":"","c":{"a":1,"k":[{"o":{"x":0,"y":0},"i":{"x":0.58,"y":1},"s":[0,0,0],"t":0},{"o":{"x":0,"y":0},"i":{"x":0.58,"y":1},"s":[0,0,0],"t":6},{"o":{"x":0,"y":0},"i":{"x":0.58,"y":1},"s":[0,0,0],"t":14},{"o":{"x":0,"y":0},"i":{"x":0.58,"y":1},"s":[0,0,0],"t":23},{"o":{"x":0,"y":0},"i":{"x":0.58,"y":1},"s":[0,0,0],"t":25},{"o":{"x":0,"y":0},"i":{"x":0.58,"y":1},"s":[0,0,0],"t":34},{"o":{"x":0,"y":0},"i":{"x":0.58,"y":1},"s":[0,0,0],"t":37},{"s":[0,0,0],"t":46}]},"r":1,"o":{"a":1,"k":[{"o":{"x":0,"y":0},"i":{"x":0.58,"y":1},"s":[100],"t":0},{"o":{"x":0,"y":0},"i":{"x":0.58,"y":1},"s":[100],"t":6},{"o":{"x":0,"y":0},"i":{"x":0.58,"y":1},"s":[100],"t":14},{"o":{"x":0,"y":0},"i":{"x":0.58,"y":1},"s":[100],"t":23},{"o":{"x":0,"y":0},"i":{"x":0.58,"y":1},"s":[100],"t":25},{"o":{"x":0,"y":0},"i":{"x":0.58,"y":1},"s":[100],"t":34},{"o":{"x":0,"y":0},"i":{"x":0.58,"y":1},"s":[100],"t":37},{"s":[100],"t":46}]}}],"ind":6},{"ty":4,"nm":"Mouth","sr":1,"st":0,"op":47,"ip":0,"hd":false,"ddd":0,"bm":0,"hasMask":false,"ao":0,"ks":{"a":{"a":1,"k":[{"o":{"x":0,"y":0},"i":{"x":0.58,"y":1},"s":[21.5,4.75],"t":0},{"o":{"x":0,"y":0},"i":{"x":0.58,"y":1},"s":[21.5,4.75],"t":6},{"o":{"x":0,"y":0},"i":{"x":0.58,"y":1},"s":[21.5,4.75],"t":14},{"o":{"x":0,"y":0},"i":{"x":0.58,"y":1},"s":[21.5,4.75],"t":23},{"o":{"x":0,"y":0},"i":{"x":0.58,"y":1},"s":[21.5,4.75],"t":25},{"o":{"x":0,"y":0},"i":{"x":0.58,"y":1},"s":[19,3.5],"t":34},{"o":{"x":0,"y":0},"i":{"x":0.58,"y":1},"s":[25.5,3.5],"t":37},{"s":[21.5,4.75],"t":46}]},"s":{"a":1,"k":[{"o":{"x":0,"y":0},"i":{"x":0.58,"y":1},"s":[100,100],"t":0},{"o":{"x":0,"y":0},"i":{"x":0.58,"y":1},"s":[100,100],"t":6},{"o":{"x":0,"y":0},"i":{"x":0.58,"y":1},"s":[100,100],"t":14},{"o":{"x":0,"y":0},"i":{"x":0.58,"y":1},"s":[100,100],"t":23},{"o":{"x":0,"y":0},"i":{"x":0.58,"y":1},"s":[100,100],"t":25},{"o":{"x":0,"y":0},"i":{"x":0.58,"y":1},"s":[100,100],"t":34},{"o":{"x":0,"y":0},"i":{"x":0.58,"y":1},"s":[100,100],"t":37},{"s":[100,100],"t":46}]},"sk":{"a":0,"k":0},"p":{"a":1,"k":[{"o":{"x":0,"y":0},"i":{"x":0.58,"y":1},"s":[246.5,321.75],"t":0},{"o":{"x":0,"y":0},"i":{"x":0.58,"y":1},"s":[246.5,321.75],"t":6},{"o":{"x":0,"y":0},"i":{"x":0.58,"y":1},"s":[246.5,321.75],"t":14},{"o":{"x":0,"y":0},"i":{"x":0.58,"y":1},"s":[246.5,321.75],"t":23},{"o":{"x":0,"y":0},"i":{"x":0.58,"y":1},"s":[246.5,321.75],"t":25},{"o":{"x":0,"y":0},"i":{"x":0.58,"y":1},"s":[247,193.5],"t":34},{"o":{"x":0,"y":0},"i":{"x":0.58,"y":1},"s":[249.5,193.5],"t":37},{"s":[246.5,321.75],"t":46}]},"r":{"a":1,"k":[{"o":{"x":0,"y":0},"i":{"x":0.58,"y":1},"s":[0],"t":0},{"o":{"x":0,"y":0},"i":{"x":0.58,"y":1},"s":[0],"t":6},{"o":{"x":0,"y":0},"i":{"x":0.58,"y":1},"s":[0],"t":14},{"o":{"x":0,"y":0},"i":{"x":0.58,"y":1},"s":[0],"t":23},{"o":{"x":0,"y":0},"i":{"x":0.58,"y":1},"s":[0],"t":25},{"o":{"x":0,"y":0},"i":{"x":0.58,"y":1},"s":[0],"t":34},{"o":{"x":0,"y":0},"i":{"x":0.58,"y":1},"s":[0],"t":37},{"s":[0],"t":46}]},"sa":{"a":0,"k":0},"o":{"a":1,"k":[{"o":{"x":0,"y":0},"i":{"x":0.58,"y":1},"s":[100],"t":0},{"o":{"x":0,"y":0},"i":{"x":0.58,"y":1},"s":[100],"t":6},{"o":{"x":0,"y":0},"i":{"x":0.58,"y":1},"s":[100],"t":14},{"o":{"x":0,"y":0},"i":{"x":0.58,"y":1},"s":[100],"t":23},{"o":{"x":0,"y":0},"i":{"x":0.58,"y":1},"s":[100],"t":25},{"o":{"x":0,"y":0},"i":{"x":0.58,"y":1},"s":[100],"t":34},{"o":{"x":0,"y":0},"i":{"x":0.58,"y":1},"s":[100],"t":37},{"s":[100],"t":46}]}},"shapes":[{"ty":"sh","bm":0,"hd":false,"nm":"","d":1,"ks":{"a":1,"k":[{"o":{"x":0,"y":0},"i":{"x":0.58,"y":1},"s":[{"c":false,"i":[[0,0],[-15.5,0],[0,0]],"o":[[0,0],[15.5,0],[0,0]],"v":[[0,0],[21.5,9.5],[43,0]]}],"t":0},{"o":{"x":0,"y":0},"i":{"x":0.58,"y":1},"s":[{"c":false,"i":[[0,0],[-15.5,0],[0,0]],"o":[[0,0],[15.5,0],[0,0]],"v":[[0,0],[21.5,9.5],[43,0]]}],"t":6},{"o":{"x":0,"y":0},"i":{"x":0.58,"y":1},"s":[{"c":false,"i":[[0,0],[-15.5,0],[0,0]],"o":[[0,0],[15.5,0],[0,0]],"v":[[0,0],[21.5,9.5],[43,0]]}],"t":14},{"o":{"x":0,"y":0},"i":{"x":0.58,"y":1},"s":[{"c":false,"i":[[0,0],[-15.5,0],[0,0]],"o":[[0,0],[15.5,0],[0,0]],"v":[[0,0],[21.5,9.5],[43,0]]}],"t":23},{"o":{"x":0,"y":0},"i":{"x":0.58,"y":1},"s":[{"c":false,"i":[[0,0],[-15.5,0],[0,0]],"o":[[0,0],[15.5,0],[0,0]],"v":[[0,0],[21.5,9.5],[43,0]]}],"t":25},{"o":{"x":0,"y":0},"i":{"x":0.58,"y":1},"s":[{"c":false,"i":[[0,0],[-13.7,0],[0,0]],"o":[[0,0],[13.7,0],[0,0]],"v":[[0,0],[19,7],[38,0]]}],"t":34},{"o":{"x":0,"y":0},"i":{"x":0.58,"y":1},"s":[{"c":false,"i":[[0,0],[-18.38,0],[0,0]],"o":[[0,0],[18.38,0],[0,0]],"v":[[0,0],[25.5,7],[51,0]]}],"t":37},{"s":[{"c":false,"i":[[0,0],[-15.5,0],[0,0]],"o":[[0,0],[15.5,0],[0,0]],"v":[[0,0],[21.5,9.5],[43,0]]}],"t":46}]}},{"ty":"st","bm":0,"hd":false,"nm":"","lc":2,"lj":1,"ml":4,"o":{"a":1,"k":[{"o":{"x":0,"y":0},"i":{"x":0.58,"y":1},"s":[100],"t":0},{"o":{"x":0,"y":0},"i":{"x":0.58,"y":1},"s":[100],"t":6},{"o":{"x":0,"y":0},"i":{"x":0.58,"y":1},"s":[100],"t":14},{"o":{"x":0,"y":0},"i":{"x":0.58,"y":1},"s":[100],"t":23},{"o":{"x":0,"y":0},"i":{"x":0.58,"y":1},"s":[100],"t":25},{"o":{"x":0,"y":0},"i":{"x":0.58,"y":1},"s":[100],"t":34},{"o":{"x":0,"y":0},"i":{"x":0.58,"y":1},"s":[100],"t":37},{"s":[100],"t":46}]},"w":{"a":1,"k":[{"o":{"x":0,"y":0},"i":{"x":0.58,"y":1},"s":[5],"t":0},{"o":{"x":0,"y":0},"i":{"x":0.58,"y":1},"s":[5],"t":6},{"o":{"x":0,"y":0},"i":{"x":0.58,"y":1},"s":[5],"t":14},{"o":{"x":0,"y":0},"i":{"x":0.58,"y":1},"s":[5],"t":23},{"o":{"x":0,"y":0},"i":{"x":0.58,"y":1},"s":[5],"t":25},{"o":{"x":0,"y":0},"i":{"x":0.58,"y":1},"s":[5],"t":34},{"o":{"x":0,"y":0},"i":{"x":0.58,"y":1},"s":[5],"t":37},{"s":[5],"t":46}]},"c":{"a":1,"k":[{"o":{"x":0,"y":0},"i":{"x":0.58,"y":1},"s":[0,0,0],"t":0},{"o":{"x":0,"y":0},"i":{"x":0.58,"y":1},"s":[0,0,0],"t":6},{"o":{"x":0,"y":0},"i":{"x":0.58,"y":1},"s":[0,0,0],"t":14},{"o":{"x":0,"y":0},"i":{"x":0.58,"y":1},"s":[0,0,0],"t":23},{"o":{"x":0,"y":0},"i":{"x":0.58,"y":1},"s":[0,0,0],"t":25},{"o":{"x":0,"y":0},"i":{"x":0.58,"y":1},"s":[0,0,0],"t":34},{"o":{"x":0,"y":0},"i":{"x":0.58,"y":1},"s":[0,0,0],"t":37},{"s":[0,0,0],"t":46}]}}],"ind":7},{"ty":4,"nm":"head","sr":1,"st":0,"op":47,"ip":0,"hd":false,"ddd":0,"bm":0,"hasMask":false,"ao":0,"ks":{"a":{"a":1,"k":[{"o":{"x":0,"y":0},"i":{"x":0.58,"y":1},"s":[100.5,95.53],"t":0},{"o":{"x":0,"y":0},"i":{"x":0.58,"y":1},"s":[100.5,95.53],"t":6},{"o":{"x":0,"y":0},"i":{"x":0.58,"y":1},"s":[100.5,95.53],"t":14},{"o":{"x":0,"y":0},"i":{"x":0.58,"y":1},"s":[100.5,95.53],"t":23},{"o":{"x":0,"y":0},"i":{"x":0.58,"y":1},"s":[100.5,66],"t":25},{"o":{"x":0,"y":0},"i":{"x":0.58,"y":1},"s":[99.5,98],"t":34},{"o":{"x":0,"y":0},"i":{"x":0.58,"y":1},"s":[99.5,71.5],"t":37},{"s":[100.5,95.53],"t":46}]},"s":{"a":1,"k":[{"o":{"x":0,"y":0},"i":{"x":0.58,"y":1},"s":[100,100],"t":0},{"o":{"x":0,"y":0},"i":{"x":0.58,"y":1},"s":[100,100],"t":6},{"o":{"x":0,"y":0},"i":{"x":0.58,"y":1},"s":[100,100],"t":14},{"o":{"x":0,"y":0},"i":{"x":0.58,"y":1},"s":[100,100],"t":23},{"o":{"x":0,"y":0},"i":{"x":0.58,"y":1},"s":[100,100],"t":25},{"o":{"x":0,"y":0},"i":{"x":0.58,"y":1},"s":[100,100],"t":34},{"o":{"x":0,"y":0},"i":{"x":0.58,"y":1},"s":[100,100],"t":37},{"s":[100,100],"t":46}]},"sk":{"a":0,"k":0},"p":{"a":1,"k":[{"o":{"x":0,"y":0},"i":{"x":0.58,"y":1},"s":[247.5,268.53],"t":0},{"o":{"x":0,"y":0},"i":{"x":0.58,"y":1},"s":[247.5,268.53],"t":6},{"o":{"x":0,"y":0},"i":{"x":0.58,"y":1},"s":[247.5,268.53],"t":14},{"o":{"x":0,"y":0},"i":{"x":0.58,"y":1},"s":[247.5,268.53],"t":23},{"o":{"x":0,"y":0},"i":{"x":0.58,"y":1},"s":[247.5,298],"t":25},{"o":{"x":0,"y":0},"i":{"x":0.58,"y":1},"s":[247.5,205],"t":34},{"o":{"x":0,"y":0},"i":{"x":0.58,"y":1},"s":[247.5,159.5],"t":37},{"s":[247.5,268.53],"t":46}]},"r":{"a":1,"k":[{"o":{"x":0,"y":0},"i":{"x":0.58,"y":1},"s":[0],"t":0},{"o":{"x":0,"y":0},"i":{"x":0.58,"y":1},"s":[0],"t":6},{"o":{"x":0,"y":0},"i":{"x":0.58,"y":1},"s":[0],"t":14},{"o":{"x":0,"y":0},"i":{"x":0.58,"y":1},"s":[0],"t":23},{"o":{"x":0,"y":0},"i":{"x":0.58,"y":1},"s":[0],"t":25},{"o":{"x":0,"y":0},"i":{"x":0.58,"y":1},"s":[0],"t":34},{"o":{"x":0,"y":0},"i":{"x":0.58,"y":1},"s":[0],"t":37},{"s":[0],"t":46}]},"sa":{"a":0,"k":0},"o":{"a":1,"k":[{"o":{"x":0,"y":0},"i":{"x":0.58,"y":1},"s":[100],"t":0},{"o":{"x":0,"y":0},"i":{"x":0.58,"y":1},"s":[100],"t":6},{"o":{"x":0,"y":0},"i":{"x":0.58,"y":1},"s":[100],"t":14},{"o":{"x":0,"y":0},"i":{"x":0.58,"y":1},"s":[100],"t":23},{"o":{"x":0,"y":0},"i":{"x":0.58,"y":1},"s":[100],"t":25},{"o":{"x":0,"y":0},"i":{"x":0.58,"y":1},"s":[100],"t":34},{"o":{"x":0,"y":0},"i":{"x":0.58,"y":1},"s":[100],"t":37},{"s":[100],"t":46}]}},"shapes":[{"ty":"sh","bm":0,"hd":false,"nm":"","d":1,"ks":{"a":1,"k":[{"o":{"x":0,"y":0},"i":{"x":0.58,"y":1},"s":[{"c":true,"i":[[0,0],[55.5,0],[0,71],[-55.5,0],[0,-55.5]],"o":[[0,81.5],[-55.5,0],[0,-55.5],[55.5,0],[0,0]],"v":[[201,114.5],[100.5,191],[0,114.5],[100.5,0],[201,114.5]]}],"t":0},{"o":{"x":0,"y":0},"i":{"x":0.58,"y":1},"s":[{"c":true,"i":[[0,0],[55.5,0],[0,71],[-55.5,0],[0,-55.5]],"o":[[0,81.5],[-55.5,0],[0,-55.5],[55.5,0],[0,0]],"v":[[201,114.5],[100.5,191],[0,114.5],[100.5,0],[201,114.5]]}],"t":6},{"o":{"x":0,"y":0},"i":{"x":0.58,"y":1},"s":[{"c":true,"i":[[0,0],[55.5,0],[0,71],[-55.5,0],[0,-55.5]],"o":[[0,81.5],[-55.5,0],[0,-55.5],[55.5,0],[0,0]],"v":[[201,114.5],[100.5,191],[0,114.5],[100.5,0],[201,114.5]]}],"t":14},{"o":{"x":0,"y":0},"i":{"x":0.58,"y":1},"s":[{"c":true,"i":[[0,0],[55.5,0],[0,71],[-55.5,0],[0,-55.5]],"o":[[0,81.5],[-55.5,0],[0,-55.5],[55.5,0],[0,0]],"v":[[201,114.5],[100.5,191],[0,114.5],[100.5,0],[201,114.5]]}],"t":23},{"o":{"x":0,"y":0},"i":{"x":0.58,"y":1},"s":[{"c":true,"i":[[0,0],[55.5,0],[0,49.05],[-55.5,0],[0,-38.35]],"o":[[0,56.31],[-55.5,0],[0,-38.35],[55.5,0],[0,0]],"v":[[201,79.11],[100.5,131.96],[0,79.11],[100.5,0],[201,79.11]]}],"t":25},{"o":{"x":0,"y":0},"i":{"x":0.58,"y":1},"s":[{"c":true,"i":[[0,0],[54.95,0],[0,72.84],[-54.95,0],[0,-56.94]],"o":[[0,83.61],[-54.95,0],[0,-56.94],[54.95,0],[0,0]],"v":[[199,117.46],[99.5,195.94],[0,117.46],[99.5,0],[199,117.46]]}],"t":34},{"o":{"x":0,"y":0},"i":{"x":0.58,"y":1},"s":[{"c":true,"i":[[0,0],[54.95,0],[0,53.14],[-54.95,0],[0,-41.54]],"o":[[0,61],[-54.95,0],[0,-41.54],[54.95,0],[0,0]],"v":[[199,85.7],[99.5,142.96],[0,85.7],[99.5,0],[199,85.7]]}],"t":37},{"s":[{"c":true,"i":[[0,0],[55.5,0],[0,71],[-55.5,0],[0,-55.5]],"o":[[0,81.5],[-55.5,0],[0,-55.5],[55.5,0],[0,0]],"v":[[201,114.5],[100.5,191],[0,114.5],[100.5,0],[201,114.5]]}],"t":46}]}},{"ty":"gf","bm":0,"hd":false,"nm":"","e":{"a":1,"k":[{"o":{"x":0,"y":0},"i":{"x":0.58,"y":1},"s":[257.35560233809775,22],"t":0},{"o":{"x":0,"y":0},"i":{"x":0.58,"y":1},"s":[257.35560233809775,22],"t":6},{"o":{"x":0,"y":0},"i":{"x":0.58,"y":1},"s":[257.35560233809775,22],"t":14},{"o":{"x":0,"y":0},"i":{"x":0.58,"y":1},"s":[257.35560233809775,22],"t":23},{"o":{"x":0,"y":0},"i":{"x":0.58,"y":1},"s":[337.0490393205123,15.199399948120117],"t":25},{"o":{"x":0,"y":0},"i":{"x":0.58,"y":1},"s":[248.4421219339176,22.568899154663086],"t":34},{"o":{"x":0,"y":0},"i":{"x":0.58,"y":1},"s":[312.2225725934222,16.466100692749023],"t":37},{"s":[257.35560233809775,22],"t":46}]},"g":{"p":2,"k":{"a":1,"k":[{"o":{"x":0,"y":0},"i":{"x":0.58,"y":1},"s":[0.049281906336545944,0.9708725768351087,0.9708725768351087,0.9708725768351087,1,0.8708725529932508,0.8708725529932508,0.8708725529932508],"t":0},{"o":{"x":0,"y":0},"i":{"x":0.58,"y":1},"s":[0.049281906336545944,0.9708725768351087,0.9708725768351087,0.9708725768351087,1,0.8708725529932508,0.8708725529932508,0.8708725529932508],"t":6},{"o":{"x":0,"y":0},"i":{"x":0.58,"y":1},"s":[0.049281906336545944,0.9708725768351087,0.9708725768351087,0.9708725768351087,1,0.8708725529932508,0.8708725529932508,0.8708725529932508],"t":14},{"o":{"x":0,"y":0},"i":{"x":0.58,"y":1},"s":[0.049281906336545944,0.9708725768351087,0.9708725768351087,0.9708725768351087,1,0.8708725529932508,0.8708725529932508,0.8708725529932508],"t":23},{"o":{"x":0,"y":0},"i":{"x":0.58,"y":1},"s":[0.049281906336545944,0.9708725768351087,0.9708725768351087,0.9708725768351087,1,0.8708725529932508,0.8708725529932508,0.8708725529932508],"t":25},{"o":{"x":0,"y":0},"i":{"x":0.58,"y":1},"s":[0.049281906336545944,0.9708725768351087,0.9708725768351087,0.9708725768351087,1,0.8708725529932508,0.8708725529932508,0.8708725529932508],"t":34},{"o":{"x":0,"y":0},"i":{"x":0.58,"y":1},"s":[0.049281906336545944,0.9708725768351087,0.9708725768351087,0.9708725768351087,1,0.8708725529932508,0.8708725529932508,0.8708725529932508],"t":37},{"s":[0.049281906336545944,0.9708725768351087,0.9708725768351087,0.9708725768351087,1,0.8708725529932508,0.8708725529932508,0.8708725529932508],"t":46}]}},"t":2,"a":{"a":0,"k":0},"h":{"a":0,"k":0},"s":{"a":1,"k":[{"o":{"x":0,"y":0},"i":{"x":0.58,"y":1},"s":[66.5,22],"t":0},{"o":{"x":0,"y":0},"i":{"x":0.58,"y":1},"s":[66.5,22],"t":6},{"o":{"x":0,"y":0},"i":{"x":0.58,"y":1},"s":[66.5,22],"t":14},{"o":{"x":0,"y":0},"i":{"x":0.58,"y":1},"s":[66.5,22],"t":23},{"o":{"x":0,"y":0},"i":{"x":0.58,"y":1},"s":[66.5,15.199399948120117],"t":25},{"o":{"x":0,"y":0},"i":{"x":0.58,"y":1},"s":[65.83830261230469,22.568899154663086],"t":34},{"o":{"x":0,"y":0},"i":{"x":0.58,"y":1},"s":[65.83830261230469,16.466100692749023],"t":37},{"s":[66.5,22],"t":46}]},"r":1,"o":{"a":1,"k":[{"o":{"x":0,"y":0},"i":{"x":0.58,"y":1},"s":[100],"t":0},{"o":{"x":0,"y":0},"i":{"x":0.58,"y":1},"s":[100],"t":6},{"o":{"x":0,"y":0},"i":{"x":0.58,"y":1},"s":[100],"t":14},{"o":{"x":0,"y":0},"i":{"x":0.58,"y":1},"s":[100],"t":23},{"o":{"x":0,"y":0},"i":{"x":0.58,"y":1},"s":[100],"t":25},{"o":{"x":0,"y":0},"i":{"x":0.58,"y":1},"s":[100],"t":34},{"o":{"x":0,"y":0},"i":{"x":0.58,"y":1},"s":[100],"t":37},{"s":[100],"t":46}]}}],"ind":8},{"ty":4,"nm":"shadow","sr":1,"st":0,"op":47,"ip":0,"hd":false,"ddd":0,"bm":0,"hasMask":false,"ao":0,"ks":{"a":{"a":1,"k":[{"o":{"x":0,"y":0},"i":{"x":0.58,"y":1},"s":[111,14.5],"t":0},{"o":{"x":0,"y":0},"i":{"x":0.58,"y":1},"s":[111,14.5],"t":6},{"o":{"x":0,"y":0},"i":{"x":0.58,"y":1},"s":[111,14.5],"t":14},{"o":{"x":0,"y":0},"i":{"x":0.58,"y":1},"s":[111,14.5],"t":23},{"o":{"x":0,"y":0},"i":{"x":0.58,"y":1},"s":[111,14.5],"t":25},{"o":{"x":0,"y":0},"i":{"x":0.58,"y":1},"s":[54,14.5],"t":34},{"o":{"x":0,"y":0},"i":{"x":0.58,"y":1},"s":[54,14.5],"t":37},{"s":[111,14.5],"t":46}]},"s":{"a":1,"k":[{"o":{"x":0,"y":0},"i":{"x":0.58,"y":1},"s":[100,100],"t":0},{"o":{"x":0,"y":0},"i":{"x":0.58,"y":1},"s":[100,100],"t":6},{"o":{"x":0,"y":0},"i":{"x":0.58,"y":1},"s":[100,100],"t":14},{"o":{"x":0,"y":0},"i":{"x":0.58,"y":1},"s":[100,100],"t":23},{"o":{"x":0,"y":0},"i":{"x":0.58,"y":1},"s":[100,100],"t":25},{"o":{"x":0,"y":0},"i":{"x":0.58,"y":1},"s":[100,100],"t":34},{"o":{"x":0,"y":0},"i":{"x":0.58,"y":1},"s":[100,100],"t":37},{"s":[100,100],"t":46}]},"sk":{"a":0,"k":0},"p":{"a":1,"k":[{"o":{"x":0,"y":0},"i":{"x":0.58,"y":1},"s":[250,363.5],"t":0},{"o":{"x":0,"y":0},"i":{"x":0.58,"y":1},"s":[250,363.5],"t":6},{"o":{"x":0,"y":0},"i":{"x":0.58,"y":1},"s":[250,363.5],"t":14},{"o":{"x":0,"y":0},"i":{"x":0.58,"y":1},"s":[250,363.5],"t":23},{"o":{"x":0,"y":0},"i":{"x":0.58,"y":1},"s":[250,363.5],"t":25},{"o":{"x":0,"y":0},"i":{"x":0.58,"y":1},"s":[250,363.5],"t":34},{"o":{"x":0,"y":0},"i":{"x":0.58,"y":1},"s":[250,363.5],"t":37},{"s":[250,363.5],"t":46}]},"r":{"a":1,"k":[{"o":{"x":0,"y":0},"i":{"x":0.58,"y":1},"s":[0],"t":0},{"o":{"x":0,"y":0},"i":{"x":0.58,"y":1},"s":[0],"t":6},{"o":{"x":0,"y":0},"i":{"x":0.58,"y":1},"s":[0],"t":14},{"o":{"x":0,"y":0},"i":{"x":0.58,"y":1},"s":[0],"t":23},{"o":{"x":0,"y":0},"i":{"x":0.58,"y":1},"s":[0],"t":25},{"o":{"x":0,"y":0},"i":{"x":0.58,"y":1},"s":[0],"t":34},{"o":{"x":0,"y":0},"i":{"x":0.58,"y":1},"s":[0],"t":37},{"s":[0],"t":46}]},"sa":{"a":0,"k":0},"o":{"a":1,"k":[{"o":{"x":0,"y":0},"i":{"x":0.58,"y":1},"s":[100],"t":0},{"o":{"x":0,"y":0},"i":{"x":0.58,"y":1},"s":[100],"t":6},{"o":{"x":0,"y":0},"i":{"x":0.58,"y":1},"s":[100],"t":14},{"o":{"x":0,"y":0},"i":{"x":0.58,"y":1},"s":[100],"t":23},{"o":{"x":0,"y":0},"i":{"x":0.58,"y":1},"s":[100],"t":25},{"o":{"x":0,"y":0},"i":{"x":0.58,"y":1},"s":[100],"t":34},{"o":{"x":0,"y":0},"i":{"x":0.58,"y":1},"s":[100],"t":37},{"s":[100],"t":46}]}},"shapes":[{"ty":"sh","bm":0,"hd":false,"nm":"","d":1,"ks":{"a":1,"k":[{"o":{"x":0,"y":0},"i":{"x":0.58,"y":1},"s":[{"c":true,"i":[[-61.26,0],[0,-8],[61.26,0],[0,8]],"o":[[61.26,0],[0,8],[-61.26,0],[0,-8]],"v":[[111,0],[222,14.5],[111,29],[0,14.5]]}],"t":0},{"o":{"x":0,"y":0},"i":{"x":0.58,"y":1},"s":[{"c":true,"i":[[-61.26,0],[0,-8],[61.26,0],[0,8]],"o":[[61.26,0],[0,8],[-61.26,0],[0,-8]],"v":[[111,0],[222,14.5],[111,29],[0,14.5]]}],"t":6},{"o":{"x":0,"y":0},"i":{"x":0.58,"y":1},"s":[{"c":true,"i":[[-61.26,0],[0,-8],[61.26,0],[0,8]],"o":[[61.26,0],[0,8],[-61.26,0],[0,-8]],"v":[[111,0],[222,14.5],[111,29],[0,14.5]]}],"t":14},{"o":{"x":0,"y":0},"i":{"x":0.58,"y":1},"s":[{"c":true,"i":[[-61.26,0],[0,-8],[61.26,0],[0,8]],"o":[[61.26,0],[0,8],[-61.26,0],[0,-8]],"v":[[111,0],[222,14.5],[111,29],[0,14.5]]}],"t":23},{"o":{"x":0,"y":0},"i":{"x":0.58,"y":1},"s":[{"c":true,"i":[[-61.26,0],[0,-8],[61.26,0],[0,8]],"o":[[61.26,0],[0,8],[-61.26,0],[0,-8]],"v":[[111,0],[222,14.5],[111,29],[0,14.5]]}],"t":25},{"o":{"x":0,"y":0},"i":{"x":0.58,"y":1},"s":[{"c":true,"i":[[-29.8,0],[0,-8],[29.8,0],[0,8]],"o":[[29.8,0],[0,8],[-29.8,0],[0,-8]],"v":[[54,0],[108,14.5],[54,29],[0,14.5]]}],"t":34},{"o":{"x":0,"y":0},"i":{"x":0.58,"y":1},"s":[{"c":true,"i":[[-29.8,0],[0,-8],[29.8,0],[0,8]],"o":[[29.8,0],[0,8],[-29.8,0],[0,-8]],"v":[[54,0],[108,14.5],[54,29],[0,14.5]]}],"t":37},{"s":[{"c":true,"i":[[-61.26,0],[0,-8],[61.26,0],[0,8]],"o":[[61.26,0],[0,8],[-61.26,0],[0,-8]],"v":[[111,0],[222,14.5],[111,29],[0,14.5]]}],"t":46}]}},{"ty":"gf","bm":0,"hd":false,"nm":"","e":{"a":1,"k":[{"o":{"x":0,"y":0},"i":{"x":0.58,"y":1},"s":[111,29],"t":0},{"o":{"x":0,"y":0},"i":{"x":0.58,"y":1},"s":[111,29],"t":6},{"o":{"x":0,"y":0},"i":{"x":0.58,"y":1},"s":[111,29],"t":14},{"o":{"x":0,"y":0},"i":{"x":0.58,"y":1},"s":[111,29],"t":23},{"o":{"x":0,"y":0},"i":{"x":0.58,"y":1},"s":[111,29],"t":25},{"o":{"x":0,"y":0},"i":{"x":0.58,"y":1},"s":[54,29],"t":34},{"o":{"x":0,"y":0},"i":{"x":0.58,"y":1},"s":[54,29],"t":37},{"s":[111,29],"t":46}]},"g":{"p":3,"k":{"a":1,"k":[{"o":{"x":0,"y":0},"i":{"x":0.58,"y":1},"s":[0,0.000039215686274509805,0.000039215686274509805,0.000039215686274509805,0.515625,0.000039215686274509805,0.000039215686274509805,0.000039215686274509805,1,0.000039215686274509805,0.000039215686274509805,0.000039215686274509805,0,0.30000001192092896,0.515625,0.10000000149011612,1,0],"t":0},{"o":{"x":0,"y":0},"i":{"x":0.58,"y":1},"s":[0,0.000039215686274509805,0.000039215686274509805,0.000039215686274509805,0.515625,0.000039215686274509805,0.000039215686274509805,0.000039215686274509805,1,0.000039215686274509805,0.000039215686274509805,0.000039215686274509805,0,0.30000001192092896,0.515625,0.10000000149011612,1,0],"t":6},{"o":{"x":0,"y":0},"i":{"x":0.58,"y":1},"s":[0,0.000039215686274509805,0.000039215686274509805,0.000039215686274509805,0.515625,0.000039215686274509805,0.000039215686274509805,0.000039215686274509805,1,0.000039215686274509805,0.000039215686274509805,0.000039215686274509805,0,0.30000001192092896,0.515625,0.10000000149011612,1,0],"t":14},{"o":{"x":0,"y":0},"i":{"x":0.58,"y":1},"s":[0,0.000039215686274509805,0.000039215686274509805,0.000039215686274509805,0.515625,0.000039215686274509805,0.000039215686274509805,0.000039215686274509805,1,0.000039215686274509805,0.000039215686274509805,0.000039215686274509805,0,0.30000001192092896,0.515625,0.10000000149011612,1,0],"t":23},{"o":{"x":0,"y":0},"i":{"x":0.58,"y":1},"s":[0,0.000039215686274509805,0.000039215686274509805,0.000039215686274509805,0.515625,0.000039215686274509805,0.000039215686274509805,0.000039215686274509805,1,0.000039215686274509805,0.000039215686274509805,0.000039215686274509805,0,0.30000001192092896,0.515625,0.10000000149011612,1,0],"t":25},{"o":{"x":0,"y":0},"i":{"x":0.58,"y":1},"s":[0,0.000039215686274509805,0.000039215686274509805,0.000039215686274509805,0.515625,0.000039215686274509805,0.000039215686274509805,0.000039215686274509805,1,0.000039215686274509805,0.000039215686274509805,0.000039215686274509805,0,0.30000001192092896,0.515625,0.10000000149011612,1,0],"t":34},{"o":{"x":0,"y":0},"i":{"x":0.58,"y":1},"s":[0,0.000039215686274509805,0.000039215686274509805,0.000039215686274509805,0.515625,0.000039215686274509805,0.000039215686274509805,0.000039215686274509805,1,0.000039215686274509805,0.000039215686274509805,0.000039215686274509805,0,0.30000001192092896,0.515625,0.10000000149011612,1,0],"t":37},{"s":[0,0.000039215686274509805,0.000039215686274509805,0.000039215686274509805,0.515625,0.000039215686274509805,0.000039215686274509805,0.000039215686274509805,1,0.000039215686274509805,0.000039215686274509805,0.000039215686274509805,0,0.30000001192092896,0.515625,0.10000000149011612,1,0],"t":46}]}},"t":1,"a":{"a":0,"k":0},"h":{"a":0,"k":0},"s":{"a":1,"k":[{"o":{"x":0,"y":0},"i":{"x":0.58,"y":1},"s":[111,0],"t":0},{"o":{"x":0,"y":0},"i":{"x":0.58,"y":1},"s":[111,0],"t":6},{"o":{"x":0,"y":0},"i":{"x":0.58,"y":1},"s":[111,0],"t":14},{"o":{"x":0,"y":0},"i":{"x":0.58,"y":1},"s":[111,0],"t":23},{"o":{"x":0,"y":0},"i":{"x":0.58,"y":1},"s":[111,0],"t":25},{"o":{"x":0,"y":0},"i":{"x":0.58,"y":1},"s":[54,0],"t":34},{"o":{"x":0,"y":0},"i":{"x":0.58,"y":1},"s":[54,0],"t":37},{"s":[111,0],"t":46}]},"r":1,"o":{"a":1,"k":[{"o":{"x":0,"y":0},"i":{"x":0.58,"y":1},"s":[50],"t":0},{"o":{"x":0,"y":0},"i":{"x":0.58,"y":1},"s":[50],"t":6},{"o":{"x":0,"y":0},"i":{"x":0.58,"y":1},"s":[50],"t":14},{"o":{"x":0,"y":0},"i":{"x":0.58,"y":1},"s":[50],"t":23},{"o":{"x":0,"y":0},"i":{"x":0.58,"y":1},"s":[50],"t":25},{"o":{"x":0,"y":0},"i":{"x":0.58,"y":1},"s":[50],"t":34},{"o":{"x":0,"y":0},"i":{"x":0.58,"y":1},"s":[50],"t":37},{"s":[50],"t":46}]}}],"ind":9}],"v":"5.7.0","fr":30,"op":46.08000116189942,"ip":0,"assets":[]}