{"nm":"Geometcism_8","ddd":1,"h":1080,"w":1080,"meta":{"g":"LottieFiles AE 0.1.20"},"layers":[{"ty":3,"nm":"NULL CONTROL ","sr":1,"st":0,"op":240,"ip":-20,"hd":false,"ddd":0,"bm":0,"hasMask":false,"ao":0,"ks":{"a":{"a":0,"k":[50,50,0],"ix":1},"s":{"a":0,"k":[56.25,56.25,100],"ix":6},"sk":{"a":0,"k":0},"p":{"a":0,"k":[540,540,0],"ix":2},"r":{"a":0,"k":-45,"ix":10},"sa":{"a":0,"k":0},"o":{"a":0,"k":0,"ix":11}},"ef":[],"ind":1},{"ty":0,"nm":"Round scale 4","sr":1,"st":0,"op":240,"ip":0,"hd":false,"ddd":0,"bm":0,"hasMask":false,"ao":0,"ks":{"a":{"a":0,"k":[960,960,0],"ix":1},"s":{"a":0,"k":[41,41,100],"ix":6},"sk":{"a":0,"k":0},"p":{"a":0,"k":[50,-356,0],"ix":2},"r":{"a":0,"k":0,"ix":10},"sa":{"a":0,"k":0},"o":{"a":0,"k":100,"ix":11}},"ef":[],"w":1920,"h":1920,"refId":"comp_0","ind":2,"parent":1},{"ty":0,"nm":"Round scale 4","sr":1,"st":-2,"op":238,"ip":-2,"hd":false,"ddd":0,"bm":0,"hasMask":false,"ao":0,"ks":{"a":{"a":0,"k":[960,960,0],"ix":1},"s":{"a":0,"k":[57,57,100],"ix":6},"sk":{"a":0,"k":0},"p":{"a":0,"k":[50,-315.25,0],"ix":2},"r":{"a":0,"k":0,"ix":10},"sa":{"a":0,"k":0},"o":{"a":0,"k":100,"ix":11}},"ef":[],"w":1920,"h":1920,"refId":"comp_0","ind":3,"parent":1},{"ty":0,"nm":"Round scale 4","sr":1,"st":-4,"op":236,"ip":-4,"hd":false,"ddd":0,"bm":0,"hasMask":false,"ao":0,"ks":{"a":{"a":0,"k":[960,960,0],"ix":1},"s":{"a":0,"k":[69,69,100],"ix":6},"sk":{"a":0,"k":0},"p":{"a":0,"k":[50,-274.5,0],"ix":2},"r":{"a":0,"k":0,"ix":10},"sa":{"a":0,"k":0},"o":{"a":0,"k":100,"ix":11}},"ef":[],"w":1920,"h":1920,"refId":"comp_0","ind":4,"parent":1},{"ty":0,"nm":"Round scale 4","sr":1,"st":-6,"op":234,"ip":-6,"hd":false,"ddd":0,"bm":0,"hasMask":false,"ao":0,"ks":{"a":{"a":0,"k":[960,960,0],"ix":1},"s":{"a":0,"k":[78,78,100],"ix":6},"sk":{"a":0,"k":0},"p":{"a":0,"k":[50,-233.75,0],"ix":2},"r":{"a":0,"k":0,"ix":10},"sa":{"a":0,"k":0},"o":{"a":0,"k":100,"ix":11}},"ef":[],"w":1920,"h":1920,"refId":"comp_0","ind":5,"parent":1},{"ty":0,"nm":"Round scale 4","sr":1,"st":-8,"op":232,"ip":-8,"hd":false,"ddd":0,"bm":0,"hasMask":false,"ao":0,"ks":{"a":{"a":0,"k":[960,960,0],"ix":1},"s":{"a":0,"k":[85,85,100],"ix":6},"sk":{"a":0,"k":0},"p":{"a":0,"k":[50,-193,0],"ix":2},"r":{"a":0,"k":0,"ix":10},"sa":{"a":0,"k":0},"o":{"a":0,"k":100,"ix":11}},"ef":[],"w":1920,"h":1920,"refId":"comp_0","ind":6,"parent":1},{"ty":0,"nm":"Round scale 4","sr":1,"st":-10,"op":230,"ip":-10,"hd":false,"ddd":0,"bm":0,"hasMask":false,"ao":0,"ks":{"a":{"a":0,"k":[960,960,0],"ix":1},"s":{"a":0,"k":[90,90,100],"ix":6},"sk":{"a":0,"k":0},"p":{"a":0,"k":[50,-152.25,0],"ix":2},"r":{"a":0,"k":0,"ix":10},"sa":{"a":0,"k":0},"o":{"a":0,"k":100,"ix":11}},"ef":[],"w":1920,"h":1920,"refId":"comp_0","ind":7,"parent":1},{"ty":0,"nm":"Round scale 4","sr":1,"st":-12,"op":228,"ip":-12,"hd":false,"ddd":0,"bm":0,"hasMask":false,"ao":0,"ks":{"a":{"a":0,"k":[960,960,0],"ix":1},"s":{"a":0,"k":[94,94,100],"ix":6},"sk":{"a":0,"k":0},"p":{"a":0,"k":[50,-111.5,0],"ix":2},"r":{"a":0,"k":0,"ix":10},"sa":{"a":0,"k":0},"o":{"a":0,"k":100,"ix":11}},"ef":[],"w":1920,"h":1920,"refId":"comp_0","ind":8,"parent":1},{"ty":0,"nm":"Round scale 4","sr":1,"st":-14,"op":226,"ip":-14,"hd":false,"ddd":0,"bm":0,"hasMask":false,"ao":0,"ks":{"a":{"a":0,"k":[960,960,0],"ix":1},"s":{"a":0,"k":[97,97,100],"ix":6},"sk":{"a":0,"k":0},"p":{"a":0,"k":[50,-70.75,0],"ix":2},"r":{"a":0,"k":0,"ix":10},"sa":{"a":0,"k":0},"o":{"a":0,"k":100,"ix":11}},"ef":[],"w":1920,"h":1920,"refId":"comp_0","ind":9,"parent":1},{"ty":0,"nm":"Round scale 4","sr":1,"st":-16,"op":224,"ip":-16,"hd":false,"ddd":0,"bm":0,"hasMask":false,"ao":0,"ks":{"a":{"a":0,"k":[960,960,0],"ix":1},"s":{"a":0,"k":[99,99,100],"ix":6},"sk":{"a":0,"k":0},"p":{"a":0,"k":[50,-30.75,0],"ix":2},"r":{"a":0,"k":0,"ix":10},"sa":{"a":0,"k":0},"o":{"a":0,"k":100,"ix":11}},"ef":[],"w":1920,"h":1920,"refId":"comp_0","ind":10,"parent":1},{"ty":0,"nm":"Round scale 4","sr":1,"st":-18,"op":222,"ip":-18,"hd":false,"ddd":0,"bm":0,"hasMask":false,"ao":0,"ks":{"a":{"a":0,"k":[960,960,0],"ix":1},"s":{"a":0,"k":[101,101,100],"ix":6},"sk":{"a":0,"k":0},"p":{"a":0,"k":[50,10,0],"ix":2},"r":{"a":0,"k":0,"ix":10},"sa":{"a":0,"k":0},"o":{"a":0,"k":100,"ix":11}},"ef":[],"w":1920,"h":1920,"refId":"comp_0","ind":11,"parent":1},{"ty":0,"nm":"Round scale 4","sr":1,"st":-20,"op":220,"ip":-20,"hd":false,"ddd":0,"bm":0,"hasMask":false,"ao":0,"ks":{"a":{"a":0,"k":[960,960,0],"ix":1},"s":{"a":0,"k":[101,101,100],"ix":6},"sk":{"a":0,"k":0},"p":{"a":0,"k":[50,50,0],"ix":2},"r":{"a":0,"k":0,"ix":10},"sa":{"a":0,"k":0},"o":{"a":0,"k":100,"ix":11}},"ef":[],"w":1920,"h":1920,"refId":"comp_0","ind":12,"parent":1},{"ty":0,"nm":"Round scale 4","sr":1,"st":-18,"op":222,"ip":-18,"hd":false,"ddd":0,"bm":0,"hasMask":false,"ao":0,"ks":{"a":{"a":0,"k":[960,960,0],"ix":1},"s":{"a":0,"k":[101,101,100],"ix":6},"sk":{"a":0,"k":0},"p":{"a":0,"k":[50,90,0],"ix":2},"r":{"a":0,"k":0,"ix":10},"sa":{"a":0,"k":0},"o":{"a":0,"k":100,"ix":11}},"ef":[],"w":1920,"h":1920,"refId":"comp_0","ind":13,"parent":1},{"ty":0,"nm":"Round scale 4","sr":1,"st":-16,"op":224,"ip":-16,"hd":false,"ddd":0,"bm":0,"hasMask":false,"ao":0,"ks":{"a":{"a":0,"k":[960,960,0],"ix":1},"s":{"a":0,"k":[99,99,100],"ix":6},"sk":{"a":0,"k":0},"p":{"a":0,"k":[50,130.75,0],"ix":2},"r":{"a":0,"k":0,"ix":10},"sa":{"a":0,"k":0},"o":{"a":0,"k":100,"ix":11}},"ef":[],"w":1920,"h":1920,"refId":"comp_0","ind":14,"parent":1},{"ty":0,"nm":"Round scale 4","sr":1,"st":-14,"op":226,"ip":-14,"hd":false,"ddd":0,"bm":0,"hasMask":false,"ao":0,"ks":{"a":{"a":0,"k":[960,960,0],"ix":1},"s":{"a":0,"k":[97,97,100],"ix":6},"sk":{"a":0,"k":0},"p":{"a":0,"k":[50,170.75,0],"ix":2},"r":{"a":0,"k":0,"ix":10},"sa":{"a":0,"k":0},"o":{"a":0,"k":100,"ix":11}},"ef":[],"w":1920,"h":1920,"refId":"comp_0","ind":15,"parent":1},{"ty":0,"nm":"Round scale 4","sr":1,"st":-12,"op":228,"ip":-12,"hd":false,"ddd":0,"bm":0,"hasMask":false,"ao":0,"ks":{"a":{"a":0,"k":[960,960,0],"ix":1},"s":{"a":0,"k":[94,94,100],"ix":6},"sk":{"a":0,"k":0},"p":{"a":0,"k":[50,211.5,0],"ix":2},"r":{"a":0,"k":0,"ix":10},"sa":{"a":0,"k":0},"o":{"a":0,"k":100,"ix":11}},"ef":[],"w":1920,"h":1920,"refId":"comp_0","ind":16,"parent":1},{"ty":0,"nm":"Round scale 4","sr":1,"st":-10,"op":230,"ip":-10,"hd":false,"ddd":0,"bm":0,"hasMask":false,"ao":0,"ks":{"a":{"a":0,"k":[960,960,0],"ix":1},"s":{"a":0,"k":[90,90,100],"ix":6},"sk":{"a":0,"k":0},"p":{"a":0,"k":[50,252.25,0],"ix":2},"r":{"a":0,"k":0,"ix":10},"sa":{"a":0,"k":0},"o":{"a":0,"k":100,"ix":11}},"ef":[],"w":1920,"h":1920,"refId":"comp_0","ind":17,"parent":1},{"ty":0,"nm":"Round scale 4","sr":1,"st":-8,"op":232,"ip":-8,"hd":false,"ddd":0,"bm":0,"hasMask":false,"ao":0,"ks":{"a":{"a":0,"k":[960,960,0],"ix":1},"s":{"a":0,"k":[85,85,100],"ix":6},"sk":{"a":0,"k":0},"p":{"a":0,"k":[50,293,0],"ix":2},"r":{"a":0,"k":0,"ix":10},"sa":{"a":0,"k":0},"o":{"a":0,"k":100,"ix":11}},"ef":[],"w":1920,"h":1920,"refId":"comp_0","ind":18,"parent":1},{"ty":0,"nm":"Round scale 4","sr":1,"st":-6,"op":234,"ip":-6,"hd":false,"ddd":0,"bm":0,"hasMask":false,"ao":0,"ks":{"a":{"a":0,"k":[960,960,0],"ix":1},"s":{"a":0,"k":[78,78,100],"ix":6},"sk":{"a":0,"k":0},"p":{"a":0,"k":[50,333.75,0],"ix":2},"r":{"a":0,"k":0,"ix":10},"sa":{"a":0,"k":0},"o":{"a":0,"k":100,"ix":11}},"ef":[],"w":1920,"h":1920,"refId":"comp_0","ind":19,"parent":1},{"ty":0,"nm":"Round scale 4","sr":1,"st":-4,"op":236,"ip":-4,"hd":false,"ddd":0,"bm":0,"hasMask":false,"ao":0,"ks":{"a":{"a":0,"k":[960,960,0],"ix":1},"s":{"a":0,"k":[69,69,100],"ix":6},"sk":{"a":0,"k":0},"p":{"a":0,"k":[50,374.5,0],"ix":2},"r":{"a":0,"k":0,"ix":10},"sa":{"a":0,"k":0},"o":{"a":0,"k":100,"ix":11}},"ef":[],"w":1920,"h":1920,"refId":"comp_0","ind":20,"parent":1},{"ty":0,"nm":"Round scale 4","sr":1,"st":-2,"op":238,"ip":-2,"hd":false,"ddd":0,"bm":0,"hasMask":false,"ao":0,"ks":{"a":{"a":0,"k":[960,960,0],"ix":1},"s":{"a":0,"k":[57,57,100],"ix":6},"sk":{"a":0,"k":0},"p":{"a":0,"k":[50,415.25,0],"ix":2},"r":{"a":0,"k":0,"ix":10},"sa":{"a":0,"k":0},"o":{"a":0,"k":100,"ix":11}},"ef":[],"w":1920,"h":1920,"refId":"comp_0","ind":21,"parent":1},{"ty":0,"nm":"Round scale 4","sr":1,"st":0,"op":240,"ip":0,"hd":false,"ddd":0,"bm":0,"hasMask":false,"ao":0,"ks":{"a":{"a":0,"k":[960,960,0],"ix":1},"s":{"a":0,"k":[41,41,100],"ix":6},"sk":{"a":0,"k":0},"p":{"a":0,"k":[50,456,0],"ix":2},"r":{"a":0,"k":0,"ix":10},"sa":{"a":0,"k":0},"o":{"a":0,"k":100,"ix":11}},"ef":[],"w":1920,"h":1920,"refId":"comp_0","ind":22,"parent":1}],"v":"5.5.7","fr":24,"op":97,"ip":0,"assets":[{"nm":"","id":"comp_0","layers":[{"ty":4,"nm":"Shape Layer 3","sr":1,"st":0,"op":240,"ip":0,"hd":false,"ddd":0,"bm":0,"hasMask":false,"ao":0,"ks":{"a":{"a":0,"k":[158.309,-208.309,0],"ix":1},"s":{"a":0,"k":[90,90,100],"ix":6},"sk":{"a":0,"k":0},"p":{"a":0,"k":[960,960,0],"ix":2},"r":{"a":0,"k":-1.507,"ix":10},"sa":{"a":0,"k":0},"o":{"a":0,"k":100,"ix":11}},"ef":[],"shapes":[{"ty":"gr","bm":0,"hd":false,"mn":"ADBE Vector Group","nm":"Ellipse 2","ix":1,"cix":2,"np":3,"it":[{"ty":"sh","bm":0,"hd":false,"mn":"ADBE Vector Shape - Group","nm":"Path 1","ix":1,"d":1,"ks":{"a":0,"k":{"c":true,"i":[[0,0],[0,0],[0,0],[0,0]],"o":[[0,0],[0,0],[0,0],[0,0]],"v":[[-56.03,-285.399],[213.572,-146.539],[56.031,285.4],[-213.572,146.539]]},"ix":2}},{"ty":"st","bm":0,"hd":false,"mn":"ADBE Vector Graphic - Stroke","nm":"Stroke 1","lc":1,"lj":1,"ml":4,"o":{"a":0,"k":100,"ix":4},"w":{"a":1,"k":[{"o":{"x":0.167,"y":0},"i":{"x":0.833,"y":1},"s":[0],"t":0},{"o":{"x":0.7,"y":0},"i":{"x":0.667,"y":1},"s":[0],"t":14},{"o":{"x":0.333,"y":0},"i":{"x":0.667,"y":1},"s":[1],"t":42},{"o":{"x":0.333,"y":0},"i":{"x":0.667,"y":1},"s":[1],"t":52},{"o":{"x":0.167,"y":0},"i":{"x":0.667,"y":1},"s":[0],"t":86},{"s":[0],"t":97}],"ix":5},"c":{"a":0,"k":[1,1,1],"ix":3}},{"ty":"tr","a":{"a":0,"k":[0,0],"ix":1},"s":{"a":1,"k":[{"o":{"x":0.554,"y":0},"i":{"x":0.446,"y":1},"s":[200,80],"t":0},{"o":{"x":0.554,"y":0},"i":{"x":0.446,"y":1},"s":[200,80],"t":5.389},{"o":{"x":0.554,"y":0},"i":{"x":0.446,"y":1},"s":[230,90],"t":42},{"o":{"x":0.554,"y":0},"i":{"x":0.446,"y":1},"s":[230,90],"t":52},{"o":{"x":0.554,"y":0},"i":{"x":0.446,"y":1},"s":[200,80],"t":91.611},{"s":[200,80],"t":97}],"ix":3},"sk":{"a":0,"k":0,"ix":4},"p":{"a":0,"k":[158.309,-208.309],"ix":2},"r":{"a":0,"k":0,"ix":6},"sa":{"a":0,"k":0,"ix":5},"o":{"a":0,"k":100,"ix":7}}]}],"ind":1},{"ty":4,"nm":"Shape Layer 1","sr":1,"st":0,"op":240,"ip":0,"hd":false,"ddd":1,"bm":0,"hasMask":false,"ao":0,"ks":{"a":{"a":0,"k":[158.309,-208.309,0],"ix":1},"s":{"a":0,"k":[100,100,100],"ix":6},"sk":{"a":0,"k":0},"p":{"a":0,"k":[960,960,0],"ix":2},"sa":{"a":0,"k":0},"o":{"a":0,"k":100,"ix":11},"rx":{"a":0,"k":0,"ix":8},"ry":{"a":0,"k":0,"ix":9},"rz":{"a":1,"k":[{"o":{"x":0.563,"y":0},"i":{"x":0.437,"y":1},"s":[0],"t":0},{"o":{"x":0.563,"y":0},"i":{"x":0.437,"y":1},"s":[180],"t":42},{"o":{"x":0.563,"y":0},"i":{"x":0.437,"y":1},"s":[180],"t":49},{"s":[360],"t":97}],"ix":10},"or":{"a":0,"k":[298,0,24],"ix":7}},"ef":[],"shapes":[{"ty":"gr","bm":0,"hd":false,"mn":"ADBE Vector Group","nm":"Rectangle 1","ix":1,"cix":2,"np":3,"it":[{"ty":"rc","bm":0,"hd":false,"mn":"ADBE Vector Shape - Rect","nm":"Rectangle Path 1","d":1,"p":{"a":0,"k":[0,0],"ix":3},"r":{"a":0,"k":40,"ix":4},"s":{"a":0,"k":[300,300],"ix":2}},{"ty":"gf","bm":0,"hd":false,"mn":"ADBE Vector Graphic - G-Fill","nm":"Gradient Fill 1","e":{"a":0,"k":[-124.117,-140.469],"ix":6},"g":{"p":5,"k":{"a":0,"k":[0.001,0.32941176470588235,0.6,0.9411764705882353,0.2,0.2980392156862745,0.3843137254901961,0.9294117647058824,0.5,0.027450980392156862,0.0392156862745098,0.44313725490196076,0.754,0.2196078431372549,0.23921568627450981,0.9098039215686274,1,0.3176470588235294,0.24313725490196078,0.9686274509803922],"ix":9}},"t":1,"a":{"a":0,"k":0},"h":{"a":0,"k":0},"s":{"a":0,"k":[135.797,138.078],"ix":5},"r":1,"o":{"a":0,"k":100,"ix":10}},{"ty":"tr","a":{"a":0,"k":[0,0],"ix":1},"s":{"a":1,"k":[{"o":{"x":0.563,"y":0},"i":{"x":0.437,"y":1},"s":[100,100],"t":0},{"o":{"x":0.563,"y":0},"i":{"x":0.437,"y":1},"s":[100,100],"t":4},{"o":{"x":0.563,"y":0},"i":{"x":0.437,"y":1},"s":[130,130],"t":23},{"o":{"x":0.563,"y":0},"i":{"x":0.437,"y":1},"s":[100,100],"t":42},{"o":{"x":0.563,"y":0},"i":{"x":0.437,"y":1},"s":[100,100],"t":52},{"o":{"x":0.563,"y":0},"i":{"x":0.437,"y":1},"s":[130,130],"t":72},{"o":{"x":0.563,"y":0},"i":{"x":0.437,"y":1},"s":[100,100],"t":93},{"s":[100,100],"t":97}],"ix":3},"sk":{"a":0,"k":0,"ix":4},"p":{"a":0,"k":[160.168,-209.34],"ix":2},"r":{"a":0,"k":0,"ix":6},"sa":{"a":0,"k":0,"ix":5},"o":{"a":0,"k":100,"ix":7}}]}],"ind":2}]}]}