{"v":"5.6.5","fr":29.9700012207031,"ip":0,"op":31.0000012626559,"w":500,"h":500,"nm":"Comp 1","ddd":0,"assets":[],"layers":[{"ddd":0,"ind":1,"ty":4,"nm":"Shape Layer 1","td":1,"sr":1,"ks":{"o":{"a":0,"k":100,"ix":11},"r":{"a":0,"k":0,"ix":10},"p":{"a":0,"k":[251.916,255.747,0],"ix":2},"a":{"a":0,"k":[0,0,0],"ix":1},"s":{"a":0,"k":[95.789,95.789,100],"ix":6}},"ao":0,"shapes":[{"ty":"gr","it":[{"d":1,"ty":"el","s":{"a":0,"k":[376,376],"ix":2},"p":{"a":0,"k":[0,0],"ix":3},"nm":"Ellipse Path 1","mn":"ADBE Vector Shape - Ellipse","hd":false},{"ty":"st","c":{"a":0,"k":[1,1,1,1],"ix":3},"o":{"a":0,"k":100,"ix":4},"w":{"a":0,"k":2,"ix":5},"lc":1,"lj":1,"ml":4,"bm":0,"nm":"Stroke 1","mn":"ADBE Vector Graphic - Stroke","hd":false},{"ty":"fl","c":{"a":0,"k":[0.5,0.5,0.5,1],"ix":4},"o":{"a":0,"k":100,"ix":5},"r":1,"bm":0,"nm":"Fill 1","mn":"ADBE Vector Graphic - Fill","hd":false},{"ty":"tr","p":{"a":0,"k":[-2,-6],"ix":2},"a":{"a":0,"k":[0,0],"ix":1},"s":{"a":0,"k":[100,100],"ix":3},"r":{"a":0,"k":0,"ix":6},"o":{"a":0,"k":100,"ix":7},"sk":{"a":0,"k":0,"ix":4},"sa":{"a":0,"k":0,"ix":5},"nm":"Transform"}],"nm":"Ellipse 1","np":3,"cix":2,"bm":0,"ix":1,"mn":"ADBE Vector Group","hd":false}],"ip":0,"op":300.00001221925,"st":0,"bm":0},{"ddd":0,"ind":2,"ty":4,"nm":"Close - Action Outlines","tt":1,"sr":1,"ks":{"o":{"a":0,"k":100,"ix":11},"r":{"a":0,"k":0,"ix":10},"p":{"a":0,"k":[250,250,0],"ix":2},"a":{"a":0,"k":[24,24,0],"ix":1},"s":{"a":1,"k":[{"i":{"x":[0.667,0.667,0.667],"y":[1,1,1]},"o":{"x":[0.526,0.526,0.333],"y":[-0.194,-0.194,0]},"t":3,"s":[754,754,100]},{"i":{"x":[0.326,0.326,0.833],"y":[1.01,1.01,1]},"o":{"x":[0.333,0.333,0.333],"y":[0,0,0]},"t":8,"s":[783,783,100]},{"i":{"x":[0.667,0.667,0.667],"y":[1,1,1]},"o":{"x":[0.63,0.63,0.167],"y":[-0.002,-0.002,0]},"t":14,"s":[733,733,100]},{"i":{"x":[0.47,0.47,0.833],"y":[0.887,0.887,1]},"o":{"x":[0.672,0.672,0.333],"y":[-0.005,-0.005,0]},"t":20,"s":[771,771,100]},{"i":{"x":[0.675,0.675,0.667],"y":[1.794,1.794,1]},"o":{"x":[0.512,0.512,0.167],"y":[-0.753,-0.753,0]},"t":23,"s":[751.883,751.883,100]},{"i":{"x":[0.551,0.551,0.833],"y":[0.955,0.955,1]},"o":{"x":[0.471,0.471,0.333],"y":[-1.533,-1.533,0]},"t":25,"s":[754,754,100]},{"t":26.0000010590017,"s":[754,754,100]}],"ix":6}},"ao":0,"shapes":[{"ty":"gr","it":[{"ind":0,"ty":"sh","ix":1,"ks":{"a":0,"k":{"i":[[0.722,-0.721],[0,0],[0,0],[0.722,-0.721],[0.473,0],[0.36,0.361],[0,0],[0,0],[0.473,0],[0.361,0.361],[-0.721,0.722],[0,0],[0,0],[-0.721,0.721],[-0.721,-0.721],[0,0],[0,0],[-0.721,-0.721]],"o":[[0,0],[0,0],[0.722,0.722],[-0.36,0.36],[-0.472,0],[0,0],[0,0],[-0.36,0.36],[-0.472,0],[-0.721,-0.721],[0,0],[0,0],[-0.721,-0.721],[0.721,-0.721],[0,0],[0,0],[0.721,-0.721],[0.722,0.721]],"v":[[7.458,-4.758],[2.611,0.09],[7.458,4.938],[7.458,7.549],[6.154,8.09],[4.848,7.549],[-0.001,2.701],[-4.85,7.549],[-6.154,8.09],[-7.46,7.549],[-7.46,4.938],[-2.611,0.09],[-7.46,-4.758],[-7.46,-7.37],[-4.85,-7.37],[-0.001,-2.521],[4.848,-7.37],[7.458,-7.37]],"c":true},"ix":2},"nm":"Path 1","mn":"ADBE Vector Shape - Group","hd":false},{"ty":"fl","c":{"a":0,"k":[1,1,1,1],"ix":4},"o":{"a":0,"k":100,"ix":5},"r":1,"bm":0,"nm":"Fill 1","mn":"ADBE Vector Graphic - Fill","hd":false},{"ty":"tr","p":{"a":0,"k":[24,23.91],"ix":2},"a":{"a":0,"k":[0,0],"ix":1},"s":{"a":1,"k":[{"i":{"x":[0.833,0.833],"y":[1,1]},"o":{"x":[0.333,0.333],"y":[0,0]},"t":3,"s":[100,100]},{"i":{"x":[0.833,0.833],"y":[1,1]},"o":{"x":[0.167,0.167],"y":[0,0]},"t":8,"s":[111,111]},{"i":{"x":[0.833,0.833],"y":[1,1]},"o":{"x":[0.167,0.167],"y":[0,0]},"t":14,"s":[102,102]},{"t":20.0000008146167,"s":[100,100]}],"ix":3},"r":{"a":1,"k":[{"i":{"x":[0.667],"y":[1]},"o":{"x":[0.333],"y":[0]},"t":3,"s":[0]},{"i":{"x":[0.833],"y":[1]},"o":{"x":[0.333],"y":[0]},"t":8,"s":[-21]},{"i":{"x":[0.833],"y":[1]},"o":{"x":[0.167],"y":[0]},"t":14,"s":[7]},{"t":20.0000008146167,"s":[-4]}],"ix":6},"o":{"a":0,"k":100,"ix":7},"sk":{"a":0,"k":0,"ix":4},"sa":{"a":0,"k":0,"ix":5},"nm":"Transform"}],"nm":"Group 1","np":2,"cix":2,"bm":0,"ix":1,"mn":"ADBE Vector Group","hd":false},{"ty":"gr","it":[{"d":1,"ty":"el","s":{"a":0,"k":[44.439,44.439],"ix":2},"p":{"a":0,"k":[0,0],"ix":3},"nm":"Ellipse Path 1","mn":"ADBE Vector Shape - Ellipse","hd":false},{"ty":"st","c":{"a":0,"k":[1,1,1,1],"ix":3},"o":{"a":0,"k":100,"ix":4},"w":{"a":0,"k":0,"ix":5},"lc":1,"lj":1,"ml":4,"bm":0,"nm":"Stroke 1","mn":"ADBE Vector Graphic - Stroke","hd":false},{"ty":"fl","c":{"a":0,"k":[0.2,0.2,0.2,1],"ix":4},"o":{"a":0,"k":100,"ix":5},"r":1,"bm":0,"nm":"Fill 1","mn":"ADBE Vector Graphic - Fill","hd":false},{"ty":"tr","p":{"a":0,"k":[24,24],"ix":2},"a":{"a":0,"k":[0,0],"ix":1},"s":{"a":1,"k":[{"i":{"x":[0.541,0.541],"y":[0.995,0.995]},"o":{"x":[0.013,0.013],"y":[0.703,0.703]},"t":3,"s":[4,4]},{"t":26.0000010590017,"s":[110,110]}],"ix":3},"r":{"a":0,"k":0,"ix":6},"o":{"a":0,"k":100,"ix":7},"sk":{"a":0,"k":0,"ix":4},"sa":{"a":0,"k":0,"ix":5},"nm":"Transform"}],"nm":"Ellipse 1","np":3,"cix":2,"bm":0,"ix":2,"mn":"ADBE Vector Group","hd":false},{"ty":"gr","it":[{"ind":0,"ty":"sh","ix":1,"ks":{"a":0,"k":{"i":[[0,0],[0,0],[0,0],[0,0]],"o":[[0,0],[0,0],[0,0],[0,0]],"v":[[25.207,-23.97],[-23.97,-25.207],[-25.207,23.97],[23.97,25.207]],"c":true},"ix":2},"nm":"Path 1","mn":"ADBE Vector Shape - Group","hd":false},{"ind":1,"ty":"sh","ix":2,"ks":{"a":0,"k":{"i":[[13.255,0],[0,-13.255],[-13.255,0],[0,13.255]],"o":[[-13.255,0],[0,13.255],[13.255,0],[0,-13.255]],"v":[[0,-24],[-24,0],[0,24],[24,0]],"c":true},"ix":2},"nm":"Path 2","mn":"ADBE Vector Shape - Group","hd":false},{"ty":"mm","mm":4,"nm":"Merge Paths 1","mn":"ADBE Vector Filter - Merge","hd":false},{"ty":"gf","o":{"a":0,"k":100,"ix":10},"r":1,"bm":0,"g":{"p":3,"k":{"a":0,"k":[0,0.949,0.6,0.29,0.5,0.935,0.471,0.316,1,0.922,0.341,0.341],"ix":9}},"s":{"a":0,"k":[-20.955,-18.037],"ix":5},"e":{"a":0,"k":[26.525,27.851],"ix":6},"t":1,"nm":"Gradient Fill 2","mn":"ADBE Vector Graphic - G-Fill","hd":false},{"ty":"tr","p":{"a":0,"k":[24,24],"ix":2},"a":{"a":0,"k":[0,0],"ix":1},"s":{"a":0,"k":[100,100],"ix":3},"r":{"a":0,"k":0,"ix":6},"o":{"a":0,"k":100,"ix":7},"sk":{"a":0,"k":0,"ix":4},"sa":{"a":0,"k":0,"ix":5},"nm":"Transform"}],"nm":"Group 2","np":4,"cix":2,"bm":0,"ix":3,"mn":"ADBE Vector Group","hd":false}],"ip":0,"op":300.00001221925,"st":0,"bm":0}],"markers":[]}