{"nm":"Comp 1","ddd":0,"h":500,"w":500,"meta":{"g":"LottieFiles AE 3.1.1"},"layers":[{"ty":4,"nm":"1 - 1","sr":1,"st":0,"op":48,"ip":0,"hd":false,"ddd":0,"bm":0,"hasMask":false,"ao":0,"ks":{"a":{"a":0,"k":[0,0,0],"ix":1},"s":{"a":0,"k":[100,100,100],"ix":6},"sk":{"a":0,"k":0},"p":{"a":0,"k":[250,250,0],"ix":2},"r":{"a":0,"k":0,"ix":10},"sa":{"a":0,"k":0},"o":{"a":1,"k":[{"o":{"x":0.167,"y":0.167},"i":{"x":0.833,"y":0.833},"s":[100],"t":45},{"s":[0],"t":47}],"ix":11}},"ef":[],"shapes":[{"ty":"gr","bm":0,"hd":false,"mn":"ADBE Vector Group","nm":"Shape 1","ix":1,"cix":2,"np":2,"it":[{"ty":"sh","bm":0,"hd":false,"mn":"ADBE Vector Shape - Group","nm":"Path 1","ix":1,"d":1,"ks":{"a":1,"k":[{"o":{"x":0.167,"y":0},"i":{"x":0.833,"y":1},"s":[{"c":true,"i":[[0,0],[0,0],[0,0],[0,0],[0,0],[0,0],[0,0]],"o":[[0,0],[0,0],[0,0],[0,0],[0,0],[0,0],[0,0]],"v":[[149,-283.25],[-0.5,-55.25],[103,-24.5],[-63,171.5],[103.25,-24.25],[-0.5,-55.75],[148.75,-282.5]]}],"t":2},{"o":{"x":0.167,"y":0},"i":{"x":0.833,"y":1},"s":[{"c":true,"i":[[0,0],[0,0],[0,0],[0,0],[0,0],[0,0],[0,0]],"o":[[0,0],[0,0],[0,0],[0,0],[0,0],[0,0],[0,0]],"v":[[224,-271.25],[231.5,-221.25],[23,-79.5],[-1,58.5],[23.25,-79.25],[231.5,-221.75],[223.75,-270.5]]}],"t":3},{"o":{"x":0.167,"y":0},"i":{"x":0.833,"y":1},"s":[{"c":true,"i":[[0,0],[0,0],[0,0],[0,0],[0,0],[0,0],[0,0]],"o":[[0,0],[0,0],[0,0],[0,0],[0,0],[0,0],[0,0]],"v":[[212,-273.25],[258.5,-260.25],[-55,-32.5],[-27,119.5],[-54.75,-32.25],[258.5,-260.75],[211.75,-272.5]]}],"t":4},{"o":{"x":0.167,"y":0},"i":{"x":0.833,"y":1},"s":[{"c":true,"i":[[0,0],[0,0],[0,0],[0,0],[0,0],[0,0],[0,0]],"o":[[0,0],[0,0],[0,0],[0,0],[0,0],[0,0],[0,0]],"v":[[212,-273.25],[212.5,-209.25],[-75,50.5],[-73,197.5],[-74.75,50.75],[212.5,-209.75],[211.75,-272.5]]}],"t":5},{"o":{"x":0.167,"y":0},"i":{"x":0.833,"y":1},"s":[{"c":true,"i":[[0,0],[0,0],[0,0],[0,0],[0,0],[0,0],[0,0]],"o":[[0,0],[0,0],[0,0],[0,0],[0,0],[0,0],[0,0]],"v":[[113,-295.25],[17.5,-104.25],[-92,110.5],[-85,178.5],[-91.75,110.75],[17.5,-104.75],[112.75,-294.5]]}],"t":6},{"o":{"x":0.167,"y":0},"i":{"x":0.833,"y":1},"s":[{"c":true,"i":[[0,0],[0,0],[0,0],[0,0],[0,0],[0,0],[0,0]],"o":[[0,0],[0,0],[0,0],[0,0],[0,0],[0,0],[0,0]],"v":[[173,-268.25],[99.5,-57.25],[-26,-34.5],[-94,170.5],[-25.75,-34.25],[99.5,-57.75],[172.75,-267.5]]}],"t":7},{"o":{"x":0.167,"y":0},"i":{"x":0.833,"y":1},"s":[{"c":true,"i":[[0,0],[0,0],[0,0],[0,0],[0,0],[0,0],[0,0]],"o":[[0,0],[0,0],[0,0],[0,0],[0,0],[0,0],[0,0]],"v":[[143,-279.25],[-29.5,-34.25],[55,-125.5],[-94,170.5],[55.25,-125.25],[-29.5,-34.75],[142.75,-278.5]]}],"t":8},{"o":{"x":0.167,"y":0},"i":{"x":0.833,"y":1},"s":[{"c":true,"i":[[0,0],[0,0],[0,0],[0,0],[0,0],[0,0],[0,0]],"o":[[0,0],[0,0],[0,0],[0,0],[0,0],[0,0],[0,0]],"v":[[135.5,-283.75],[45.5,-177.25],[93,-188.5],[-94,170.5],[93.25,-188.25],[45.5,-177.75],[135.25,-283]]}],"t":9},{"o":{"x":0.167,"y":0},"i":{"x":0.833,"y":1},"s":[{"c":true,"i":[[0,0],[0,0],[0,0],[0,0],[0,0],[0,0],[0,0]],"o":[[0,0],[0,0],[0,0],[0,0],[0,0],[0,0],[0,0]],"v":[[123,-295],[-20,-75],[55.25,-74.75],[-94,170.5],[108,-103.5],[30,-103.25],[152.5,-276]]}],"t":10},{"o":{"x":0.167,"y":0},"i":{"x":0.833,"y":1},"s":[{"c":true,"i":[[0,0],[0,0],[0,0],[0,0],[0,0],[0,0],[0,0]],"o":[[0,0],[0,0],[0,0],[0,0],[0,0],[0,0],[0,0]],"v":[[19,-190],[-93,24],[-24.75,24.25],[-94,170.5],[84,-29.5],[4.5,-29.25],[100,-189.5]]}],"t":11},{"o":{"x":0.167,"y":0},"i":{"x":0.833,"y":1},"s":[{"c":true,"i":[[0,0],[0,0],[0,0],[0,0],[0,0],[0,0],[0,0]],"o":[[0,0],[0,0],[0,0],[0,0],[0,0],[0,0],[0,0]],"v":[[-4,-170],[-105,43],[-38.75,42.25],[-94,170.5],[78,-12.5],[-1.5,-13.25],[87.5,-169]]}],"t":12},{"o":{"x":0.167,"y":0},"i":{"x":0.833,"y":1},"s":[{"c":true,"i":[[0,0],[0,0],[0,0],[0,0],[0,0],[0,0],[0,0]],"o":[[0,0],[0,0],[0,0],[0,0],[0,0],[0,0],[0,0]],"v":[[-4,-170],[-92,5],[-25.75,7.25],[-94,170.5],[94,-52.5],[17,-54],[87.5,-169]]}],"t":17},{"o":{"x":0.167,"y":0},"i":{"x":0.833,"y":1},"s":[{"c":true,"i":[[0,0],[0,0],[0,0],[0,0],[0,0],[0,0],[0,0]],"o":[[0,0],[0,0],[0,0],[0,0],[0,0],[0,0],[0,0]],"v":[[-4,-170],[-92,5],[-25.75,7.25],[-94,170.5],[94,-52.5],[17,-54],[87.5,-169]]}],"t":32},{"o":{"x":0.167,"y":0},"i":{"x":0.833,"y":1},"s":[{"c":true,"i":[[0,0],[0,0],[0,0],[0,0],[0,0],[0,0],[0,0]],"o":[[0,0],[0,0],[0,0],[0,0],[0,0],[0,0],[0,0]],"v":[[3.5,-164],[-90,10.5],[-19.75,10.75],[-94,170.5],[70.5,-36],[-7,-35.5],[76.5,-164.5]]}],"t":33},{"o":{"x":0.167,"y":0},"i":{"x":0.833,"y":1},"s":[{"c":true,"i":[[0,0],[0,0],[0,0],[0,0],[0,0],[0,0],[0,0]],"o":[[0,0],[0,0],[0,0],[0,0],[0,0],[0,0],[0,0]],"v":[[16,-153.75],[-87.5,16],[-13.25,15.75],[-94,170.5],[39.5,-11],[-38.5,-11],[57,-153.5]]}],"t":34},{"o":{"x":0.167,"y":0},"i":{"x":0.833,"y":1},"s":[{"c":true,"i":[[0,0],[0,0],[0,0],[0,0],[0,0],[0,0],[0,0]],"o":[[0,0],[0,0],[0,0],[0,0],[0,0],[0,0],[0,0]],"v":[[31,-147.25],[-83.5,20],[-1.25,19.75],[-94,170.5],[10,14],[-72,13.5],[45.5,-147.5]]}],"t":35},{"o":{"x":0.167,"y":0},"i":{"x":0.833,"y":1},"s":[{"c":true,"i":[[0,0],[0,0],[0,0],[0,0],[0,0],[0,0],[0,0]],"o":[[0,0],[0,0],[0,0],[0,0],[0,0],[0,0],[0,0]],"v":[[35.5,-144.75],[-94,31],[-14.25,49.75],[-94,170.5],[-12.5,49],[-92.5,31],[36.5,-144.5]]}],"t":36},{"o":{"x":0.167,"y":0},"i":{"x":0.833,"y":1},"s":[{"c":true,"i":[[0,0],[0,0],[0,0],[0,0],[0,0],[0,0],[0,0]],"o":[[0,0],[0,0],[0,0],[0,0],[0,0],[0,0],[0,0]],"v":[[35.5,-144.75],[-138.5,59.25],[-49.25,130.75],[-94,170.5],[-47.5,130],[-137,59.25],[36.5,-144.5]]}],"t":37},{"o":{"x":0.167,"y":0},"i":{"x":0.833,"y":1},"s":[{"c":true,"i":[[0,0],[0,0],[0,0],[0,0],[0,0],[0,0],[0,0]],"o":[[0,0],[0,0],[0,0],[0,0],[0,0],[0,0],[0,0]],"v":[[6.5,-70.75],[-71,86.25],[-124.25,133.75],[-94,170.5],[-122.5,133],[-69.5,86.25],[7.5,-70.5]]}],"t":38},{"o":{"x":0.167,"y":0},"i":{"x":0.833,"y":1},"s":[{"c":true,"i":[[0,0],[0,0],[0,0],[0,0],[0,0],[0,0],[0,0]],"o":[[0,0],[0,0],[0,0],[0,0],[0,0],[0,0],[0,0]],"v":[[-21.5,-42.75],[-52,125.25],[-101.25,147.75],[-94,170.5],[-101,147],[-51.5,124.75],[-20.5,-42.5]]}],"t":39},{"o":{"x":0.167,"y":0},"i":{"x":0.833,"y":1},"s":[{"c":true,"i":[[0,0],[0,0],[0,0],[0,0],[0,0],[0,0],[0,0]],"o":[[0,0],[0,0],[0,0],[0,0],[0,0],[0,0],[0,0]],"v":[[-26,-36.25],[-5.5,53.25],[-57.75,148.75],[-94,170.5],[-57.5,148],[-5,52.75],[-25,-36]]}],"t":40},{"o":{"x":0.167,"y":0},"i":{"x":0.833,"y":1},"s":[{"c":true,"i":[[0,0],[0,0],[0,0],[0,0],[0,0],[0,0],[0,0]],"o":[[0,0],[0,0],[0,0],[0,0],[0,0],[0,0],[0,0]],"v":[[-50,72.75],[-77.5,132.25],[-78.25,149.75],[-94,170.5],[-78,150],[-77,131.75],[-49,73]]}],"t":41},{"o":{"x":0.167,"y":0},"i":{"x":0.833,"y":1},"s":[{"c":true,"i":[[0,0],[0,0],[0,0],[0,0],[0,0],[0,0],[0,0]],"o":[[0,0],[0,0],[0,0],[0,0],[0,0],[0,0],[0,0]],"v":[[-81.5,117.5],[-86.5,141.25],[-80.5,156.5],[-94,170.5],[-80.25,156.75],[-86.25,141.25],[-81.25,117.25]]}],"t":42},{"o":{"x":0.167,"y":0},"i":{"x":0.833,"y":1},"s":[{"c":true,"i":[[0,0],[0,0],[0,0],[0,0],[0,0],[0,0],[0,0]],"o":[[0,0],[0,0],[0,0],[0,0],[0,0],[0,0],[0,0]],"v":[[-75,129.25],[-80.5,149.25],[-96.75,160.5],[-94,170.5],[-96.5,160.75],[-80.25,149.25],[-74.75,129]]}],"t":43},{"o":{"x":0.167,"y":0},"i":{"x":0.833,"y":1},"s":[{"c":true,"i":[[0,0],[0,0],[0,0],[0,0],[0,0],[0,0],[0,0]],"o":[[0,0],[0,0],[0,0],[0,0],[0,0],[0,0],[0,0]],"v":[[-85.25,142.5],[-87.25,155],[-95,163.25],[-94,170.5],[-94.75,163.5],[-87,155],[-85,142.25]]}],"t":44},{"s":[{"c":true,"i":[[0,0],[0,0],[0,0],[0,0],[0,0],[0,0],[0,0]],"o":[[0,0],[0,0],[0,0],[0,0],[0,0],[0,0],[0,0]],"v":[[-89.75,161.5],[-87.5,167.5],[-96.5,170.25],[-90.75,174.25],[-96.5,169.75],[-87.25,167.5],[-89.5,161.25]]}],"t":45}],"ix":2}},{"ty":"st","bm":0,"hd":false,"mn":"ADBE Vector Graphic - Stroke","nm":"Stroke 1","lc":2,"lj":2,"ml":1,"o":{"a":0,"k":100,"ix":4},"w":{"a":0,"k":8,"ix":5},"c":{"a":0,"k":[0.9647,0.7961,0.2784],"ix":3}},{"ty":"tr","a":{"a":0,"k":[0,0],"ix":1},"s":{"a":0,"k":[100,100],"ix":3},"sk":{"a":0,"k":0,"ix":4},"p":{"a":0,"k":[0,0],"ix":2},"r":{"a":0,"k":0,"ix":6},"sa":{"a":0,"k":0,"ix":5},"o":{"a":0,"k":100,"ix":7}}]}],"ind":1},{"ty":4,"nm":"1 - 2","sr":1,"st":0,"op":48,"ip":0,"hd":false,"ddd":0,"bm":0,"hasMask":false,"ao":0,"ks":{"a":{"a":0,"k":[0,0,0],"ix":1},"s":{"a":0,"k":[100,100,100],"ix":6},"sk":{"a":0,"k":0},"p":{"a":0,"k":[250,250,0],"ix":2},"r":{"a":0,"k":0,"ix":10},"sa":{"a":0,"k":0},"o":{"a":1,"k":[{"o":{"x":0.167,"y":0.167},"i":{"x":0.833,"y":0.833},"s":[100],"t":45},{"s":[0],"t":47}],"ix":11}},"ef":[],"shapes":[{"ty":"gr","bm":0,"hd":false,"mn":"ADBE Vector Group","nm":"Shape 1","ix":1,"cix":2,"np":2,"it":[{"ty":"sh","bm":0,"hd":false,"mn":"ADBE Vector Shape - Group","nm":"Path 1","ix":1,"d":1,"ks":{"a":1,"k":[{"o":{"x":0.167,"y":0},"i":{"x":0.833,"y":1},"s":[{"c":true,"i":[[0,0],[0,0],[0,0],[0,0],[0,0],[0,0],[0,0]],"o":[[0,0],[0,0],[0,0],[0,0],[0,0],[0,0],[0,0]],"v":[[149,-283.25],[-0.5,-55.25],[103,-24.5],[-63,171.5],[103.25,-24.25],[-0.5,-55.75],[148.75,-282.5]]}],"t":2},{"o":{"x":0.167,"y":0},"i":{"x":0.833,"y":1},"s":[{"c":true,"i":[[0,0],[0,0],[0,0],[0,0],[0,0],[0,0],[0,0]],"o":[[0,0],[0,0],[0,0],[0,0],[0,0],[0,0],[0,0]],"v":[[224,-271.25],[231.5,-221.25],[23,-79.5],[-1,58.5],[23.25,-79.25],[231.5,-221.75],[223.75,-270.5]]}],"t":3},{"o":{"x":0.167,"y":0},"i":{"x":0.833,"y":1},"s":[{"c":true,"i":[[0,0],[0,0],[0,0],[0,0],[0,0],[0,0],[0,0]],"o":[[0,0],[0,0],[0,0],[0,0],[0,0],[0,0],[0,0]],"v":[[212,-273.25],[258.5,-260.25],[-55,-32.5],[-27,119.5],[-54.75,-32.25],[258.5,-260.75],[211.75,-272.5]]}],"t":4},{"o":{"x":0.167,"y":0},"i":{"x":0.833,"y":1},"s":[{"c":true,"i":[[0,0],[0,0],[0,0],[0,0],[0,0],[0,0],[0,0]],"o":[[0,0],[0,0],[0,0],[0,0],[0,0],[0,0],[0,0]],"v":[[212,-273.25],[212.5,-209.25],[-75,50.5],[-73,197.5],[-74.75,50.75],[212.5,-209.75],[211.75,-272.5]]}],"t":5},{"o":{"x":0.167,"y":0},"i":{"x":0.833,"y":1},"s":[{"c":true,"i":[[0,0],[0,0],[0,0],[0,0],[0,0],[0,0],[0,0]],"o":[[0,0],[0,0],[0,0],[0,0],[0,0],[0,0],[0,0]],"v":[[113,-295.25],[17.5,-104.25],[-92,110.5],[-85,178.5],[-91.75,110.75],[17.5,-104.75],[112.75,-294.5]]}],"t":6},{"o":{"x":0.167,"y":0},"i":{"x":0.833,"y":1},"s":[{"c":true,"i":[[0,0],[0,0],[0,0],[0,0],[0,0],[0,0],[0,0]],"o":[[0,0],[0,0],[0,0],[0,0],[0,0],[0,0],[0,0]],"v":[[173,-268.25],[99.5,-57.25],[-26,-34.5],[-94,170.5],[-25.75,-34.25],[99.5,-57.75],[172.75,-267.5]]}],"t":7},{"o":{"x":0.167,"y":0},"i":{"x":0.833,"y":1},"s":[{"c":true,"i":[[0,0],[0,0],[0,0],[0,0],[0,0],[0,0],[0,0]],"o":[[0,0],[0,0],[0,0],[0,0],[0,0],[0,0],[0,0]],"v":[[143,-279.25],[-29.5,-34.25],[55,-125.5],[-94,170.5],[55.25,-125.25],[-29.5,-34.75],[142.75,-278.5]]}],"t":8},{"o":{"x":0.167,"y":0},"i":{"x":0.833,"y":1},"s":[{"c":true,"i":[[0,0],[0,0],[0,0],[0,0],[0,0],[0,0],[0,0]],"o":[[0,0],[0,0],[0,0],[0,0],[0,0],[0,0],[0,0]],"v":[[135.5,-283.75],[45.5,-177.25],[93,-188.5],[-94,170.5],[93.25,-188.25],[45.5,-177.75],[135.25,-283]]}],"t":9},{"o":{"x":0.167,"y":0},"i":{"x":0.833,"y":1},"s":[{"c":true,"i":[[0,0],[0,0],[0,0],[0,0],[0,0],[0,0],[0,0]],"o":[[0,0],[0,0],[0,0],[0,0],[0,0],[0,0],[0,0]],"v":[[123,-295],[-20,-75],[55.25,-74.75],[-94,170.5],[108,-103.5],[30,-103.25],[152.5,-276]]}],"t":10},{"o":{"x":0.167,"y":0},"i":{"x":0.833,"y":1},"s":[{"c":true,"i":[[0,0],[0,0],[0,0],[0,0],[0,0],[0,0],[0,0]],"o":[[0,0],[0,0],[0,0],[0,0],[0,0],[0,0],[0,0]],"v":[[19,-190],[-93,24],[-24.75,24.25],[-94,170.5],[84,-29.5],[4.5,-29.25],[100,-189.5]]}],"t":11},{"o":{"x":0.167,"y":0},"i":{"x":0.833,"y":1},"s":[{"c":true,"i":[[0,0],[0,0],[0,0],[0,0],[0,0],[0,0],[0,0]],"o":[[0,0],[0,0],[0,0],[0,0],[0,0],[0,0],[0,0]],"v":[[-4,-170],[-105,43],[-38.75,42.25],[-94,170.5],[78,-12.5],[-1.5,-13.25],[87.5,-169]]}],"t":12},{"o":{"x":0.167,"y":0},"i":{"x":0.833,"y":1},"s":[{"c":true,"i":[[0,0],[0,0],[0,0],[0,0],[0,0],[0,0],[0,0]],"o":[[0,0],[0,0],[0,0],[0,0],[0,0],[0,0],[0,0]],"v":[[-4,-170],[-92,5],[-25.75,7.25],[-94,170.5],[94,-52.5],[17,-54],[87.5,-169]]}],"t":17},{"o":{"x":0.167,"y":0},"i":{"x":0.833,"y":1},"s":[{"c":true,"i":[[0,0],[0,0],[0,0],[0,0],[0,0],[0,0],[0,0]],"o":[[0,0],[0,0],[0,0],[0,0],[0,0],[0,0],[0,0]],"v":[[-4,-170],[-92,5],[-25.75,7.25],[-94,170.5],[94,-52.5],[17,-54],[87.5,-169]]}],"t":32},{"o":{"x":0.167,"y":0},"i":{"x":0.833,"y":1},"s":[{"c":true,"i":[[0,0],[0,0],[0,0],[0,0],[0,0],[0,0],[0,0]],"o":[[0,0],[0,0],[0,0],[0,0],[0,0],[0,0],[0,0]],"v":[[3.5,-164],[-90,10.5],[-19.75,10.75],[-94,170.5],[70.5,-36],[-7,-35.5],[76.5,-164.5]]}],"t":33},{"o":{"x":0.167,"y":0},"i":{"x":0.833,"y":1},"s":[{"c":true,"i":[[0,0],[0,0],[0,0],[0,0],[0,0],[0,0],[0,0]],"o":[[0,0],[0,0],[0,0],[0,0],[0,0],[0,0],[0,0]],"v":[[16,-153.75],[-87.5,16],[-13.25,15.75],[-94,170.5],[39.5,-11],[-38.5,-11],[57,-153.5]]}],"t":34},{"o":{"x":0.167,"y":0},"i":{"x":0.833,"y":1},"s":[{"c":true,"i":[[0,0],[0,0],[0,0],[0,0],[0,0],[0,0],[0,0]],"o":[[0,0],[0,0],[0,0],[0,0],[0,0],[0,0],[0,0]],"v":[[31,-147.25],[-83.5,20],[-1.25,19.75],[-94,170.5],[10,14],[-72,13.5],[45.5,-147.5]]}],"t":35},{"o":{"x":0.167,"y":0},"i":{"x":0.833,"y":1},"s":[{"c":true,"i":[[0,0],[0,0],[0,0],[0,0],[0,0],[0,0],[0,0]],"o":[[0,0],[0,0],[0,0],[0,0],[0,0],[0,0],[0,0]],"v":[[35.5,-144.75],[-94,31],[-14.25,49.75],[-94,170.5],[-12.5,49],[-92.5,31],[36.5,-144.5]]}],"t":36},{"o":{"x":0.167,"y":0},"i":{"x":0.833,"y":1},"s":[{"c":true,"i":[[0,0],[0,0],[0,0],[0,0],[0,0],[0,0],[0,0]],"o":[[0,0],[0,0],[0,0],[0,0],[0,0],[0,0],[0,0]],"v":[[35.5,-144.75],[-138.5,59.25],[-49.25,130.75],[-94,170.5],[-47.5,130],[-137,59.25],[36.5,-144.5]]}],"t":37},{"o":{"x":0.167,"y":0},"i":{"x":0.833,"y":1},"s":[{"c":true,"i":[[0,0],[0,0],[0,0],[0,0],[0,0],[0,0],[0,0]],"o":[[0,0],[0,0],[0,0],[0,0],[0,0],[0,0],[0,0]],"v":[[6.5,-70.75],[-71,86.25],[-124.25,133.75],[-94,170.5],[-122.5,133],[-69.5,86.25],[7.5,-70.5]]}],"t":38},{"o":{"x":0.167,"y":0},"i":{"x":0.833,"y":1},"s":[{"c":true,"i":[[0,0],[0,0],[0,0],[0,0],[0,0],[0,0],[0,0]],"o":[[0,0],[0,0],[0,0],[0,0],[0,0],[0,0],[0,0]],"v":[[-21.5,-42.75],[-52,125.25],[-101.25,147.75],[-94,170.5],[-101,147],[-51.5,124.75],[-20.5,-42.5]]}],"t":39},{"o":{"x":0.167,"y":0},"i":{"x":0.833,"y":1},"s":[{"c":true,"i":[[0,0],[0,0],[0,0],[0,0],[0,0],[0,0],[0,0]],"o":[[0,0],[0,0],[0,0],[0,0],[0,0],[0,0],[0,0]],"v":[[-26,-36.25],[-5.5,53.25],[-57.75,148.75],[-94,170.5],[-57.5,148],[-5,52.75],[-25,-36]]}],"t":40},{"o":{"x":0.167,"y":0},"i":{"x":0.833,"y":1},"s":[{"c":true,"i":[[0,0],[0,0],[0,0],[0,0],[0,0],[0,0],[0,0]],"o":[[0,0],[0,0],[0,0],[0,0],[0,0],[0,0],[0,0]],"v":[[-50,72.75],[-77.5,132.25],[-78.25,149.75],[-94,170.5],[-78,150],[-77,131.75],[-49,73]]}],"t":41},{"o":{"x":0.167,"y":0},"i":{"x":0.833,"y":1},"s":[{"c":true,"i":[[0,0],[0,0],[0,0],[0,0],[0,0],[0,0],[0,0]],"o":[[0,0],[0,0],[0,0],[0,0],[0,0],[0,0],[0,0]],"v":[[-81.5,117.5],[-86.5,141.25],[-80.5,156.5],[-94,170.5],[-80.25,156.75],[-86.25,141.25],[-81.25,117.25]]}],"t":42},{"o":{"x":0.167,"y":0},"i":{"x":0.833,"y":1},"s":[{"c":true,"i":[[0,0],[0,0],[0,0],[0,0],[0,0],[0,0],[0,0]],"o":[[0,0],[0,0],[0,0],[0,0],[0,0],[0,0],[0,0]],"v":[[-75,129.25],[-80.5,149.25],[-96.75,160.5],[-94,170.5],[-96.5,160.75],[-80.25,149.25],[-74.75,129]]}],"t":43},{"o":{"x":0.167,"y":0},"i":{"x":0.833,"y":1},"s":[{"c":true,"i":[[0,0],[0,0],[0,0],[0,0],[0,0],[0,0],[0,0]],"o":[[0,0],[0,0],[0,0],[0,0],[0,0],[0,0],[0,0]],"v":[[-85.25,142.5],[-87.25,155],[-95,163.25],[-94,170.5],[-94.75,163.5],[-87,155],[-85,142.25]]}],"t":44},{"s":[{"c":true,"i":[[0,0],[0,0],[0,0],[0,0],[0,0],[0,0],[0,0]],"o":[[0,0],[0,0],[0,0],[0,0],[0,0],[0,0],[0,0]],"v":[[-89.75,161.5],[-87.5,167.5],[-96.5,170.25],[-90.75,174.25],[-96.5,169.75],[-87.25,167.5],[-89.5,161.25]]}],"t":45}],"ix":2}},{"ty":"fl","bm":0,"hd":false,"mn":"ADBE Vector Graphic - Fill","nm":"Fill 1","c":{"a":0,"k":[0.9647,0.7961,0.2784],"ix":4},"r":1,"o":{"a":0,"k":100,"ix":5}},{"ty":"tr","a":{"a":0,"k":[0,0],"ix":1},"s":{"a":0,"k":[100,100],"ix":3},"sk":{"a":0,"k":0,"ix":4},"p":{"a":0,"k":[0,0],"ix":2},"r":{"a":0,"k":0,"ix":6},"sa":{"a":0,"k":0,"ix":5},"o":{"a":0,"k":100,"ix":7}}]}],"ind":2}],"v":"4.8.0","fr":30,"op":48,"ip":0,"assets":[]}