{"nm":"TCFMLAY 2","ddd":0,"h":500,"w":500,"meta":{"g":"@lottiefiles/toolkit-js 0.26.1"},"layers":[{"ty":4,"nm":"Layer 5","sr":1,"st":90,"op":180,"ip":90,"hd":false,"ddd":0,"bm":0,"hasMask":false,"ao":1,"ks":{"a":{"a":0,"k":[352.391,-186.81,0],"ix":1},"s":{"a":0,"k":[100,100,100],"ix":6},"sk":{"a":0,"k":0},"p":{"a":1,"k":[{"o":{"x":0.167,"y":0.167},"i":{"x":0.562,"y":0.562},"s":[293.25,-209,0],"t":90,"ti":[25,-81,0],"to":[36,-4.25,0]},{"o":{"x":0.312,"y":0.312},"i":{"x":0.653,"y":0.653},"s":[372,-112,0],"t":111.453,"ti":[26.378,-10.909,0],"to":[-14.969,48.5,0]},{"o":{"x":0.333,"y":0.333},"i":{"x":0.671,"y":0.671},"s":[280.5,-21.75,0],"t":129.928,"ti":[20,19.5,0],"to":[-40.5,16.75,0]},{"o":{"x":0.353,"y":0.353},"i":{"x":0.697,"y":0.697},"s":[176.5,-35,0],"t":145.322,"ti":[-55.25,64.5,0],"to":[-7.359,-7.175,0]},{"o":{"x":0.44,"y":0.44},"i":{"x":0.833,"y":0.833},"s":[191,-151.75,0],"t":163.333,"ti":[-22.758,2.687,0],"to":[31,-36.25,0]},{"s":[293.25,-209,0],"t":180}],"ix":2},"r":{"a":0,"k":-36,"ix":10},"sa":{"a":0,"k":0},"o":{"a":0,"k":100,"ix":11}},"ef":[],"shapes":[{"ty":"gr","bm":0,"hd":false,"mn":"ADBE Vector Group","nm":"Group 1","ix":1,"cix":2,"np":2,"it":[{"ty":"sh","bm":0,"hd":false,"mn":"ADBE Vector Shape - Group","nm":"Path 1","ix":1,"d":1,"ks":{"a":0,"k":{"c":true,"i":[[0,0],[0.297,0.169],[0,0],[0.02,0.287],[-0.226,0.179],[0,0],[0,0],[0,0],[-0.219,0.175],[-0.209,-0.188],[0,0],[0,0],[0,0],[-0.274,-0.089],[-0.077,-0.277],[0,0],[0.234,-0.216],[0,0],[-0.594,-0.039],[1.255,4.067],[-0.201,0.124],[-0.169,-0.165],[2.383,-9.249],[-0.246,-6.749],[0.653,-0.512],[0.798,0.228],[13.036,16.004],[1.907,3.276],[-0.167,0.167],[-0.202,-0.124],[-3.236,0.087],[-0.503,0.394]],"o":[[-0.272,0.204],[0,0],[-0.248,-0.143],[-0.022,-0.287],[0,0],[0,0],[0,0],[-0.133,-0.249],[0.222,-0.171],[0,0],[0,0],[0,0],[0.227,-0.176],[0.272,0.088],[0,0],[0.088,0.313],[0,0],[0.503,-0.394],[0.864,-3.12],[-0.07,-0.226],[0.201,-0.122],[2.72,2.64],[12.391,16.507],[0.03,0.829],[-0.654,0.51],[-6.489,-1.865],[-9.548,0.085],[-0.117,-0.203],[0.167,-0.166],[3.645,2.199],[0.106,-0.588],[0,0]],"v":[[339.363,-190.948],[338.446,-190.891],[335.702,-192.456],[335.283,-193.123],[335.6,-193.843],[343.574,-200.078],[343.038,-201.085],[341.948,-203.133],[342.1,-203.856],[342.838,-203.829],[344.563,-202.278],[345.412,-201.515],[353.384,-207.753],[354.159,-207.887],[354.702,-207.32],[355.563,-204.279],[355.323,-203.435],[356.869,-204.643],[358.576,-205.171],[358.691,-216.417],[358.912,-217.004],[359.533,-216.934],[365.016,-198.607],[379.643,-159.143],[378.683,-157.076],[376.446,-156.642],[341.673,-180.347],[325.207,-190.084],[325.29,-190.705],[325.913,-190.777],[336.854,-188.178],[337.779,-189.708]]},"ix":2}},{"ty":"fl","bm":0,"hd":false,"mn":"ADBE Vector Graphic - Fill","nm":"Fill 1","c":{"a":0,"k":[0.7373,0.7529,0.7922],"ix":4},"r":1,"o":{"a":0,"k":100,"ix":5}},{"ty":"tr","a":{"a":0,"k":[0,0],"ix":1},"s":{"a":0,"k":[100,100],"ix":3},"sk":{"a":0,"k":0,"ix":4},"p":{"a":0,"k":[0,0],"ix":2},"r":{"a":0,"k":0,"ix":6},"sa":{"a":0,"k":0,"ix":5},"o":{"a":0,"k":100,"ix":7}}]}],"ind":1,"parent":3},{"ty":4,"nm":"Shape Layer 1","sr":1,"st":0,"op":180,"ip":0,"hd":false,"ddd":0,"bm":0,"hasMask":false,"ao":0,"ks":{"a":{"a":0,"k":[268.594,-111.463,0],"ix":1},"s":{"a":0,"k":[100,100,100],"ix":6},"sk":{"a":0,"k":0},"p":{"a":0,"k":[268.594,-111.463,0],"ix":2},"r":{"a":0,"k":0,"ix":10},"sa":{"a":0,"k":0},"o":{"a":0,"k":100,"ix":11}},"ef":[],"shapes":[{"ty":"gr","bm":0,"hd":false,"mn":"ADBE Vector Group","nm":"Shape 1","ix":1,"cix":2,"np":3,"it":[{"ty":"sh","bm":0,"hd":false,"mn":"ADBE Vector Shape - Group","nm":"Path 1","ix":1,"d":1,"ks":{"a":0,"k":{"c":true,"i":[[36,-4.25],[31,-36.25],[-7.359,-7.175],[-40.5,16.75],[-14.969,48.5]],"o":[[-22.758,2.687],[-55.25,64.5],[20,19.5],[26.378,-10.909],[25,-81]],"v":[[293.25,-209],[191,-151.75],[176.5,-35],[280.5,-21.75],[372,-112]]},"ix":2}},{"ty":"st","bm":0,"hd":false,"mn":"ADBE Vector Graphic - Stroke","nm":"Stroke 1","lc":2,"lj":1,"ml":4,"o":{"a":0,"k":100,"ix":4},"w":{"a":0,"k":3,"ix":5},"d":[{"nm":"dash","n":"d","v":{"a":0,"k":10,"ix":1}},{"nm":"offset","n":"o","v":{"a":1,"k":[{"o":{"x":0.167,"y":0.167},"i":{"x":0.833,"y":0.833},"s":[0],"t":0},{"s":[360],"t":179}],"ix":7}}],"c":{"a":0,"k":[0.1843,0.2392,0.2824],"ix":3}},{"ty":"tr","a":{"a":0,"k":[0,0],"ix":1},"s":{"a":0,"k":[100,100],"ix":3},"sk":{"a":0,"k":0,"ix":4},"p":{"a":0,"k":[0,0],"ix":2},"r":{"a":0,"k":0,"ix":6},"sa":{"a":0,"k":0,"ix":5},"o":{"a":0,"k":100,"ix":7}}]}],"ind":2,"parent":3},{"ty":4,"nm":"Layer 3","sr":1,"st":0,"op":180,"ip":0,"hd":false,"ddd":0,"bm":0,"hasMask":false,"ao":0,"ks":{"a":{"a":0,"k":[281.207,-64.87,0],"ix":1},"s":{"a":0,"k":[139,139,100],"ix":6},"sk":{"a":0,"k":0},"p":{"a":1,"k":[{"o":{"x":0.333,"y":0},"i":{"x":0.667,"y":1},"s":[243.207,283.13,0],"t":0,"ti":[0,0,0],"to":[0,-3.822,0]},{"o":{"x":0.333,"y":0},"i":{"x":0.667,"y":1},"s":[243.207,260.195,0],"t":45,"ti":[0,-3.822,0],"to":[0,0,0]},{"o":{"x":0.185,"y":0},"i":{"x":0.667,"y":1},"s":[243.207,283.13,0],"t":90,"ti":[0,0,0],"to":[0,0,0]},{"o":{"x":0.333,"y":0},"i":{"x":0.667,"y":1},"s":[243.207,260.195,0],"t":135,"ti":[0,-3.822,0],"to":[0,0,0]},{"s":[243.207,283.13,0],"t":180}],"ix":2},"r":{"a":0,"k":0,"ix":10},"sa":{"a":0,"k":0},"o":{"a":0,"k":100,"ix":11}},"ef":[],"shapes":[{"ty":"gr","bm":0,"hd":false,"mn":"ADBE Vector Group","nm":"Group 1","ix":1,"cix":2,"np":2,"it":[{"ty":"sh","bm":0,"hd":false,"mn":"ADBE Vector Shape - Group","nm":"Path 1","ix":1,"d":1,"ks":{"a":0,"k":{"c":true,"i":[[1.359,-2.787],[-2.787,-1.357],[-1.358,2.788],[2.787,1.359]],"o":[[-1.358,2.788],[2.787,1.359],[1.359,-2.788],[-2.787,-1.357]],"v":[[230.392,-146.716],[232.979,-139.21],[240.485,-141.797],[237.898,-149.304]]},"ix":2}},{"ty":"fl","bm":0,"hd":false,"mn":"ADBE Vector Graphic - Fill","nm":"Fill 1","c":{"a":0,"k":[1,0.8627,0.3098],"ix":4},"r":1,"o":{"a":0,"k":100,"ix":5}},{"ty":"tr","a":{"a":0,"k":[0,0],"ix":1},"s":{"a":0,"k":[100,100],"ix":3},"sk":{"a":0,"k":0,"ix":4},"p":{"a":0,"k":[0,0],"ix":2},"r":{"a":0,"k":0,"ix":6},"sa":{"a":0,"k":0,"ix":5},"o":{"a":0,"k":100,"ix":7}}]},{"ty":"gr","bm":0,"hd":false,"mn":"ADBE Vector Group","nm":"Group 2","ix":2,"cix":2,"np":2,"it":[{"ty":"sh","bm":0,"hd":false,"mn":"ADBE Vector Shape - Group","nm":"Path 1","ix":1,"d":1,"ks":{"a":0,"k":{"c":true,"i":[[1.994,-4.091],[-4.09,-1.994],[-1.994,4.091],[4.091,1.994]],"o":[[-1.993,4.092],[4.092,1.993],[1.993,-4.092],[-4.09,-1.993]],"v":[[226.542,-149.135],[230.339,-138.115],[241.357,-141.914],[237.559,-152.933]]},"ix":2}},{"ty":"fl","bm":0,"hd":false,"mn":"ADBE Vector Graphic - Fill","nm":"Fill 1","c":{"a":0,"k":[1,0.7804,0.3098],"ix":4},"r":1,"o":{"a":0,"k":100,"ix":5}},{"ty":"tr","a":{"a":0,"k":[0,0],"ix":1},"s":{"a":0,"k":[100,100],"ix":3},"sk":{"a":0,"k":0,"ix":4},"p":{"a":0,"k":[0,0],"ix":2},"r":{"a":0,"k":0,"ix":6},"sa":{"a":0,"k":0,"ix":5},"o":{"a":0,"k":100,"ix":7}}]},{"ty":"gr","bm":0,"hd":false,"mn":"ADBE Vector Group","nm":"Group 3","ix":3,"cix":2,"np":2,"it":[{"ty":"sh","bm":0,"hd":false,"mn":"ADBE Vector Shape - Group","nm":"Path 1","ix":1,"d":1,"ks":{"a":0,"k":{"c":true,"i":[[2.315,-6.4],[6.399,2.315],[-2.315,6.4],[-6.399,-2.315]],"o":[[-2.315,6.398],[-6.399,-2.315],[2.315,-6.4],[6.398,2.315]],"v":[[327.509,-74.844],[311.733,-67.448],[304.338,-83.227],[320.114,-90.623]]},"ix":2}},{"ty":"fl","bm":0,"hd":false,"mn":"ADBE Vector Graphic - Fill","nm":"Fill 1","c":{"a":0,"k":[1,0.8627,0.3098],"ix":4},"r":1,"o":{"a":0,"k":100,"ix":5}},{"ty":"tr","a":{"a":0,"k":[0,0],"ix":1},"s":{"a":0,"k":[100,100],"ix":3},"sk":{"a":0,"k":0,"ix":4},"p":{"a":0,"k":[0,0],"ix":2},"r":{"a":0,"k":0,"ix":6},"sa":{"a":0,"k":0,"ix":5},"o":{"a":0,"k":100,"ix":7}}]},{"ty":"gr","bm":0,"hd":false,"mn":"ADBE Vector Group","nm":"Group 4","ix":4,"cix":2,"np":2,"it":[{"ty":"sh","bm":0,"hd":false,"mn":"ADBE Vector Shape - Group","nm":"Path 1","ix":1,"d":1,"ks":{"a":0,"k":{"c":true,"i":[[3.397,-9.394],[9.393,3.398],[-3.398,9.393],[-9.391,-3.397]],"o":[[-3.398,9.393],[-9.391,-3.398],[3.397,-9.394],[9.393,3.398]],"v":[[337.201,-72.476],[314.043,-61.62],[303.189,-84.779],[326.345,-95.636]]},"ix":2}},{"ty":"fl","bm":0,"hd":false,"mn":"ADBE Vector Graphic - Fill","nm":"Fill 1","c":{"a":0,"k":[1,0.7804,0.3098],"ix":4},"r":1,"o":{"a":0,"k":100,"ix":5}},{"ty":"tr","a":{"a":0,"k":[0,0],"ix":1},"s":{"a":0,"k":[100,100],"ix":3},"sk":{"a":0,"k":0,"ix":4},"p":{"a":0,"k":[0,0],"ix":2},"r":{"a":0,"k":0,"ix":6},"sa":{"a":0,"k":0,"ix":5},"o":{"a":0,"k":100,"ix":7}}]},{"ty":"gr","bm":0,"hd":false,"mn":"ADBE Vector Group","nm":"Group 5","ix":5,"cix":2,"np":2,"it":[{"ty":"sh","bm":0,"hd":false,"mn":"ADBE Vector Shape - Group","nm":"Path 1","ix":1,"d":1,"ks":{"a":0,"k":{"c":true,"i":[[-3.778,26.261],[9.363,-22.131],[51.098,21.622],[4.118,34.66],[-11.949,-0.027],[-36.837,-24.316],[-27.51,2.113]],"o":[[6.221,21.406],[-21.62,51.105],[-34.441,-14.574],[6.689,14.729],[36.589,0.085],[36.838,24.316],[18.768,-1.442]],"v":[[374.203,-116.587],[370.241,-49.451],[238.576,3.931],[177.936,-76.837],[205.628,-51.241],[291.717,-147.474],[342.731,-47.338]]},"ix":2}},{"ty":"fl","bm":0,"hd":false,"mn":"ADBE Vector Graphic - Fill","nm":"Fill 1","c":{"a":0,"k":[1,0.7804,0.3098],"ix":4},"r":1,"o":{"a":0,"k":100,"ix":5}},{"ty":"tr","a":{"a":0,"k":[0,0],"ix":1},"s":{"a":0,"k":[100,100],"ix":3},"sk":{"a":0,"k":0,"ix":4},"p":{"a":0,"k":[0,0],"ix":2},"r":{"a":0,"k":0,"ix":6},"sa":{"a":0,"k":0,"ix":5},"o":{"a":0,"k":100,"ix":7}}]},{"ty":"gr","bm":0,"hd":false,"mn":"ADBE Vector Group","nm":"Group 6","ix":6,"cix":2,"np":2,"it":[{"ty":"sh","bm":0,"hd":false,"mn":"ADBE Vector Shape - Group","nm":"Path 1","ix":1,"d":1,"ks":{"a":0,"k":{"c":true,"i":[[-51.098,-21.622],[21.62,-51.105],[51.098,21.621],[-21.62,51.105]],"o":[[51.099,21.621],[-21.62,51.104],[-51.098,-21.622],[21.62,-51.104]],"v":[[316.865,-181.133],[370.241,-49.451],[238.576,3.931],[185.199,-127.752]]},"ix":2}},{"ty":"fl","bm":0,"hd":false,"mn":"ADBE Vector Graphic - Fill","nm":"Fill 1","c":{"a":0,"k":[1,0.8627,0.3098],"ix":4},"r":1,"o":{"a":0,"k":100,"ix":5}},{"ty":"tr","a":{"a":0,"k":[0,0],"ix":1},"s":{"a":0,"k":[100,100],"ix":3},"sk":{"a":0,"k":0,"ix":4},"p":{"a":0,"k":[0,0],"ix":2},"r":{"a":0,"k":0,"ix":6},"sa":{"a":0,"k":0,"ix":5},"o":{"a":0,"k":100,"ix":7}}]},{"ty":"gr","bm":0,"hd":false,"mn":"ADBE Vector Group","nm":"Group 7","ix":7,"cix":2,"np":2,"it":[{"ty":"sh","bm":0,"hd":false,"mn":"ADBE Vector Shape - Group","nm":"Path 1","ix":1,"d":1,"ks":{"a":0,"k":{"c":true,"i":[[-51.098,-21.622],[21.619,-51.105],[51.098,21.621],[-21.62,51.104]],"o":[[51.099,21.621],[-21.62,51.104],[-51.097,-21.622],[21.62,-51.105]],"v":[[323.839,-133.67],[377.215,-1.988],[245.549,51.394],[192.173,-80.288]]},"ix":2}},{"ty":"fl","bm":0,"hd":false,"mn":"ADBE Vector Graphic - Fill","nm":"Fill 1","c":{"a":0,"k":[0.9412,0.9294,0.9294],"ix":4},"r":1,"o":{"a":0,"k":100,"ix":5}},{"ty":"tr","a":{"a":0,"k":[0,0],"ix":1},"s":{"a":0,"k":[100,100],"ix":3},"sk":{"a":0,"k":0,"ix":4},"p":{"a":0,"k":[0,0],"ix":2},"r":{"a":0,"k":0,"ix":6},"sa":{"a":0,"k":0,"ix":5},"o":{"a":0,"k":100,"ix":7}}]}],"ind":3}],"v":"5.9.6","fr":30,"op":180,"ip":0,"assets":[]}