{"nm":"4-dots-loading","ddd":0,"h":400,"w":750,"meta":{"g":"@lottiefiles/toolkit-js 0.26.1"},"layers":[{"ty":3,"nm":"parent","sr":1,"st":0,"op":240,"ip":0,"hd":false,"ddd":0,"bm":0,"hasMask":false,"ao":0,"ks":{"a":{"a":0,"k":[50,50,0],"ix":1},"s":{"a":0,"k":[100,100,100],"ix":6},"sk":{"a":0,"k":0},"p":{"a":1,"k":[{"o":{"x":0.167,"y":0.167},"i":{"x":0.833,"y":0.833},"s":[751,200,0],"t":0,"ti":[100.167,0,0],"to":[-100.167,0,0]},{"s":[150,200,0],"t":239}],"ix":2},"r":{"a":0,"k":0,"ix":10},"sa":{"a":0,"k":0},"o":{"a":0,"k":0,"ix":11}},"ef":[],"ind":1},{"ty":4,"nm":"yellow","sr":1,"st":0,"op":240,"ip":0,"hd":false,"ddd":0,"bm":0,"hasMask":false,"ao":0,"ks":{"a":{"a":0,"k":[0,0,0],"ix":1},"s":{"a":1,"k":[{"o":{"x":0.167,"y":0.167},"i":{"x":0.833,"y":0.833},"s":[100,100,100],"t":180},{"o":{"x":0.167,"y":0.167},"i":{"x":0.833,"y":0.833},"s":[200,100,100],"t":190},{"s":[100,100,100],"t":220}],"ix":6},"sk":{"a":0,"k":0},"p":{"a":1,"k":[{"o":{"x":0.621,"y":0},"i":{"x":0.368,"y":1},"s":[-186,50,0],"t":180,"ti":[-100.333,0,0],"to":[100.333,0,0]},{"s":[416,50,0],"t":220}],"ix":2},"r":{"a":0,"k":0,"ix":10},"sa":{"a":0,"k":0},"o":{"a":0,"k":100,"ix":11}},"ef":[],"shapes":[{"ty":"gr","bm":0,"hd":false,"mn":"ADBE Vector Group","nm":"Ellipse 1","ix":1,"cix":2,"np":2,"it":[{"ty":"el","bm":0,"hd":false,"mn":"ADBE Vector Shape - Ellipse","nm":"Ellipse Path 1","d":1,"p":{"a":0,"k":[0,0],"ix":3},"s":{"a":0,"k":[170,170],"ix":2}},{"ty":"st","bm":0,"hd":false,"mn":"ADBE Vector Graphic - Stroke","nm":"Stroke 1","lc":1,"lj":1,"ml":4,"o":{"a":0,"k":100,"ix":4},"w":{"a":0,"k":0,"ix":5},"c":{"a":0,"k":[1,1,1],"ix":3}},{"ty":"tr","a":{"a":0,"k":[0,0],"ix":1},"s":{"a":0,"k":[100,100],"ix":3},"sk":{"a":0,"k":0,"ix":4},"p":{"a":0,"k":[0,0],"ix":2},"r":{"a":0,"k":0,"ix":6},"sa":{"a":0,"k":0,"ix":5},"o":{"a":0,"k":100,"ix":7}}]},{"ty":"tm","bm":0,"hd":false,"mn":"ADBE Vector Filter - Trim","nm":"Trim Paths 1","ix":2,"e":{"a":1,"k":[{"o":{"x":0.333,"y":0},"i":{"x":0.667,"y":1},"s":[99.9],"t":10},{"o":{"x":0.167,"y":0},"i":{"x":0.833,"y":1},"s":[0],"t":40},{"o":{"x":0.333,"y":0},"i":{"x":0.833,"y":1},"s":[99.9],"t":41},{"o":{"x":0.333,"y":0},"i":{"x":0.667,"y":1},"s":[99.9],"t":65},{"o":{"x":0.167,"y":0},"i":{"x":0.833,"y":1},"s":[0],"t":95},{"o":{"x":0.333,"y":0},"i":{"x":0.833,"y":1},"s":[99.9],"t":96},{"o":{"x":0.333,"y":0},"i":{"x":0.667,"y":1},"s":[99.9],"t":120},{"o":{"x":0.167,"y":0},"i":{"x":0.833,"y":1},"s":[0],"t":150},{"s":[99.9],"t":151}],"ix":2},"o":{"a":0,"k":89,"ix":3},"s":{"a":1,"k":[{"o":{"x":0.166,"y":0},"i":{"x":0.667,"y":1},"s":[100],"t":10},{"o":{"x":0.167,"y":0},"i":{"x":0.833,"y":1},"s":[0.1],"t":40},{"o":{"x":0.166,"y":0},"i":{"x":0.833,"y":1},"s":[100],"t":41},{"o":{"x":0.166,"y":0},"i":{"x":0.667,"y":1},"s":[100],"t":65},{"o":{"x":0.167,"y":0},"i":{"x":0.833,"y":1},"s":[0.1],"t":95},{"o":{"x":0.166,"y":0},"i":{"x":0.833,"y":1},"s":[100],"t":96},{"o":{"x":0.166,"y":0},"i":{"x":0.667,"y":1},"s":[100],"t":120},{"o":{"x":0.167,"y":0},"i":{"x":0.833,"y":1},"s":[0.1],"t":150},{"s":[100],"t":151}],"ix":1},"m":1},{"ty":"st","bm":0,"hd":false,"mn":"ADBE Vector Graphic - Stroke","nm":"Stroke 1","lc":2,"lj":1,"ml":4,"o":{"a":0,"k":100,"ix":4},"w":{"a":0,"k":50,"ix":5},"c":{"a":0,"k":[0.9647,0.7961,0.2784],"ix":3}}],"ind":2,"parent":1},{"ty":4,"nm":"blue","sr":1,"st":0,"op":240,"ip":0,"hd":false,"ddd":0,"bm":0,"hasMask":false,"ao":0,"ks":{"a":{"a":0,"k":[0,0,0],"ix":1},"s":{"a":1,"k":[{"o":{"x":0.167,"y":0.167},"i":{"x":0.833,"y":0.833},"s":[100,100,100],"t":120},{"o":{"x":0.167,"y":0.167},"i":{"x":0.833,"y":0.833},"s":[200,100,100],"t":130},{"s":[100,100,100],"t":160}],"ix":6},"sk":{"a":0,"k":0},"p":{"a":1,"k":[{"o":{"x":0.628,"y":0},"i":{"x":0.375,"y":1},"s":[-336,50,0],"t":120,"ti":[-100.333,0,0],"to":[100.333,0,0]},{"s":[266,50,0],"t":160}],"ix":2},"r":{"a":0,"k":0,"ix":10},"sa":{"a":0,"k":0},"o":{"a":0,"k":100,"ix":11}},"ef":[],"shapes":[{"ty":"gr","bm":0,"hd":false,"mn":"ADBE Vector Group","nm":"Ellipse 1","ix":1,"cix":2,"np":2,"it":[{"ty":"el","bm":0,"hd":false,"mn":"ADBE Vector Shape - Ellipse","nm":"Ellipse Path 1","d":1,"p":{"a":0,"k":[0,0],"ix":3},"s":{"a":0,"k":[170,170],"ix":2}},{"ty":"st","bm":0,"hd":false,"mn":"ADBE Vector Graphic - Stroke","nm":"Stroke 1","lc":1,"lj":1,"ml":4,"o":{"a":0,"k":100,"ix":4},"w":{"a":0,"k":0,"ix":5},"c":{"a":0,"k":[1,1,1],"ix":3}},{"ty":"tr","a":{"a":0,"k":[0,0],"ix":1},"s":{"a":0,"k":[100,100],"ix":3},"sk":{"a":0,"k":0,"ix":4},"p":{"a":0,"k":[0,0],"ix":2},"r":{"a":0,"k":0,"ix":6},"sa":{"a":0,"k":0,"ix":5},"o":{"a":0,"k":100,"ix":7}}]},{"ty":"tm","bm":0,"hd":false,"mn":"ADBE Vector Filter - Trim","nm":"Trim Paths 1","ix":2,"e":{"a":1,"k":[{"o":{"x":0.333,"y":0},"i":{"x":0.667,"y":1},"s":[99.9],"t":5},{"o":{"x":0.167,"y":0},"i":{"x":0.833,"y":1},"s":[0],"t":35},{"o":{"x":0.333,"y":0},"i":{"x":0.833,"y":1},"s":[99.9],"t":36},{"o":{"x":0.333,"y":0},"i":{"x":0.667,"y":1},"s":[99.9],"t":60},{"o":{"x":0.167,"y":0},"i":{"x":0.833,"y":1},"s":[0],"t":90},{"o":{"x":0.333,"y":0},"i":{"x":0.833,"y":1},"s":[99.9],"t":91},{"o":{"x":0.333,"y":0},"i":{"x":0.667,"y":1},"s":[99.9],"t":190},{"o":{"x":0.167,"y":0},"i":{"x":0.833,"y":1},"s":[0],"t":220},{"s":[99.9],"t":221}],"ix":2},"o":{"a":0,"k":89,"ix":3},"s":{"a":1,"k":[{"o":{"x":0.166,"y":0},"i":{"x":0.667,"y":1},"s":[100],"t":5},{"o":{"x":0.167,"y":0},"i":{"x":0.833,"y":1},"s":[0.1],"t":35},{"o":{"x":0.166,"y":0},"i":{"x":0.833,"y":1},"s":[100],"t":36},{"o":{"x":0.166,"y":0},"i":{"x":0.667,"y":1},"s":[100],"t":60},{"o":{"x":0.167,"y":0},"i":{"x":0.833,"y":1},"s":[0.1],"t":90},{"o":{"x":0.166,"y":0},"i":{"x":0.833,"y":1},"s":[100],"t":91},{"o":{"x":0.166,"y":0},"i":{"x":0.667,"y":1},"s":[100],"t":190},{"o":{"x":0.167,"y":0},"i":{"x":0.833,"y":1},"s":[0.1],"t":220},{"s":[100],"t":221}],"ix":1},"m":1},{"ty":"st","bm":0,"hd":false,"mn":"ADBE Vector Graphic - Stroke","nm":"Stroke 1","lc":2,"lj":1,"ml":4,"o":{"a":0,"k":100,"ix":4},"w":{"a":0,"k":50,"ix":5},"c":{"a":0,"k":[0.3569,0.6157,1],"ix":3}}],"ind":3,"parent":1},{"ty":4,"nm":"green","sr":1,"st":0,"op":240,"ip":0,"hd":false,"ddd":0,"bm":0,"hasMask":false,"ao":0,"ks":{"a":{"a":0,"k":[0,0,0],"ix":1},"s":{"a":1,"k":[{"o":{"x":0.167,"y":0.167},"i":{"x":0.833,"y":0.833},"s":[100,100,100],"t":60},{"o":{"x":0.167,"y":0.167},"i":{"x":0.833,"y":0.833},"s":[200,100,100],"t":70},{"s":[100,100,100],"t":100}],"ix":6},"sk":{"a":0,"k":0},"p":{"a":1,"k":[{"o":{"x":0.626,"y":0},"i":{"x":0.368,"y":1},"s":[-486,50,0],"t":60,"ti":[-100.333,0,0],"to":[100.333,0,0]},{"s":[116,50,0],"t":100}],"ix":2},"r":{"a":0,"k":0,"ix":10},"sa":{"a":0,"k":0},"o":{"a":0,"k":100,"ix":11}},"ef":[],"shapes":[{"ty":"gr","bm":0,"hd":false,"mn":"ADBE Vector Group","nm":"Ellipse 1","ix":1,"cix":2,"np":2,"it":[{"ty":"el","bm":0,"hd":false,"mn":"ADBE Vector Shape - Ellipse","nm":"Ellipse Path 1","d":1,"p":{"a":0,"k":[0,0],"ix":3},"s":{"a":0,"k":[170,170],"ix":2}},{"ty":"st","bm":0,"hd":false,"mn":"ADBE Vector Graphic - Stroke","nm":"Stroke 1","lc":1,"lj":1,"ml":4,"o":{"a":0,"k":100,"ix":4},"w":{"a":0,"k":0,"ix":5},"c":{"a":0,"k":[1,1,1],"ix":3}},{"ty":"tr","a":{"a":0,"k":[0,0],"ix":1},"s":{"a":0,"k":[100,100],"ix":3},"sk":{"a":0,"k":0,"ix":4},"p":{"a":0,"k":[0,0],"ix":2},"r":{"a":0,"k":0,"ix":6},"sa":{"a":0,"k":0,"ix":5},"o":{"a":0,"k":100,"ix":7}}]},{"ty":"tm","bm":0,"hd":false,"mn":"ADBE Vector Filter - Trim","nm":"Trim Paths 1","ix":2,"e":{"a":1,"k":[{"o":{"x":0.333,"y":0},"i":{"x":0.667,"y":1},"s":[99.9],"t":0},{"o":{"x":0.167,"y":0},"i":{"x":0.833,"y":1},"s":[0],"t":30},{"o":{"x":0.333,"y":0},"i":{"x":0.833,"y":1},"s":[99.9],"t":31},{"o":{"x":0.333,"y":0},"i":{"x":0.667,"y":1},"s":[99.9],"t":130},{"o":{"x":0.167,"y":0},"i":{"x":0.833,"y":1},"s":[0],"t":160},{"o":{"x":0.333,"y":0},"i":{"x":0.833,"y":1},"s":[99.9],"t":161},{"o":{"x":0.333,"y":0},"i":{"x":0.667,"y":1},"s":[99.9],"t":185},{"o":{"x":0.167,"y":0},"i":{"x":0.833,"y":1},"s":[0],"t":215},{"s":[99.9],"t":216}],"ix":2},"o":{"a":0,"k":89,"ix":3},"s":{"a":1,"k":[{"o":{"x":0.166,"y":0},"i":{"x":0.667,"y":1},"s":[100],"t":0},{"o":{"x":0.167,"y":0},"i":{"x":0.833,"y":1},"s":[0.1],"t":30},{"o":{"x":0.166,"y":0},"i":{"x":0.833,"y":1},"s":[100],"t":31},{"o":{"x":0.166,"y":0},"i":{"x":0.667,"y":1},"s":[100],"t":130},{"o":{"x":0.167,"y":0},"i":{"x":0.833,"y":1},"s":[0.1],"t":160},{"o":{"x":0.166,"y":0},"i":{"x":0.833,"y":1},"s":[100],"t":161},{"o":{"x":0.166,"y":0},"i":{"x":0.667,"y":1},"s":[100],"t":185},{"o":{"x":0.167,"y":0},"i":{"x":0.833,"y":1},"s":[0.1],"t":215},{"s":[100],"t":216}],"ix":1},"m":1},{"ty":"st","bm":0,"hd":false,"mn":"ADBE Vector Graphic - Stroke","nm":"Stroke 1","lc":2,"lj":1,"ml":4,"o":{"a":0,"k":100,"ix":4},"w":{"a":0,"k":50,"ix":5},"c":{"a":0,"k":[0.1765,0.8235,0.2078],"ix":3}}],"ind":4,"parent":1},{"ty":4,"nm":"red","sr":1,"st":0,"op":240,"ip":0,"hd":false,"ddd":0,"bm":0,"hasMask":false,"ao":0,"ks":{"a":{"a":0,"k":[0,0,0],"ix":1},"s":{"a":1,"k":[{"o":{"x":0.167,"y":0.167},"i":{"x":0.833,"y":0.833},"s":[100,100,100],"t":0},{"o":{"x":0.167,"y":0.167},"i":{"x":0.833,"y":0.833},"s":[200,100,100],"t":10},{"s":[100,100,100],"t":40}],"ix":6},"sk":{"a":0,"k":0},"p":{"a":1,"k":[{"o":{"x":0.628,"y":0},"i":{"x":0.37,"y":1},"s":[-636,50,0],"t":0,"ti":[-1.695,0,0],"to":[98.471,0,0]},{"s":[-35,50,0],"t":40}],"ix":2},"r":{"a":0,"k":0,"ix":10},"sa":{"a":0,"k":0},"o":{"a":0,"k":100,"ix":11}},"ef":[],"shapes":[{"ty":"gr","bm":0,"hd":false,"mn":"ADBE Vector Group","nm":"Ellipse 1","ix":1,"cix":2,"np":2,"it":[{"ty":"el","bm":0,"hd":false,"mn":"ADBE Vector Shape - Ellipse","nm":"Ellipse Path 1","d":1,"p":{"a":0,"k":[0,0],"ix":3},"s":{"a":0,"k":[170,170],"ix":2}},{"ty":"st","bm":0,"hd":false,"mn":"ADBE Vector Graphic - Stroke","nm":"Stroke 1","lc":1,"lj":1,"ml":4,"o":{"a":0,"k":100,"ix":4},"w":{"a":0,"k":0,"ix":5},"c":{"a":0,"k":[1,1,1],"ix":3}},{"ty":"tr","a":{"a":0,"k":[0,0],"ix":1},"s":{"a":0,"k":[100,100],"ix":3},"sk":{"a":0,"k":0,"ix":4},"p":{"a":0,"k":[0,0],"ix":2},"r":{"a":0,"k":0,"ix":6},"sa":{"a":0,"k":0,"ix":5},"o":{"a":0,"k":100,"ix":7}}]},{"ty":"tm","bm":0,"hd":false,"mn":"ADBE Vector Filter - Trim","nm":"Trim Paths 1","ix":2,"e":{"a":1,"k":[{"o":{"x":0.333,"y":0},"i":{"x":0.667,"y":1},"s":[99.9],"t":70},{"o":{"x":0.167,"y":0},"i":{"x":0.833,"y":1},"s":[0],"t":100},{"o":{"x":0.333,"y":0},"i":{"x":0.833,"y":1},"s":[99.9],"t":101},{"o":{"x":0.333,"y":0},"i":{"x":0.667,"y":1},"s":[99.9],"t":125},{"o":{"x":0.167,"y":0},"i":{"x":0.833,"y":1},"s":[0],"t":155},{"o":{"x":0.333,"y":0},"i":{"x":0.833,"y":1},"s":[99.9],"t":156},{"o":{"x":0.333,"y":0},"i":{"x":0.667,"y":1},"s":[99.9],"t":180},{"o":{"x":0.167,"y":0},"i":{"x":0.833,"y":1},"s":[0],"t":210},{"s":[99.9],"t":211}],"ix":2},"o":{"a":0,"k":89,"ix":3},"s":{"a":1,"k":[{"o":{"x":0.166,"y":0},"i":{"x":0.667,"y":1},"s":[100],"t":70},{"o":{"x":0.167,"y":0},"i":{"x":0.833,"y":1},"s":[0.1],"t":100},{"o":{"x":0.166,"y":0},"i":{"x":0.833,"y":1},"s":[100],"t":101},{"o":{"x":0.166,"y":0},"i":{"x":0.667,"y":1},"s":[100],"t":125},{"o":{"x":0.167,"y":0},"i":{"x":0.833,"y":1},"s":[0.1],"t":155},{"o":{"x":0.166,"y":0},"i":{"x":0.833,"y":1},"s":[100],"t":156},{"o":{"x":0.166,"y":0},"i":{"x":0.667,"y":1},"s":[100],"t":180},{"o":{"x":0.167,"y":0},"i":{"x":0.833,"y":1},"s":[0.1],"t":210},{"s":[100],"t":211}],"ix":1},"m":1},{"ty":"st","bm":0,"hd":false,"mn":"ADBE Vector Graphic - Stroke","nm":"Stroke 1","lc":2,"lj":1,"ml":4,"o":{"a":0,"k":100,"ix":4},"w":{"a":0,"k":50,"ix":5},"c":{"a":0,"k":[0.302,0.302,0.302],"ix":3}}],"ind":5,"parent":1}],"v":"5.7.5","fr":60,"op":240,"ip":0,"assets":[]}