{"nm":"newScene","ddd":0,"h":100,"w":80,"meta":{"g":"@lottiefiles/toolkit-js 0.26.1"},"layers":[{"ty":4,"nm":"G Outlines 3","sr":1,"st":0,"op":33,"ip":25,"hd":false,"ddd":0,"bm":0,"hasMask":false,"ao":0,"ks":{"a":{"a":0,"k":[-10.291,-113.297,0]},"s":{"a":0,"k":[25,25,100]},"sk":{"a":0,"k":0},"p":{"a":0,"k":[250,300,0]},"r":{"a":0,"k":0},"sa":{"a":0,"k":0},"o":{"a":0,"k":100}},"ef":[],"shapes":[{"ty":"gr","bm":0,"hd":false,"nm":"G","it":[{"ty":"sh","bm":0,"hd":false,"nm":"G","d":1,"ks":{"a":0,"k":{"c":true,"i":[[38.241,314.561],[0,0],[0,0],[0,0],[136.927,0],[0,162.832],[-161.598,0],[-51.81,-62.912],[0,0],[145.562,0],[0,-262.751],[-263.985,0]],"o":[[0,0],[0,0],[0,0],[-17.27,111.022],[-162.832,0],[0,-162.832],[88.817,0],[0,0],[-86.35,-107.321],[-262.751,0],[0,262.751],[291.123,0]],"v":[[441.759,-172.508],[7.542,-172.508],[7.542,-12.143],[248.088,-12.143],[6.308,172.892],[-278.647,-113.297],[7.542,-399.485],[228.351,-298.332],[375.146,-413.055],[7.542,-588.222],[-467.384,-113.297],[6.308,361.629]]}}},{"ty":"fl","bm":0,"hd":false,"nm":"Fill 1","c":{"a":0,"k":[0.3569,0.6157,1]},"r":2,"o":{"a":0,"k":100}},{"ty":"tr","a":{"a":0,"k":[0,0],"ix":1},"s":{"a":0,"k":[100,100],"ix":3},"sk":{"a":0,"k":0,"ix":4},"p":{"a":0,"k":[0,0],"ix":2},"r":{"a":0,"k":0,"ix":6},"sa":{"a":0,"k":0,"ix":5},"o":{"a":0,"k":100,"ix":7}}]}],"ind":1,"parent":36},{"ty":4,"nm":"Shape Layer 18","sr":1,"st":0,"op":25,"ip":20,"hd":false,"ddd":0,"bm":0,"hasMask":false,"ao":0,"ks":{"a":{"a":0,"k":[431,20,0]},"s":{"a":0,"k":[100,100,100]},"sk":{"a":0,"k":0},"p":{"a":0,"k":[-431,-20,0]},"r":{"a":0,"k":-180},"sa":{"a":0,"k":0},"o":{"a":0,"k":100}},"ef":[],"shapes":[{"ty":"gr","bm":0,"hd":false,"nm":"Shape 1","it":[{"ty":"sh","bm":0,"hd":false,"nm":"Path 1","d":1,"ks":{"a":0,"k":{"c":false,"i":[[0,0],[0,0]],"o":[[0,0],[0,0]],"v":[[-678,20],[450,20]]}}},{"ty":"tm","bm":0,"hd":false,"nm":"Trim Paths 1","ix":2,"e":{"a":1,"k":[{"o":{"x":0.167,"y":0.167},"i":{"x":0.11,"y":1},"s":[86],"t":20},{"s":[100],"t":25}],"ix":2},"o":{"a":0,"k":0,"ix":3},"s":{"a":1,"k":[{"o":{"x":0.167,"y":0.167},"i":{"x":0.11,"y":1},"s":[67],"t":20},{"s":[62],"t":25}],"ix":1},"m":1},{"ty":"st","bm":0,"hd":false,"nm":"Stroke 2","lc":1,"lj":1,"ml":4,"o":{"a":0,"k":100},"w":{"a":1,"k":[{"o":{"x":0.167,"y":0.167},"i":{"x":0.11,"y":1},"s":[110],"t":20},{"s":[159],"t":25}]},"c":{"a":0,"k":[0.3569,0.6157,1]}},{"ty":"tr","a":{"a":0,"k":[0,0],"ix":1},"s":{"a":0,"k":[100,100],"ix":3},"sk":{"a":0,"k":0,"ix":4},"p":{"a":0,"k":[0,0],"ix":2},"r":{"a":0,"k":0,"ix":6},"sa":{"a":0,"k":0,"ix":5},"o":{"a":0,"k":100,"ix":7}}]}],"ind":2,"parent":3},{"ty":3,"nm":"Null 3","sr":1,"st":1,"op":25,"ip":18,"hd":false,"ddd":0,"bm":0,"hasMask":false,"ao":0,"ks":{"a":{"a":0,"k":[0,0,0]},"s":{"a":0,"k":[100,100,100]},"sk":{"a":0,"k":0},"p":{"a":0,"k":[0,0,0]},"r":{"a":0,"k":0},"sa":{"a":0,"k":0},"o":{"a":0,"k":0}},"ef":[],"ind":3,"parent":4},{"ty":3,"nm":"Null 3","sr":1,"st":1,"op":25,"ip":18,"hd":false,"ddd":0,"bm":0,"hasMask":false,"ao":0,"ks":{"a":{"a":0,"k":[0,0,0]},"s":{"a":0,"k":[100,100,100]},"sk":{"a":0,"k":0},"p":{"a":0,"k":[-10.291,-113.297,0]},"r":{"a":0,"k":180},"sa":{"a":0,"k":0},"o":{"a":0,"k":0}},"ef":[],"ind":4,"parent":1},{"ty":4,"nm":"G 2","sr":1,"st":0,"op":25,"ip":18,"hd":false,"ddd":0,"bm":0,"hasMask":false,"ao":0,"ks":{"a":{"a":0,"k":[40.062,32.743,0]},"s":{"a":0,"k":[100,101.798,100]},"sk":{"a":0,"k":0},"p":{"a":0,"k":[-0.062,0.669,0]},"r":{"a":0,"k":-180},"sa":{"a":0,"k":0},"o":{"a":0,"k":100}},"ef":[],"shapes":[{"ty":"gr","bm":0,"hd":false,"nm":"Ellipse 1","it":[{"ty":"sh","bm":0,"hd":false,"nm":"Path 1","d":1,"ks":{"a":1,"k":[{"o":{"x":0.173,"y":0.098},"i":{"x":0.12,"y":1},"s":[{"c":true,"i":[[-55.466,0],[-18.17425,-18.1745],[0,-27.733],[55.466,0],[0,55.466]],"o":[[27.733,0],[18.17425,18.1745],[0,55.466],[-55.466,0],[0,-55.466]],"v":[[-1.4,-105.5],[69.61475,-76.08425],[99.03,-5.069],[-1.4,95.361],[-101.831,-5.069]]}],"t":18},{"s":[{"c":true,"i":[[-216.918,0.355],[-64.267,-76.958],[-2.356,-97.03],[245.939,4.892],[0,216.919]],"o":[[152.427,-0.249],[49.339,59.082],[6.26,257.8],[-216.876,-4.314],[0,-216.918]],"v":[[1.075,-400.067],[323.104,-257.643],[380.484,-6.177],[-8.599,392.766],[-400.29,0]]}],"t":25}]}},{"ty":"st","bm":0,"hd":false,"nm":"Stroke 1","lc":1,"lj":1,"ml":4,"o":{"a":0,"k":100},"w":{"a":1,"k":[{"o":{"x":0.167,"y":0.167},"i":{"x":0.833,"y":0.833},"s":[31],"t":18},{"o":{"x":0.167,"y":0.167},"i":{"x":0.1,"y":1},"s":[307],"t":20},{"s":[197],"t":25}]},"c":{"a":0,"k":[0.3569,0.6157,1]}},{"ty":"tr","a":{"a":0,"k":[0,0],"ix":1},"s":{"a":0,"k":[93.036,94.175],"ix":3},"sk":{"a":0,"k":0,"ix":4},"p":{"a":0,"k":[49.188,36.125],"ix":2},"r":{"a":0,"k":0,"ix":6},"sa":{"a":0,"k":0,"ix":5},"o":{"a":0,"k":100,"ix":7}}]},{"ty":"tm","bm":0,"hd":false,"nm":"Trim Paths 1","ix":2,"e":{"a":1,"k":[{"o":{"x":0.414,"y":0.414},"i":{"x":0.622,"y":0.622},"s":[100],"t":18},{"o":{"x":0.236,"y":0.267},"i":{"x":0.539,"y":0.598},"s":[100],"t":19},{"o":{"x":0.176,"y":0.472},"i":{"x":0.467,"y":1},"s":[96.95],"t":20},{"s":[92],"t":25}],"ix":2},"o":{"a":1,"k":[{"o":{"x":0.167,"y":0.167},"i":{"x":0.1,"y":1},"s":[0],"t":18},{"s":[82],"t":25}],"ix":3},"s":{"a":1,"k":[{"o":{"x":0.414,"y":0},"i":{"x":0.622,"y":0.605},"s":[28],"t":18},{"o":{"x":0.236,"y":0.331},"i":{"x":0.539,"y":0.719},"s":[16.5],"t":19},{"o":{"x":0.176,"y":0.583},"i":{"x":0.467,"y":1},"s":[7.898],"t":20},{"s":[0],"t":25}],"ix":1},"m":1}],"ind":5,"parent":4},{"ty":4,"nm":"G","sr":1,"st":0,"op":25,"ip":18,"hd":false,"ddd":0,"bm":0,"hasMask":false,"ao":0,"ks":{"a":{"a":0,"k":[40.062,32.743,0]},"s":{"a":0,"k":[100,101.798,100]},"sk":{"a":0,"k":0},"p":{"a":0,"k":[-0.062,0.669,0]},"r":{"a":0,"k":-180},"sa":{"a":0,"k":0},"o":{"a":0,"k":100}},"ef":[],"shapes":[{"ty":"gr","bm":0,"hd":false,"nm":"Ellipse 1","it":[{"ty":"sh","bm":0,"hd":false,"nm":"Path 1","d":1,"ks":{"a":1,"k":[{"o":{"x":0.167,"y":0.167},"i":{"x":0.12,"y":1},"s":[{"c":true,"i":[[-28.468,0],[-9.328,-9.32825],[0,-14.234],[28.468,0],[0,28.468]],"o":[[14.234,0],[9.328,9.32825],[0,28.468],[-28.468,0],[0,-28.468]],"v":[[-1.4,-56.616],[35.0485,-41.518],[50.146,-5.069],[-1.4,46.477],[-52.946,-5.069]]}],"t":18},{"s":[{"c":true,"i":[[-216.918,0.355],[-64.267,-76.958],[-2.356,-97.03],[245.939,4.892],[0,216.919]],"o":[[152.427,-0.249],[49.339,59.082],[6.26,257.8],[-216.876,-4.314],[0,-216.918]],"v":[[1.075,-400.067],[323.104,-257.643],[380.484,-6.177],[-8.599,392.766],[-400.29,0]]}],"t":25}]}},{"ty":"st","bm":0,"hd":false,"nm":"Stroke 1","lc":1,"lj":1,"ml":4,"o":{"a":0,"k":100},"w":{"a":1,"k":[{"o":{"x":0.167,"y":0.167},"i":{"x":0.833,"y":0.833},"s":[71],"t":18},{"s":[143],"t":19}]},"c":{"a":0,"k":[0.3569,0.6157,1]}},{"ty":"tr","a":{"a":0,"k":[0,0],"ix":1},"s":{"a":0,"k":[93.036,94.175],"ix":3},"sk":{"a":0,"k":0,"ix":4},"p":{"a":0,"k":[49.188,36.125],"ix":2},"r":{"a":0,"k":0,"ix":6},"sa":{"a":0,"k":0,"ix":5},"o":{"a":0,"k":100,"ix":7}}]},{"ty":"tm","bm":0,"hd":false,"nm":"Trim Paths 1","ix":2,"e":{"a":1,"k":[{"o":{"x":0.414,"y":0.414},"i":{"x":0.622,"y":0.622},"s":[100],"t":18},{"o":{"x":0.115,"y":0.258},"i":{"x":0.322,"y":1},"s":[100],"t":19},{"s":[92],"t":25}],"ix":2},"o":{"a":1,"k":[{"o":{"x":0.167,"y":0.167},"i":{"x":0.1,"y":1},"s":[0],"t":18},{"s":[82],"t":25}],"ix":3},"s":{"a":1,"k":[{"o":{"x":0.414,"y":0},"i":{"x":0.622,"y":0.633},"s":[28],"t":18},{"o":{"x":0.115,"y":0.465},"i":{"x":0.322,"y":1},"s":[16.505],"t":19},{"s":[0],"t":25}],"ix":1},"m":1}],"ind":6,"parent":4},{"ty":3,"nm":"Null 3","sr":1,"st":1,"op":18,"ip":1,"hd":false,"ddd":0,"bm":0,"hasMask":false,"ao":0,"ks":{"a":{"a":0,"k":[0,0,0]},"s":{"a":0,"k":[100,100,100]},"sk":{"a":0,"k":0},"p":{"a":0,"k":[-10.291,-113.297,0]},"r":{"a":0,"k":180},"sa":{"a":0,"k":0},"o":{"a":0,"k":0}},"ef":[],"ind":7,"parent":1},{"ty":4,"nm":"Outer_circles","sr":1,"st":0,"op":14,"ip":3,"hd":false,"ddd":0,"bm":0,"hasMask":false,"ao":0,"ks":{"a":{"a":0,"k":[-706,-1,0]},"s":{"a":0,"k":[100,100,100]},"sk":{"a":0,"k":0},"p":{"a":1,"k":[{"o":{"x":0.333,"y":0},"i":{"x":0,"y":1},"s":[-726,-1,0],"t":8,"ti":[0,0,0],"to":[0,0,0]},{"o":{"x":0.849,"y":0},"i":{"x":0.833,"y":0.833},"s":[-866,-1,0],"t":12,"ti":[-23.3333339691162,0,0],"to":[0,0,0]},{"s":[-726,-1,0],"t":14}]},"r":{"a":0,"k":0},"sa":{"a":0,"k":0},"o":{"a":1,"k":[{"h":1,"s":[100],"t":3},{"h":1,"s":[0],"t":5},{"s":[100],"t":7}]}},"ef":[],"shapes":[{"ty":"gr","bm":0,"hd":false,"nm":"Ellipse 1","it":[{"ty":"el","bm":0,"hd":false,"nm":"Ellipse Path 1","d":1,"p":{"a":0,"k":[0,0]},"s":{"a":0,"k":[74.227,74.227]}},{"ty":"st","bm":0,"hd":false,"nm":"Stroke 1","lc":1,"lj":1,"ml":4,"o":{"a":0,"k":100},"w":{"a":0,"k":8},"c":{"a":0,"k":[0.9843,0.7765,0.3137]}},{"ty":"tr","a":{"a":0,"k":[0,0],"ix":1},"s":{"a":0,"k":[100,100],"ix":3},"sk":{"a":0,"k":0,"ix":4},"p":{"a":0,"k":[-706,-1],"ix":2},"r":{"a":0,"k":0,"ix":6},"sa":{"a":0,"k":0,"ix":5},"o":{"a":0,"k":100,"ix":7}}]}],"ind":8,"parent":7},{"ty":4,"nm":"Outer_circles","sr":1,"st":6,"op":18,"ip":14,"hd":false,"ddd":0,"bm":0,"hasMask":false,"ao":0,"ks":{"a":{"a":0,"k":[0,0,0]},"s":{"a":0,"k":[100,100,100]},"sk":{"a":0,"k":0},"p":{"a":0,"k":[0,0,0]},"r":{"a":0,"k":0},"sa":{"a":0,"k":0},"o":{"a":0,"k":100}},"ef":[],"shapes":[{"ty":"gr","bm":0,"hd":false,"nm":"Shape 1","it":[{"ty":"sh","bm":0,"hd":false,"nm":"Path 1","d":1,"ks":{"a":0,"k":{"c":false,"i":[[0,0],[0,0]],"o":[[0,0],[0,0]],"v":[[-726,0],[0,0]]}}},{"ty":"tm","bm":0,"hd":false,"nm":"Trim Paths 1","ix":2,"e":{"a":1,"k":[{"o":{"x":0.167,"y":0.167},"i":{"x":0.833,"y":0.833},"s":[0.1],"t":14},{"o":{"x":0.167,"y":0.167},"i":{"x":0.833,"y":0.833},"s":[75],"t":16},{"s":[100],"t":17}],"ix":2},"o":{"a":0,"k":0,"ix":3},"s":{"a":1,"k":[{"o":{"x":0.167,"y":0.167},"i":{"x":0.833,"y":0.833},"s":[0],"t":14},{"o":{"x":0.167,"y":0.167},"i":{"x":0.833,"y":0.833},"s":[25],"t":16},{"s":[91],"t":17}],"ix":1},"m":1},{"ty":"st","bm":0,"hd":false,"nm":"Stroke 1","lc":2,"lj":1,"ml":4,"o":{"a":0,"k":100},"w":{"a":1,"k":[{"o":{"x":0.167,"y":0.167},"i":{"x":0.833,"y":0.833},"s":[80],"t":14},{"o":{"x":0.167,"y":0.167},"i":{"x":0.833,"y":0.833},"s":[25],"t":16},{"s":[61],"t":17}]},"c":{"a":0,"k":[0.9843,0.7765,0.3137]}},{"ty":"tr","a":{"a":0,"k":[0,0],"ix":1},"s":{"a":0,"k":[100,100],"ix":3},"sk":{"a":0,"k":0,"ix":4},"p":{"a":0,"k":[0,0],"ix":2},"r":{"a":0,"k":0,"ix":6},"sa":{"a":0,"k":0,"ix":5},"o":{"a":0,"k":100,"ix":7}}]}],"ind":9,"parent":7},{"ty":4,"nm":"Outer_circles","sr":1,"st":0,"op":14,"ip":3,"hd":false,"ddd":0,"bm":0,"hasMask":false,"ao":0,"ks":{"a":{"a":0,"k":[-706,-1,0]},"s":{"a":0,"k":[100,100,100]},"sk":{"a":0,"k":0},"p":{"a":1,"k":[{"o":{"x":0.333,"y":0},"i":{"x":0,"y":1},"s":[-716.291,-114.297,0],"t":8,"ti":[3.33333325386047,0,0],"to":[0,0,0]},{"o":{"x":0.849,"y":0},"i":{"x":0.833,"y":0.833},"s":[-876.291,-114.297,0],"t":12,"ti":[-23.3333339691162,0,0],"to":[-3.33333325386047,0,0]},{"s":[-736.291,-114.297,0],"t":14}]},"r":{"a":0,"k":0},"sa":{"a":0,"k":0},"o":{"a":1,"k":[{"h":1,"s":[100],"t":3},{"h":1,"s":[0],"t":5},{"s":[100],"t":7}]}},"ef":[],"shapes":[{"ty":"gr","bm":0,"hd":false,"nm":"Ellipse 1","it":[{"ty":"el","bm":0,"hd":false,"nm":"Ellipse Path 1","d":1,"p":{"a":0,"k":[0,0]},"s":{"a":0,"k":[74.227,74.227]}},{"ty":"st","bm":0,"hd":false,"nm":"Stroke 1","lc":1,"lj":1,"ml":4,"o":{"a":0,"k":100},"w":{"a":0,"k":8},"c":{"a":0,"k":[0.9843,0.7765,0.3137]}},{"ty":"tr","a":{"a":0,"k":[0,0],"ix":1},"s":{"a":0,"k":[100,100],"ix":3},"sk":{"a":0,"k":0,"ix":4},"p":{"a":0,"k":[-706,-1],"ix":2},"r":{"a":0,"k":0,"ix":6},"sa":{"a":0,"k":0,"ix":5},"o":{"a":0,"k":100,"ix":7}}]}],"ind":10,"parent":1},{"ty":4,"nm":"Outer_circles","sr":1,"st":6,"op":18,"ip":14,"hd":false,"ddd":0,"bm":0,"hasMask":false,"ao":0,"ks":{"a":{"a":0,"k":[0,0,0]},"s":{"a":0,"k":[100,100,100]},"sk":{"a":0,"k":0},"p":{"a":0,"k":[-10.291,-113.297,0]},"r":{"a":0,"k":0},"sa":{"a":0,"k":0},"o":{"a":0,"k":100}},"ef":[],"shapes":[{"ty":"gr","bm":0,"hd":false,"nm":"Shape 1","it":[{"ty":"sh","bm":0,"hd":false,"nm":"Path 1","d":1,"ks":{"a":0,"k":{"c":false,"i":[[0,0],[0,0]],"o":[[0,0],[0,0]],"v":[[-726,0],[0,0]]}}},{"ty":"tm","bm":0,"hd":false,"nm":"Trim Paths 1","ix":2,"e":{"a":1,"k":[{"o":{"x":0.167,"y":0.167},"i":{"x":0.833,"y":0.833},"s":[0.1],"t":14},{"o":{"x":0.167,"y":0.167},"i":{"x":0.833,"y":0.833},"s":[75],"t":16},{"s":[100],"t":17}],"ix":2},"o":{"a":0,"k":0,"ix":3},"s":{"a":1,"k":[{"o":{"x":0.167,"y":0.167},"i":{"x":0.833,"y":0.833},"s":[0],"t":14},{"o":{"x":0.167,"y":0.167},"i":{"x":0.833,"y":0.833},"s":[25],"t":16},{"s":[91],"t":17}],"ix":1},"m":1},{"ty":"st","bm":0,"hd":false,"nm":"Stroke 1","lc":2,"lj":1,"ml":4,"o":{"a":0,"k":100},"w":{"a":1,"k":[{"o":{"x":0.167,"y":0.167},"i":{"x":0.833,"y":0.833},"s":[80],"t":14},{"o":{"x":0.167,"y":0.167},"i":{"x":0.833,"y":0.833},"s":[25],"t":16},{"s":[61],"t":17}]},"c":{"a":0,"k":[0.9843,0.7765,0.3137]}},{"ty":"tr","a":{"a":0,"k":[0,0],"ix":1},"s":{"a":0,"k":[100,100],"ix":3},"sk":{"a":0,"k":0,"ix":4},"p":{"a":0,"k":[0,0],"ix":2},"r":{"a":0,"k":0,"ix":6},"sa":{"a":0,"k":0,"ix":5},"o":{"a":0,"k":100,"ix":7}}]}],"ind":11,"parent":1},{"ty":4,"nm":"Shape Layer 15","sr":1,"st":0,"op":10,"ip":9,"hd":false,"ddd":0,"bm":0,"hasMask":false,"ao":0,"ks":{"a":{"a":0,"k":[0,0,0]},"s":{"a":0,"k":[100,100,100]},"sk":{"a":0,"k":0},"p":{"a":0,"k":[47.999,-1,0]},"r":{"a":0,"k":-180},"sa":{"a":0,"k":0},"o":{"a":0,"k":100}},"ef":[],"shapes":[{"ty":"gr","bm":0,"hd":false,"nm":"Rectangle 1","it":[{"ty":"rc","bm":0,"hd":false,"nm":"Rectangle Path 1","d":1,"p":{"a":0,"k":[0,0]},"r":{"a":0,"k":267},"s":{"a":0,"k":[113.477,74.477]}},{"ty":"st","bm":0,"hd":false,"nm":"Stroke 1","lc":1,"lj":1,"ml":4,"o":{"a":0,"k":100},"w":{"a":0,"k":8},"c":{"a":0,"k":[0.9843,0.7765,0.3137]}},{"ty":"tr","a":{"a":0,"k":[0,0],"ix":1},"s":{"a":0,"k":[100,100],"ix":3},"sk":{"a":0,"k":0,"ix":4},"p":{"a":0,"k":[734.691,-0.762],"ix":2},"r":{"a":0,"k":0,"ix":6},"sa":{"a":0,"k":0,"ix":5},"o":{"a":0,"k":100,"ix":7}}]}],"ind":12,"parent":8},{"ty":4,"nm":"Shape Layer 14","sr":1,"st":0,"op":10,"ip":9,"hd":false,"ddd":0,"bm":0,"hasMask":false,"ao":0,"ks":{"a":{"a":0,"k":[0,0,0]},"s":{"a":0,"k":[100,100,100]},"sk":{"a":0,"k":0},"p":{"a":0,"k":[48.999,0,0]},"r":{"a":0,"k":0},"sa":{"a":0,"k":0},"o":{"a":0,"k":100}},"ef":[],"shapes":[{"ty":"gr","bm":0,"hd":false,"nm":"Rectangle 1","it":[{"ty":"rc","bm":0,"hd":false,"nm":"Rectangle Path 1","d":1,"p":{"a":0,"k":[0,0]},"r":{"a":0,"k":267},"s":{"a":0,"k":[113.477,74.477]}},{"ty":"st","bm":0,"hd":false,"nm":"Stroke 1","lc":1,"lj":1,"ml":4,"o":{"a":0,"k":100},"w":{"a":0,"k":8},"c":{"a":0,"k":[0.9843,0.7765,0.3137]}},{"ty":"tr","a":{"a":0,"k":[0,0],"ix":1},"s":{"a":0,"k":[100,100],"ix":3},"sk":{"a":0,"k":0,"ix":4},"p":{"a":0,"k":[-735.262,-0.762],"ix":2},"r":{"a":0,"k":0,"ix":6},"sa":{"a":0,"k":0,"ix":5},"o":{"a":0,"k":100,"ix":7}}]}],"ind":13,"parent":10},{"ty":4,"nm":"Shape Layer 13","sr":1,"st":0,"op":6,"ip":4,"hd":false,"ddd":0,"bm":0,"hasMask":false,"ao":0,"ks":{"a":{"a":0,"k":[-706,-1,0]},"s":{"a":0,"k":[100,100,100]},"sk":{"a":0,"k":0},"p":{"a":0,"k":[-705.412,-1,0]},"r":{"a":0,"k":0},"sa":{"a":0,"k":0},"o":{"a":0,"k":100}},"ef":[],"shapes":[{"ty":"gr","bm":0,"hd":false,"nm":"Ellipse 1","it":[{"ty":"el","bm":0,"hd":false,"nm":"Ellipse Path 1","d":1,"p":{"a":0,"k":[0,0]},"s":{"a":0,"k":[74.227,74.227]}},{"ty":"st","bm":0,"hd":false,"nm":"Stroke 1","lc":1,"lj":1,"ml":4,"o":{"a":0,"k":100},"w":{"a":0,"k":8},"c":{"a":0,"k":[0.9843,0.7765,0.3137]}},{"ty":"tr","a":{"a":0,"k":[0,0],"ix":1},"s":{"a":0,"k":[100,100],"ix":3},"sk":{"a":0,"k":0,"ix":4},"p":{"a":0,"k":[-706,-1],"ix":2},"r":{"a":0,"k":0,"ix":6},"sa":{"a":0,"k":0,"ix":5},"o":{"a":0,"k":100,"ix":7}}]}],"ind":14,"parent":8},{"ty":4,"nm":"Shape Layer 12","sr":1,"st":0,"op":6,"ip":4,"hd":false,"ddd":0,"bm":0,"hasMask":false,"ao":0,"ks":{"a":{"a":0,"k":[-706,-1,0]},"s":{"a":0,"k":[100,100,100]},"sk":{"a":0,"k":0},"p":{"a":0,"k":[-706.789,-1,0]},"r":{"a":0,"k":0},"sa":{"a":0,"k":0},"o":{"a":0,"k":100}},"ef":[],"shapes":[{"ty":"gr","bm":0,"hd":false,"nm":"Ellipse 1","it":[{"ty":"el","bm":0,"hd":false,"nm":"Ellipse Path 1","d":1,"p":{"a":0,"k":[0,0]},"s":{"a":0,"k":[74.227,74.227]}},{"ty":"st","bm":0,"hd":false,"nm":"Stroke 1","lc":1,"lj":1,"ml":4,"o":{"a":0,"k":100},"w":{"a":0,"k":8},"c":{"a":0,"k":[0.9843,0.7765,0.3137]}},{"ty":"tr","a":{"a":0,"k":[0,0],"ix":1},"s":{"a":0,"k":[100,100],"ix":3},"sk":{"a":0,"k":0,"ix":4},"p":{"a":0,"k":[-706,-1],"ix":2},"r":{"a":0,"k":0,"ix":6},"sa":{"a":0,"k":0,"ix":5},"o":{"a":0,"k":100,"ix":7}}]}],"ind":15,"parent":10},{"ty":4,"nm":"pauw","sr":1,"st":0,"op":28,"ip":17,"hd":false,"ddd":0,"bm":0,"hasMask":false,"ao":0,"ks":{"a":{"a":0,"k":[327.031,203.5,0]},"s":{"a":0,"k":[100,100,100]},"sk":{"a":0,"k":0},"p":{"a":0,"k":[157.945,351.65,0]},"r":{"a":0,"k":-145.581},"sa":{"a":0,"k":0},"o":{"a":0,"k":100}},"ef":[],"shapes":[{"ty":"gr","bm":0,"hd":false,"nm":"Ellipse 1","it":[{"ty":"el","bm":0,"hd":false,"nm":"Ellipse Path 1","d":1,"p":{"a":0,"k":[0,0]},"s":{"a":1,"k":[{"o":{"x":0.167,"y":0.167},"i":{"x":0.03,"y":1},"s":[80.781,80.781],"t":17},{"s":[0,0],"t":28}]}},{"ty":"st","bm":0,"hd":false,"nm":"Stroke 1","lc":1,"lj":1,"ml":4,"o":{"a":0,"k":100},"w":{"a":0,"k":0},"c":{"a":0,"k":[0.3569,0.6157,1]}},{"ty":"fl","bm":0,"hd":false,"nm":"Fill 1","c":{"a":0,"k":[0.3569,0.6157,1]},"r":2,"o":{"a":0,"k":100}},{"ty":"tr","a":{"a":0,"k":[0,0],"ix":1},"s":{"a":0,"k":[100,100],"ix":3},"sk":{"a":0,"k":0,"ix":4},"p":{"a":0,"k":[327.031,203.5],"ix":2},"r":{"a":0,"k":0,"ix":6},"sa":{"a":0,"k":0,"ix":5},"o":{"a":0,"k":100,"ix":7}}]}],"ind":16,"parent":18},{"ty":4,"nm":"piew","sr":1,"st":0,"op":28,"ip":17,"hd":false,"ddd":0,"bm":0,"hasMask":false,"ao":0,"ks":{"a":{"a":0,"k":[327.031,203.5,0]},"s":{"a":0,"k":[100,100,100]},"sk":{"a":0,"k":0},"p":{"a":0,"k":[-154.753,-352.723,0]},"r":{"a":0,"k":-145.581},"sa":{"a":0,"k":0},"o":{"a":0,"k":100}},"ef":[],"shapes":[{"ty":"gr","bm":0,"hd":false,"nm":"Ellipse 1","it":[{"ty":"el","bm":0,"hd":false,"nm":"Ellipse Path 1","d":1,"p":{"a":0,"k":[0,0]},"s":{"a":1,"k":[{"o":{"x":0.167,"y":0.167},"i":{"x":0.03,"y":1},"s":[80.781,80.781],"t":17},{"s":[0,0],"t":28}]}},{"ty":"st","bm":0,"hd":false,"nm":"Stroke 1","lc":1,"lj":1,"ml":4,"o":{"a":0,"k":100},"w":{"a":0,"k":0},"c":{"a":0,"k":[0.3569,0.6157,1]}},{"ty":"fl","bm":0,"hd":false,"nm":"Fill 1","c":{"a":0,"k":[0.3569,0.6157,1]},"r":2,"o":{"a":0,"k":100}},{"ty":"tr","a":{"a":0,"k":[0,0],"ix":1},"s":{"a":0,"k":[100,100],"ix":3},"sk":{"a":0,"k":0,"ix":4},"p":{"a":0,"k":[327.031,203.5],"ix":2},"r":{"a":0,"k":0,"ix":6},"sa":{"a":0,"k":0,"ix":5},"o":{"a":0,"k":100,"ix":7}}]}],"ind":17,"parent":18},{"ty":3,"nm":"Null 3","sr":1,"st":1,"op":28,"ip":3,"hd":false,"ddd":0,"bm":0,"hasMask":false,"ao":0,"ks":{"a":{"a":0,"k":[0,0,0]},"s":{"a":1,"k":[{"o":{"x":0.167,"y":0.167},"i":{"x":0.03,"y":1},"s":[100,100,100],"t":17},{"s":[260,260,100],"t":28}]},"sk":{"a":0,"k":0},"p":{"a":0,"k":[-10.291,-113.297,0]},"r":{"a":1,"k":[{"o":{"x":0.389,"y":0},"i":{"x":0.719,"y":0.817},"s":[-2],"t":3},{"o":{"x":0.456,"y":0.215},"i":{"x":0.05,"y":0.81},"s":[2.601],"t":4},{"s":[145.581],"t":17}]},"sa":{"a":0,"k":0},"o":{"a":0,"k":0}},"ef":[],"ind":18,"parent":1},{"ty":4,"nm":"Shape Layer 7","sr":1,"st":1,"op":17,"ip":3,"hd":false,"ddd":0,"bm":0,"hasMask":false,"ao":0,"ks":{"a":{"a":0,"k":[-20.125,11.75,0]},"s":{"a":0,"k":[100,100,100]},"sk":{"a":0,"k":0},"p":{"a":0,"k":[-0.125,-0.25,0]},"r":{"a":0,"k":180},"sa":{"a":0,"k":0},"o":{"a":0,"k":100}},"ef":[],"shapes":[{"ty":"gr","bm":0,"hd":false,"nm":"Ellipse 1","it":[{"ty":"el","bm":0,"hd":false,"nm":"Ellipse Path 1","d":1,"p":{"a":0,"k":[0,0]},"s":{"a":0,"k":[771.25,771.25]}},{"ty":"tm","bm":0,"hd":false,"nm":"Trim Paths 1","ix":2,"e":{"a":0,"k":45.776,"ix":2},"o":{"a":0,"k":0,"ix":3},"s":{"a":0,"k":40.797,"ix":1},"m":1},{"ty":"st","bm":0,"hd":false,"nm":"Stroke 1","lc":1,"lj":1,"ml":4,"o":{"a":0,"k":100},"w":{"a":0,"k":78.297},"c":{"a":0,"k":[0.3569,0.6157,1]}},{"ty":"tr","a":{"a":0,"k":[0,0],"ix":1},"s":{"a":0,"k":[100,100],"ix":3},"sk":{"a":0,"k":0,"ix":4},"p":{"a":0,"k":[-20,12],"ix":2},"r":{"a":0,"k":0,"ix":6},"sa":{"a":0,"k":0,"ix":5},"o":{"a":0,"k":100,"ix":7}}]}],"ind":19,"parent":18},{"ty":4,"nm":"Shape Layer 6","sr":1,"st":1,"op":17,"ip":3,"hd":false,"ddd":0,"bm":0,"hasMask":false,"ao":0,"ks":{"a":{"a":0,"k":[-20.125,11.75,0]},"s":{"a":0,"k":[100,100,100]},"sk":{"a":0,"k":0},"p":{"a":0,"k":[-0.125,-0.25,0]},"r":{"a":0,"k":0},"sa":{"a":0,"k":0},"o":{"a":0,"k":100}},"ef":[],"shapes":[{"ty":"gr","bm":0,"hd":false,"nm":"Ellipse 1","it":[{"ty":"el","bm":0,"hd":false,"nm":"Ellipse Path 1","d":1,"p":{"a":0,"k":[0,0]},"s":{"a":0,"k":[771.25,771.25]}},{"ty":"tm","bm":0,"hd":false,"nm":"Trim Paths 1","ix":2,"e":{"a":1,"k":[{"o":{"x":0.167,"y":0},"i":{"x":0.833,"y":1},"s":[1.5],"t":3},{"o":{"x":0.196,"y":0},"i":{"x":0.665,"y":0.609},"s":[3],"t":4},{"o":{"x":0.253,"y":0.681},"i":{"x":0.659,"y":0.496},"s":[21.532],"t":6},{"o":{"x":0.116,"y":0.297},"i":{"x":0.423,"y":1},"s":[37.019],"t":10},{"o":{"x":0.167,"y":0.167},"i":{"x":0.423,"y":0.423},"s":[45.776],"t":15},{"s":[45.776],"t":18}],"ix":2},"o":{"a":0,"k":0,"ix":3},"s":{"a":1,"k":[{"o":{"x":0.726,"y":0},"i":{"x":0.155,"y":1},"s":[0],"t":4},{"o":{"x":0.167,"y":0.167},"i":{"x":0.155,"y":0.155},"s":[40.797],"t":15},{"s":[40.797],"t":18}],"ix":1},"m":1},{"ty":"st","bm":0,"hd":false,"nm":"Stroke 1","lc":1,"lj":1,"ml":4,"o":{"a":0,"k":100},"w":{"a":1,"k":[{"o":{"x":0.558,"y":0},"i":{"x":0.522,"y":0.759},"s":[62],"t":3},{"o":{"x":0.207,"y":-0.135},"i":{"x":0.51,"y":1},"s":[159.446],"t":4},{"o":{"x":0.125,"y":0.752},"i":{"x":0.667,"y":1},"s":[83.949],"t":5},{"o":{"x":0.08,"y":0},"i":{"x":0.377,"y":1},"s":[42],"t":8},{"s":[78.297],"t":17}]},"c":{"a":0,"k":[0.3569,0.6157,1]}},{"ty":"tr","a":{"a":0,"k":[0,0],"ix":1},"s":{"a":0,"k":[100,100],"ix":3},"sk":{"a":0,"k":0,"ix":4},"p":{"a":0,"k":[-20,12],"ix":2},"r":{"a":0,"k":0,"ix":6},"sa":{"a":0,"k":0,"ix":5},"o":{"a":0,"k":100,"ix":7}}]}],"ind":20,"parent":18},{"ty":3,"nm":"Null 3","sr":1,"st":2,"op":25,"ip":4,"hd":false,"ddd":0,"bm":0,"hasMask":false,"ao":0,"ks":{"a":{"a":0,"k":[0,0,0]},"s":{"a":0,"k":[100,100,100]},"sk":{"a":0,"k":0},"p":{"a":0,"k":[-10.291,-113.297,0]},"r":{"a":1,"k":[{"o":{"x":0.389,"y":0},"i":{"x":0.719,"y":0.849},"s":[-2],"t":4},{"o":{"x":0.456,"y":0.199},"i":{"x":0,"y":0.817},"s":[3.601],"t":5},{"s":[145.581],"t":17}]},"sa":{"a":0,"k":0},"o":{"a":0,"k":0}},"ef":[],"ind":21,"parent":1},{"ty":4,"nm":"Shape Layer 17","sr":1,"st":2,"op":17,"ip":4,"hd":false,"ddd":0,"bm":0,"hasMask":false,"ao":0,"ks":{"a":{"a":0,"k":[-20.125,11.75,0]},"s":{"a":0,"k":[100,100,100]},"sk":{"a":0,"k":0},"p":{"a":0,"k":[-0.125,-0.25,0]},"r":{"a":0,"k":180},"sa":{"a":0,"k":0},"o":{"a":0,"k":100}},"ef":[],"shapes":[{"ty":"gr","bm":0,"hd":false,"nm":"Ellipse 1","it":[{"ty":"el","bm":0,"hd":false,"nm":"Ellipse Path 1","d":1,"p":{"a":0,"k":[0,0]},"s":{"a":0,"k":[771.25,771.25]}},{"ty":"tm","bm":0,"hd":false,"nm":"Trim Paths 1","ix":2,"e":{"a":0,"k":45.776,"ix":2},"o":{"a":0,"k":0,"ix":3},"s":{"a":0,"k":40.797,"ix":1},"m":1},{"ty":"st","bm":0,"hd":false,"nm":"Stroke 1","lc":1,"lj":1,"ml":4,"o":{"a":0,"k":100},"w":{"a":0,"k":78.297},"c":{"a":0,"k":[0.9843,0.7765,0.3137]}},{"ty":"tr","a":{"a":0,"k":[0,0],"ix":1},"s":{"a":0,"k":[100,100],"ix":3},"sk":{"a":0,"k":0,"ix":4},"p":{"a":0,"k":[-20,12],"ix":2},"r":{"a":0,"k":0,"ix":6},"sa":{"a":0,"k":0,"ix":5},"o":{"a":0,"k":100,"ix":7}}]}],"ind":22,"parent":21},{"ty":4,"nm":"Shape Layer 16","sr":1,"st":2,"op":17,"ip":4,"hd":false,"ddd":0,"bm":0,"hasMask":false,"ao":0,"ks":{"a":{"a":0,"k":[-20.125,11.75,0]},"s":{"a":0,"k":[100,100,100]},"sk":{"a":0,"k":0},"p":{"a":0,"k":[-0.125,-0.25,0]},"r":{"a":0,"k":0},"sa":{"a":0,"k":0},"o":{"a":0,"k":100}},"ef":[],"shapes":[{"ty":"gr","bm":0,"hd":false,"nm":"Ellipse 1","it":[{"ty":"el","bm":0,"hd":false,"nm":"Ellipse Path 1","d":1,"p":{"a":0,"k":[0,0]},"s":{"a":0,"k":[771.25,771.25]}},{"ty":"tm","bm":0,"hd":false,"nm":"Trim Paths 1","ix":2,"e":{"a":1,"k":[{"o":{"x":0.167,"y":0},"i":{"x":0.833,"y":1},"s":[1.5],"t":4},{"o":{"x":0.196,"y":0},"i":{"x":0.665,"y":0.609},"s":[3],"t":5},{"o":{"x":0.253,"y":0.681},"i":{"x":0.659,"y":0.496},"s":[21.532],"t":7},{"o":{"x":0.116,"y":0.238},"i":{"x":0.423,"y":1},"s":[37.019],"t":11},{"o":{"x":0.167,"y":0.167},"i":{"x":0.833,"y":0.833},"s":[45.776],"t":15},{"o":{"x":0.167,"y":0.167},"i":{"x":0.833,"y":0.833},"s":[45.776],"t":18},{"s":[50],"t":24}],"ix":2},"o":{"a":0,"k":0,"ix":3},"s":{"a":1,"k":[{"o":{"x":0.726,"y":0},"i":{"x":0.155,"y":1},"s":[0],"t":5},{"o":{"x":0.167,"y":0.167},"i":{"x":0.833,"y":0.833},"s":[40.797],"t":15},{"o":{"x":0.167,"y":0.167},"i":{"x":0.833,"y":0.833},"s":[40.797],"t":18},{"s":[50],"t":24}],"ix":1},"m":1},{"ty":"st","bm":0,"hd":false,"nm":"Stroke 1","lc":1,"lj":1,"ml":4,"o":{"a":0,"k":100},"w":{"a":1,"k":[{"o":{"x":0.558,"y":0},"i":{"x":0.522,"y":0.759},"s":[62],"t":3},{"o":{"x":0.207,"y":-0.135},"i":{"x":0.51,"y":1},"s":[159.446],"t":4},{"o":{"x":0.125,"y":0.752},"i":{"x":0.667,"y":1},"s":[83.949],"t":5},{"o":{"x":0.08,"y":0},"i":{"x":0.377,"y":1},"s":[42],"t":8},{"s":[78.297],"t":18}]},"c":{"a":0,"k":[0.9843,0.7765,0.3137]}},{"ty":"tr","a":{"a":0,"k":[0,0],"ix":1},"s":{"a":0,"k":[100,100],"ix":3},"sk":{"a":0,"k":0,"ix":4},"p":{"a":0,"k":[-20,12],"ix":2},"r":{"a":0,"k":0,"ix":6},"sa":{"a":0,"k":0,"ix":5},"o":{"a":0,"k":100,"ix":7}}]}],"ind":23,"parent":21},{"ty":3,"nm":"Dotted_lines_Null","sr":1,"st":0,"op":25,"ip":0,"hd":false,"ddd":0,"bm":0,"hasMask":false,"ao":0,"ks":{"a":{"a":0,"k":[0,0,0]},"s":{"a":0,"k":[100,100,100]},"sk":{"a":0,"k":0},"p":{"a":0,"k":[-10.291,-113.297,0]},"r":{"a":1,"k":[{"o":{"x":0.591,"y":0},"i":{"x":0.11,"y":1},"s":[0],"t":0},{"s":[148.379],"t":16}]},"sa":{"a":0,"k":0},"o":{"a":0,"k":0}},"ef":[],"ind":24,"parent":1},{"ty":4,"nm":"Dotted_lines","sr":1,"st":0,"op":17,"ip":1,"hd":false,"ddd":0,"bm":0,"hasMask":false,"ao":0,"ks":{"a":{"a":0,"k":[-20.125,11.875,0]},"s":{"a":0,"k":[100,100,100]},"sk":{"a":0,"k":0},"p":{"a":0,"k":[-0.125,-0.125,0]},"r":{"a":0,"k":180},"sa":{"a":0,"k":0},"o":{"a":0,"k":100}},"ef":[],"shapes":[{"ty":"gr","bm":0,"hd":false,"nm":"Ellipse 1","it":[{"ty":"el","bm":0,"hd":false,"nm":"Ellipse Path 1","d":1,"p":{"a":0,"k":[0,0]},"s":{"a":0,"k":[771.25,771.25]}},{"ty":"tm","bm":0,"hd":false,"nm":"Trim Paths 1","ix":2,"e":{"a":1,"k":[{"o":{"x":0.228,"y":0},"i":{"x":0.602,"y":0.436},"s":[3],"t":0},{"o":{"x":0.29,"y":0.285},"i":{"x":0.54,"y":0.526},"s":[9.842],"t":2},{"o":{"x":0.15,"y":0.532},"i":{"x":0.294,"y":1},"s":[25.357],"t":5},{"s":[43],"t":16}],"ix":2},"o":{"a":0,"k":0,"ix":3},"s":{"a":1,"k":[{"o":{"x":0.745,"y":0},"i":{"x":0.109,"y":1},"s":[0],"t":4},{"s":[43],"t":16}],"ix":1},"m":1},{"ty":"st","bm":0,"hd":false,"nm":"Stroke 1","lc":1,"lj":1,"ml":4,"o":{"a":0,"k":100},"w":{"a":0,"k":8},"d":[{"nm":"dash","n":"d","v":{"a":1,"k":[{"o":{"x":0.37,"y":0},"i":{"x":0.922,"y":0.997},"s":[20],"t":0},{"o":{"x":0.167,"y":0.167},"i":{"x":0.11,"y":1},"s":[58.449],"t":9},{"s":[52.308],"t":16}]}},{"nm":"gap","n":"g","v":{"a":1,"k":[{"o":{"x":0.63,"y":0},"i":{"x":0.958,"y":0.996},"s":[45],"t":0},{"o":{"x":0.167,"y":0.167},"i":{"x":0.11,"y":1},"s":[127],"t":8},{"s":[69.231],"t":16}]}},{"nm":"offset","n":"o","v":{"a":0,"k":0}}],"c":{"a":0,"k":[0.9843,0.7765,0.3137]}},{"ty":"tr","a":{"a":0,"k":[0,0],"ix":1},"s":{"a":0,"k":[100,100],"ix":3},"sk":{"a":0,"k":0,"ix":4},"p":{"a":0,"k":[-20,12],"ix":2},"r":{"a":0,"k":0,"ix":6},"sa":{"a":0,"k":0,"ix":5},"o":{"a":0,"k":100,"ix":7}}]}],"ind":25,"parent":24},{"ty":4,"nm":"dotted_lines","sr":1,"st":0,"op":17,"ip":1,"hd":false,"ddd":0,"bm":0,"hasMask":false,"td":1,"ao":0,"ks":{"a":{"a":0,"k":[-20.125,11.75,0]},"s":{"a":0,"k":[100,100,100]},"sk":{"a":0,"k":0},"p":{"a":0,"k":[-0.125,-0.25,0]},"r":{"a":0,"k":0},"sa":{"a":0,"k":0},"o":{"a":0,"k":100}},"ef":[],"shapes":[{"ty":"gr","bm":0,"hd":false,"nm":"Ellipse 1","it":[{"ty":"el","bm":0,"hd":false,"nm":"Ellipse Path 1","d":1,"p":{"a":0,"k":[0,0]},"s":{"a":1,"k":[{"o":{"x":0.36,"y":0},"i":{"x":0.1,"y":1},"s":[1232.858,1232.858],"t":0},{"s":[771.25,771.25],"t":16}]}},{"ty":"tm","bm":0,"hd":false,"nm":"Trim Paths 1","ix":2,"e":{"a":1,"k":[{"o":{"x":0.228,"y":0},"i":{"x":0.602,"y":0.436},"s":[3],"t":0},{"o":{"x":0.29,"y":0.285},"i":{"x":0.54,"y":0.526},"s":[9.842],"t":2},{"o":{"x":0.15,"y":0.532},"i":{"x":0.294,"y":1},"s":[25.357],"t":5},{"s":[43],"t":16}],"ix":2},"o":{"a":0,"k":0,"ix":3},"s":{"a":1,"k":[{"o":{"x":0.745,"y":0},"i":{"x":0.109,"y":1},"s":[0],"t":4},{"s":[43],"t":16}],"ix":1},"m":1},{"ty":"st","bm":0,"hd":false,"nm":"Stroke 1","lc":1,"lj":1,"ml":4,"o":{"a":0,"k":100},"w":{"a":0,"k":8},"d":[{"nm":"dash","n":"d","v":{"a":1,"k":[{"o":{"x":0.37,"y":0},"i":{"x":0.922,"y":0.997},"s":[20],"t":0},{"o":{"x":0.167,"y":0.167},"i":{"x":0.11,"y":1},"s":[58.449],"t":9},{"s":[52.308],"t":16}]}},{"nm":"gap","n":"g","v":{"a":1,"k":[{"o":{"x":0.63,"y":0},"i":{"x":0.958,"y":0.996},"s":[45],"t":0},{"o":{"x":0.167,"y":0.167},"i":{"x":0.11,"y":1},"s":[127],"t":8},{"s":[69.231],"t":16}]}},{"nm":"offset","n":"o","v":{"a":0,"k":0}}],"c":{"a":0,"k":[0.9843,0.7765,0.3137]}},{"ty":"tr","a":{"a":0,"k":[0,0],"ix":1},"s":{"a":0,"k":[100,100],"ix":3},"sk":{"a":0,"k":0,"ix":4},"p":{"a":0,"k":[-20,12],"ix":2},"r":{"a":0,"k":0,"ix":6},"sa":{"a":0,"k":0,"ix":5},"o":{"a":0,"k":100,"ix":7}}]}],"ind":26,"parent":24},{"ty":4,"nm":"action_strokes","sr":1,"st":-2,"op":29,"ip":17,"hd":false,"ddd":0,"bm":0,"tt":1,"hasMask":false,"ao":0,"ks":{"a":{"a":0,"k":[0,0,0]},"s":{"a":0,"k":[100,100,100]},"sk":{"a":0,"k":0},"p":{"a":0,"k":[-10.291,-113.297,0]},"r":{"a":0,"k":0},"sa":{"a":0,"k":0},"o":{"a":0,"k":100}},"ef":[],"shapes":[{"ty":"gr","bm":0,"hd":false,"nm":"Ellipse 1","it":[{"ty":"el","bm":0,"hd":false,"nm":"Ellipse Path 1","d":1,"p":{"a":0,"k":[0,0]},"s":{"a":0,"k":[879,879]}},{"ty":"st","bm":0,"hd":false,"nm":"Stroke 1","lc":1,"lj":1,"ml":4,"o":{"a":0,"k":100},"w":{"a":0,"k":1162},"d":[{"nm":"dash","n":"d","v":{"a":0,"k":11}},{"nm":"gap","n":"g","v":{"a":0,"k":134.4}},{"nm":"offset","n":"o","v":{"a":0,"k":68}}],"c":{"a":0,"k":[0.3569,0.6157,1]}},{"ty":"tr","a":{"a":0,"k":[0,0],"ix":1},"s":{"a":0,"k":[100,100],"ix":3},"sk":{"a":0,"k":0,"ix":4},"p":{"a":0,"k":[0,0],"ix":2},"r":{"a":0,"k":0,"ix":6},"sa":{"a":0,"k":0,"ix":5},"o":{"a":0,"k":100,"ix":7}}]}],"ind":27,"parent":1},{"ty":4,"nm":"action_strokes_mask","sr":1,"st":-2,"op":29,"ip":17,"hd":false,"ddd":0,"bm":0,"hasMask":false,"td":1,"ao":0,"ks":{"a":{"a":0,"k":[0,0,0]},"s":{"a":0,"k":[100,100,100]},"sk":{"a":0,"k":0},"p":{"a":0,"k":[-10.291,-113.297,0]},"r":{"a":0,"k":0},"sa":{"a":0,"k":0},"o":{"a":0,"k":100}},"ef":[],"shapes":[{"ty":"gr","bm":0,"hd":false,"nm":"Ellipse 1","it":[{"ty":"el","bm":0,"hd":false,"nm":"Ellipse Path 1","d":1,"p":{"a":0,"k":[0,0]},"s":{"a":1,"k":[{"o":{"x":0.415,"y":0.11},"i":{"x":0.704,"y":0.75},"s":[0,0],"t":16},{"o":{"x":0.103,"y":0.438},"i":{"x":0.213,"y":1},"s":[453.221,453.221],"t":17},{"s":[1440,1440],"t":28}]}},{"ty":"st","bm":0,"hd":false,"nm":"Stroke 1","lc":1,"lj":1,"ml":4,"o":{"a":0,"k":100},"w":{"a":1,"k":[{"o":{"x":0.333,"y":0},"i":{"x":0.833,"y":0.833},"s":[50],"t":20},{"s":[0],"t":28}]},"c":{"a":0,"k":[0.3569,0.6157,1]}},{"ty":"tr","a":{"a":0,"k":[0,0],"ix":1},"s":{"a":0,"k":[100,100],"ix":3},"sk":{"a":0,"k":0,"ix":4},"p":{"a":0,"k":[0,0],"ix":2},"r":{"a":0,"k":0,"ix":6},"sa":{"a":0,"k":0,"ix":5},"o":{"a":0,"k":100,"ix":7}}]}],"ind":28,"parent":1},{"ty":4,"nm":"action_strokes","sr":1,"st":-2,"op":29,"ip":17,"hd":false,"ddd":0,"bm":0,"tt":1,"hasMask":false,"ao":0,"ks":{"a":{"a":0,"k":[0,0,0]},"s":{"a":0,"k":[100,100,100]},"sk":{"a":0,"k":0},"p":{"a":0,"k":[-10.291,-113.297,0]},"r":{"a":0,"k":0},"sa":{"a":0,"k":0},"o":{"a":0,"k":100}},"ef":[],"shapes":[{"ty":"gr","bm":0,"hd":false,"nm":"Ellipse 1","it":[{"ty":"el","bm":0,"hd":false,"nm":"Ellipse Path 1","d":1,"p":{"a":0,"k":[0,0]},"s":{"a":0,"k":[879,879]}},{"ty":"st","bm":0,"hd":false,"nm":"Stroke 1","lc":1,"lj":1,"ml":4,"o":{"a":0,"k":100},"w":{"a":0,"k":1162},"d":[{"nm":"dash","n":"d","v":{"a":0,"k":11}},{"nm":"gap","n":"g","v":{"a":0,"k":134.4}},{"nm":"offset","n":"o","v":{"a":0,"k":68}}],"c":{"a":0,"k":[0.9843,0.7765,0.3137]}},{"ty":"tr","a":{"a":0,"k":[0,0],"ix":1},"s":{"a":0,"k":[100,100],"ix":3},"sk":{"a":0,"k":0,"ix":4},"p":{"a":0,"k":[0,0],"ix":2},"r":{"a":0,"k":0,"ix":6},"sa":{"a":0,"k":0,"ix":5},"o":{"a":0,"k":100,"ix":7}}]}],"ind":29,"parent":1},{"ty":4,"nm":"action_strokes_mask","sr":1,"st":-2,"op":29,"ip":17,"hd":false,"ddd":0,"bm":0,"hasMask":false,"td":1,"ao":0,"ks":{"a":{"a":0,"k":[0,0,0]},"s":{"a":0,"k":[100,100,100]},"sk":{"a":0,"k":0},"p":{"a":0,"k":[-10.291,-113.297,0]},"r":{"a":0,"k":0},"sa":{"a":0,"k":0},"o":{"a":0,"k":100}},"ef":[],"shapes":[{"ty":"gr","bm":0,"hd":false,"nm":"Ellipse 1","it":[{"ty":"el","bm":0,"hd":false,"nm":"Ellipse Path 1","d":1,"p":{"a":0,"k":[0,0]},"s":{"a":1,"k":[{"o":{"x":0.416,"y":0.304},"i":{"x":0.598,"y":0.165},"s":[0,0],"t":15},{"o":{"x":0.117,"y":0.583},"i":{"x":0.337,"y":1},"s":[387.422,387.422],"t":17},{"s":[1279,1279],"t":28}]}},{"ty":"st","bm":0,"hd":false,"nm":"Stroke 1","lc":1,"lj":1,"ml":4,"o":{"a":0,"k":100},"w":{"a":1,"k":[{"o":{"x":0.333,"y":0},"i":{"x":0.833,"y":0.833},"s":[50],"t":20},{"s":[0],"t":28}]},"c":{"a":0,"k":[0.3569,0.6157,1]}},{"ty":"tr","a":{"a":0,"k":[0,0],"ix":1},"s":{"a":0,"k":[100,100],"ix":3},"sk":{"a":0,"k":0,"ix":4},"p":{"a":0,"k":[0,0],"ix":2},"r":{"a":0,"k":0,"ix":6},"sa":{"a":0,"k":0,"ix":5},"o":{"a":0,"k":100,"ix":7}}]}],"ind":30,"parent":1},{"ty":4,"nm":"action_strokes","sr":1,"st":-2,"op":29,"ip":17,"hd":false,"ddd":0,"bm":0,"tt":1,"hasMask":false,"ao":0,"ks":{"a":{"a":0,"k":[0,0,0]},"s":{"a":0,"k":[100,100,100]},"sk":{"a":0,"k":0},"p":{"a":0,"k":[-10.291,-113.297,0]},"r":{"a":0,"k":0},"sa":{"a":0,"k":0},"o":{"a":0,"k":100}},"ef":[],"shapes":[{"ty":"gr","bm":0,"hd":false,"nm":"Ellipse 1","it":[{"ty":"el","bm":0,"hd":false,"nm":"Ellipse Path 1","d":1,"p":{"a":0,"k":[0,0]},"s":{"a":0,"k":[879,879]}},{"ty":"st","bm":0,"hd":false,"nm":"Stroke 1","lc":1,"lj":1,"ml":4,"o":{"a":0,"k":100},"w":{"a":0,"k":1162},"d":[{"nm":"dash","n":"d","v":{"a":0,"k":11}},{"nm":"gap","n":"g","v":{"a":0,"k":134.4}},{"nm":"offset","n":"o","v":{"a":0,"k":0}}],"c":{"a":0,"k":[0.9843,0.7765,0.3137]}},{"ty":"tr","a":{"a":0,"k":[0,0],"ix":1},"s":{"a":0,"k":[100,100],"ix":3},"sk":{"a":0,"k":0,"ix":4},"p":{"a":0,"k":[0,0],"ix":2},"r":{"a":0,"k":0,"ix":6},"sa":{"a":0,"k":0,"ix":5},"o":{"a":0,"k":100,"ix":7}}]}],"ind":31,"parent":1},{"ty":4,"nm":"action_strokes_mask","sr":1,"st":-2,"op":29,"ip":17,"hd":false,"ddd":0,"bm":0,"hasMask":false,"td":1,"ao":0,"ks":{"a":{"a":0,"k":[0,0,0]},"s":{"a":0,"k":[100,100,100]},"sk":{"a":0,"k":0},"p":{"a":0,"k":[-10.291,-113.297,0]},"r":{"a":0,"k":0},"sa":{"a":0,"k":0},"o":{"a":0,"k":100}},"ef":[],"shapes":[{"ty":"gr","bm":0,"hd":false,"nm":"Ellipse 1","it":[{"ty":"el","bm":0,"hd":false,"nm":"Ellipse Path 1","d":1,"p":{"a":0,"k":[0,0]},"s":{"a":1,"k":[{"o":{"x":0.416,"y":0.211},"i":{"x":0.598,"y":0.42},"s":[0,0],"t":15},{"o":{"x":0.117,"y":0.517},"i":{"x":0.337,"y":1},"s":[558.422,558.422],"t":17},{"s":[1563,1563],"t":28}]}},{"ty":"st","bm":0,"hd":false,"nm":"Stroke 1","lc":1,"lj":1,"ml":4,"o":{"a":0,"k":100},"w":{"a":1,"k":[{"o":{"x":0.333,"y":0},"i":{"x":0.833,"y":0.833},"s":[50],"t":20},{"s":[0],"t":28}]},"c":{"a":0,"k":[0.3569,0.6157,1]}},{"ty":"tr","a":{"a":0,"k":[0,0],"ix":1},"s":{"a":0,"k":[100,100],"ix":3},"sk":{"a":0,"k":0,"ix":4},"p":{"a":0,"k":[0,0],"ix":2},"r":{"a":0,"k":0,"ix":6},"sa":{"a":0,"k":0,"ix":5},"o":{"a":0,"k":100,"ix":7}}]}],"ind":32,"parent":1},{"ty":4,"nm":"action_strokes","sr":1,"st":-2,"op":29,"ip":17,"hd":false,"ddd":0,"bm":0,"tt":1,"hasMask":false,"ao":0,"ks":{"a":{"a":0,"k":[0,0,0]},"s":{"a":0,"k":[100,100,100]},"sk":{"a":0,"k":0},"p":{"a":0,"k":[-10.291,-113.297,0]},"r":{"a":0,"k":0},"sa":{"a":0,"k":0},"o":{"a":0,"k":100}},"ef":[],"shapes":[{"ty":"gr","bm":0,"hd":false,"nm":"Ellipse 1","it":[{"ty":"el","bm":0,"hd":false,"nm":"Ellipse Path 1","d":1,"p":{"a":0,"k":[0,0]},"s":{"a":0,"k":[879,879]}},{"ty":"st","bm":0,"hd":false,"nm":"Stroke 1","lc":1,"lj":1,"ml":4,"o":{"a":0,"k":100},"w":{"a":0,"k":1162},"d":[{"nm":"dash","n":"d","v":{"a":0,"k":11}},{"nm":"gap","n":"g","v":{"a":0,"k":134.4}},{"nm":"offset","n":"o","v":{"a":0,"k":0}}],"c":{"a":0,"k":[0.9843,0.7765,0.3137]}},{"ty":"tr","a":{"a":0,"k":[0,0],"ix":1},"s":{"a":0,"k":[100,100],"ix":3},"sk":{"a":0,"k":0,"ix":4},"p":{"a":0,"k":[0,0],"ix":2},"r":{"a":0,"k":0,"ix":6},"sa":{"a":0,"k":0,"ix":5},"o":{"a":0,"k":100,"ix":7}}]}],"ind":33,"parent":1},{"ty":4,"nm":"action_strokes_mask","sr":1,"st":-2,"op":29,"ip":17,"hd":false,"ddd":0,"bm":0,"hasMask":false,"td":1,"ao":0,"ks":{"a":{"a":0,"k":[0,0,0]},"s":{"a":0,"k":[100,100,100]},"sk":{"a":0,"k":0},"p":{"a":0,"k":[-10.291,-113.297,0]},"r":{"a":0,"k":0},"sa":{"a":0,"k":0},"o":{"a":0,"k":100}},"ef":[],"shapes":[{"ty":"gr","bm":0,"hd":false,"nm":"Ellipse 1","it":[{"ty":"el","bm":0,"hd":false,"nm":"Ellipse Path 1","d":1,"p":{"a":0,"k":[0,0]},"s":{"a":1,"k":[{"o":{"x":0.167,"y":0.167},"i":{"x":0.09,"y":1},"s":[0,0],"t":15},{"s":[1844,1844],"t":28}]}},{"ty":"st","bm":0,"hd":false,"nm":"Stroke 1","lc":1,"lj":1,"ml":4,"o":{"a":0,"k":100},"w":{"a":1,"k":[{"o":{"x":0.333,"y":0},"i":{"x":0.833,"y":0.833},"s":[50],"t":20},{"s":[0],"t":28}]},"c":{"a":0,"k":[0.3569,0.6157,1]}},{"ty":"tr","a":{"a":0,"k":[0,0],"ix":1},"s":{"a":0,"k":[100,100],"ix":3},"sk":{"a":0,"k":0,"ix":4},"p":{"a":0,"k":[0,0],"ix":2},"r":{"a":0,"k":0,"ix":6},"sa":{"a":0,"k":0,"ix":5},"o":{"a":0,"k":100,"ix":7}}]}],"ind":34,"parent":1},{"ty":4,"nm":"action_strokes","sr":1,"st":-2,"op":29,"ip":17,"hd":false,"ddd":0,"bm":0,"tt":1,"hasMask":false,"ao":0,"ks":{"a":{"a":0,"k":[0,0,0]},"s":{"a":0,"k":[100,100,100]},"sk":{"a":0,"k":0},"p":{"a":0,"k":[-10.291,-113.297,0]},"r":{"a":0,"k":0},"sa":{"a":0,"k":0},"o":{"a":0,"k":100}},"ef":[],"shapes":[{"ty":"gr","bm":0,"hd":false,"nm":"Ellipse 1","it":[{"ty":"el","bm":0,"hd":false,"nm":"Ellipse Path 1","d":1,"p":{"a":0,"k":[0,0]},"s":{"a":0,"k":[879,879]}},{"ty":"st","bm":0,"hd":false,"nm":"Stroke 1","lc":1,"lj":1,"ml":4,"o":{"a":0,"k":100},"w":{"a":0,"k":1162},"d":[{"nm":"dash","n":"d","v":{"a":0,"k":11}},{"nm":"gap","n":"g","v":{"a":0,"k":134.4}},{"nm":"offset","n":"o","v":{"a":0,"k":0}}],"c":{"a":0,"k":[0.9843,0.7765,0.3137]}},{"ty":"tr","a":{"a":0,"k":[0,0],"ix":1},"s":{"a":0,"k":[100,100],"ix":3},"sk":{"a":0,"k":0,"ix":4},"p":{"a":0,"k":[0,0],"ix":2},"r":{"a":0,"k":0,"ix":6},"sa":{"a":0,"k":0,"ix":5},"o":{"a":0,"k":100,"ix":7}}]}],"ind":35,"parent":1},{"ty":1,"nm":"ResizerTemp","sr":1,"st":0,"op":33,"ip":0,"hd":false,"ddd":0,"bm":0,"hasMask":false,"ao":0,"ks":{"a":{"a":0,"k":[250,300,0]},"s":{"a":0,"k":[7.5,7.5,100]},"sk":{"a":0,"k":0},"p":{"a":0,"k":[19,25.5,0]},"r":{"a":0,"k":0},"sa":{"a":0,"k":0},"o":{"a":0,"k":0}},"ef":[],"sc":"#ffffff","sh":600,"sw":500,"ind":36,"parent":37},{"ty":1,"nm":"White Solid 20","sr":1,"st":0,"op":33,"ip":0,"hd":false,"ddd":0,"bm":0,"hasMask":false,"ao":0,"ks":{"a":{"a":0,"k":[20,25,0]},"s":{"a":0,"k":[200,200,100]},"sk":{"a":0,"k":0},"p":{"a":0,"k":[40,50,0]},"r":{"a":0,"k":0},"sa":{"a":0,"k":0},"o":{"a":0,"k":0}},"ef":[],"sc":"#ffffff","sh":50,"sw":40,"ind":37}],"v":"4.4.26","fr":25,"op":33,"ip":0,"assets":[]}