{"nm":"Lopping Shape","ddd":0,"h":300,"w":300,"meta":{"g":"LottieFiles AE 3.3.6"},"layers":[{"ty":4,"nm":"1 - 1","sr":1,"st":0,"op":150,"ip":0,"hd":false,"ddd":0,"bm":0,"hasMask":false,"ao":0,"ks":{"a":{"a":0,"k":[0,0,0],"ix":1},"s":{"a":1,"k":[{"o":{"x":0.61,"y":0},"i":{"x":0.39,"y":1},"s":[100,100,100],"t":0},{"o":{"x":0.61,"y":0},"i":{"x":0.39,"y":1},"s":[150,150,100],"t":30},{"s":[100,100,100],"t":60}],"ix":6},"sk":{"a":0,"k":0},"p":{"a":0,"k":[0,0,0],"ix":2},"r":{"a":0,"k":0,"ix":10},"sa":{"a":0,"k":0},"o":{"a":0,"k":100,"ix":11}},"ef":[],"shapes":[{"ty":"gr","bm":0,"hd":false,"mn":"ADBE Vector Group","nm":"Group 1","ix":1,"cix":2,"np":2,"it":[{"ty":"sh","bm":0,"hd":false,"mn":"ADBE Vector Shape - Group","nm":"Path 1","ix":1,"d":1,"ks":{"a":0,"k":{"c":true,"i":[[0,-27.614],[27.614,0],[0,27.614],[-27.614,0]],"o":[[0,27.614],[-27.614,0],[0,-27.614],[27.614,0]],"v":[[50,0],[0,50],[-50,0],[0,-50]]},"ix":2}},{"ty":"fl","bm":0,"hd":false,"mn":"ADBE Vector Graphic - Fill","nm":"Fill 1","c":{"a":0,"k":[1,0.7882,0.0549],"ix":4},"r":1,"o":{"a":0,"k":100,"ix":5}},{"ty":"tr","a":{"a":0,"k":[0,0],"ix":1},"s":{"a":0,"k":[100,100],"ix":3},"sk":{"a":0,"k":0,"ix":4},"p":{"a":0,"k":[0,0],"ix":2},"r":{"a":0,"k":0,"ix":6},"sa":{"a":0,"k":0,"ix":5},"o":{"a":0,"k":100,"ix":7}}]}],"ind":1,"parent":3},{"ty":4,"nm":"1 - 2","sr":1,"st":0,"op":150,"ip":0,"hd":false,"ddd":0,"bm":0,"hasMask":false,"ao":0,"ks":{"a":{"a":0,"k":[0,0,0],"ix":1},"s":{"a":0,"k":[100,100,100],"ix":6},"sk":{"a":0,"k":0},"p":{"a":0,"k":[0,0,0],"ix":2},"r":{"a":1,"k":[{"o":{"x":0.61,"y":0},"i":{"x":0.39,"y":1},"s":[0],"t":0},{"s":[360],"t":60}],"ix":10},"sa":{"a":0,"k":0},"o":{"a":0,"k":100,"ix":11}},"ef":[],"shapes":[{"ty":"gr","bm":0,"hd":false,"mn":"ADBE Vector Group","nm":"Group 1","ix":1,"cix":2,"np":2,"it":[{"ty":"sh","bm":0,"hd":false,"mn":"ADBE Vector Shape - Group","nm":"Path 1","ix":1,"d":1,"ks":{"a":0,"k":{"c":true,"i":[[3.905,3.905],[0,0],[-3.905,3.905],[0,0],[-3.905,-3.905],[0,0],[3.905,-3.905],[0,0]],"o":[[0,0],[-3.905,-3.905],[0,0],[3.905,-3.905],[0,0],[3.905,3.905],[0,0],[-3.905,3.905]],"v":[[-7.071,98.995],[-98.995,7.071],[-98.995,-7.071],[-7.071,-98.995],[7.071,-98.995],[98.995,-7.071],[98.995,7.071],[7.071,98.995]]},"ix":2}},{"ty":"fl","bm":0,"hd":false,"mn":"ADBE Vector Graphic - Fill","nm":"Fill 1","c":{"a":0,"k":[1,1,1],"ix":4},"r":1,"o":{"a":0,"k":100,"ix":5}},{"ty":"tr","a":{"a":0,"k":[0,0],"ix":1},"s":{"a":0,"k":[100,100],"ix":3},"sk":{"a":0,"k":0,"ix":4},"p":{"a":0,"k":[0,0],"ix":2},"r":{"a":0,"k":0,"ix":6},"sa":{"a":0,"k":0,"ix":5},"o":{"a":0,"k":100,"ix":7}}]}],"ind":2,"parent":3},{"ty":4,"nm":"1 - 3","sr":1,"st":0,"op":150,"ip":0,"hd":false,"ddd":0,"bm":0,"hasMask":false,"ao":0,"ks":{"a":{"a":0,"k":[0,0,0],"ix":1},"s":{"a":1,"k":[{"o":{"x":0.61,"y":0},"i":{"x":0.39,"y":1},"s":[100,100,100],"t":0},{"o":{"x":0.61,"y":0},"i":{"x":0.39,"y":1},"s":[115,115,100],"t":30},{"s":[100,100,100],"t":60}],"ix":6},"sk":{"a":0,"k":0},"p":{"a":0,"k":[150,150,0],"ix":2},"r":{"a":0,"k":0,"ix":10},"sa":{"a":0,"k":0},"o":{"a":0,"k":100,"ix":11}},"ef":[],"shapes":[{"ty":"gr","bm":0,"hd":false,"mn":"ADBE Vector Group","nm":"Group 1","ix":1,"cix":2,"np":2,"it":[{"ty":"sh","bm":0,"hd":false,"mn":"ADBE Vector Shape - Group","nm":"Path 1","ix":1,"d":1,"ks":{"a":0,"k":{"c":true,"i":[[5.523,0],[0,0],[0,5.523],[0,0],[-5.523,0],[0,0],[0,-5.523],[0,0]],"o":[[0,0],[-5.523,0],[0,0],[0,-5.523],[0,0],[5.523,0],[0,0],[0,5.523]],"v":[[65,75],[-65,75],[-75,65],[-75,-65],[-65,-75],[65,-75],[75,-65],[75,65]]},"ix":2}},{"ty":"fl","bm":0,"hd":false,"mn":"ADBE Vector Graphic - Fill","nm":"Fill 1","c":{"a":0,"k":[0.3569,0.6157,1],"ix":4},"r":1,"o":{"a":0,"k":100,"ix":5}},{"ty":"tr","a":{"a":0,"k":[0,0],"ix":1},"s":{"a":0,"k":[100,100],"ix":3},"sk":{"a":0,"k":0,"ix":4},"p":{"a":0,"k":[0,0],"ix":2},"r":{"a":0,"k":0,"ix":6},"sa":{"a":0,"k":0,"ix":5},"o":{"a":0,"k":100,"ix":7}}]}],"ind":3}],"v":"4.8.0","fr":30,"op":61,"ip":0,"assets":[]}