{"v":"5.5.7","meta":{"g":"LottieFiles AE 0.1.20","a":"","k":"","d":"","tc":""},"fr":60,"ip":0,"op":120,"w":1300,"h":1300,"nm":"animation","ddd":0,"assets":[],"layers":[{"ddd":0,"ind":1,"ty":4,"nm":"Tick","parent":4,"sr":1,"ks":{"o":{"a":1,"k":[{"i":{"x":[0.833],"y":[0.833]},"o":{"x":[0.167],"y":[0.167]},"t":0,"s":[0]},{"i":{"x":[0.833],"y":[0.833]},"o":{"x":[0.167],"y":[0.167]},"t":3.115,"s":[100]},{"t":20.796875,"s":[100]}],"ix":11},"r":{"a":1,"k":[{"i":{"x":[0.667],"y":[1]},"o":{"x":[0.333],"y":[0]},"t":12,"s":[-165]},{"t":39,"s":[0]}],"ix":10},"p":{"a":0,"k":[346.916,346.917,0],"ix":2},"a":{"a":0,"k":[278.033,227.218,0],"ix":1},"s":{"a":1,"k":[{"i":{"x":[0.667,0.667,0.667],"y":[1,1,1]},"o":{"x":[0.333,0.333,0.333],"y":[0,0,0]},"t":19.533,"s":[20,20,100]},{"t":38,"s":[120.056,120.056,100]}],"ix":6}},"ao":0,"shapes":[{"ty":"gr","it":[{"ind":0,"ty":"sh","ix":1,"ks":{"a":0,"k":{"i":[[0,0],[0,0],[0,0]],"o":[[0,0],[0,0],[0,0]],"v":[[-153.033,0.588],[-51.404,102.218],[153.032,-102.218]],"c":false},"ix":2},"nm":"Path 1","mn":"ADBE Vector Shape - Group","hd":false},{"ty":"st","c":{"a":0,"k":[1,1,1,1],"ix":3},"o":{"a":0,"k":100,"ix":4},"w":{"a":0,"k":55,"ix":5},"lc":2,"lj":2,"bm":0,"nm":"Stroke 1","mn":"ADBE Vector Graphic - Stroke","hd":false},{"ty":"tr","p":{"a":0,"k":[278.033,227.218],"ix":2},"a":{"a":0,"k":[0,0],"ix":1},"s":{"a":0,"k":[100,100],"ix":3},"r":{"a":0,"k":0,"ix":6},"o":{"a":0,"k":100,"ix":7},"sk":{"a":0,"k":0,"ix":4},"sa":{"a":0,"k":0,"ix":5},"nm":"Transform"}],"nm":"Group 1","np":2,"cix":2,"bm":0,"ix":1,"mn":"ADBE Vector Group","hd":false},{"ty":"tm","s":{"a":0,"k":0,"ix":1},"e":{"a":1,"k":[{"i":{"x":[0.33],"y":[1]},"o":{"x":[0.67],"y":[0]},"t":20.164,"s":[0]},{"t":38.48046875,"s":[100]}],"ix":2},"o":{"a":0,"k":0,"ix":3},"m":1,"ix":2,"nm":"Trim Paths 1","mn":"ADBE Vector Filter - Trim","hd":false}],"ip":0,"op":120,"st":0,"bm":0},{"ddd":0,"ind":2,"ty":4,"nm":"Glow Mask","td":1,"sr":1,"ks":{"o":{"a":1,"k":[{"i":{"x":[0.833],"y":[0.833]},"o":{"x":[0.167],"y":[0.167]},"t":0,"s":[0]},{"i":{"x":[0.833],"y":[0.833]},"o":{"x":[0.167],"y":[0.167]},"t":3.115,"s":[100]},{"t":20.796875,"s":[100]}],"ix":11},"r":{"a":0,"k":0,"ix":10},"p":{"a":0,"k":[651.01,647.835,0],"ix":2},"a":{"a":0,"k":[346.917,346.917,0],"ix":1},"s":{"a":1,"k":[{"i":{"x":[0.667,0.667,0.667],"y":[1,1,1]},"o":{"x":[0.333,0.333,0.333],"y":[0,0,0]},"t":19.533,"s":[20,20,100]},{"i":{"x":[0.833,0.833,0.833],"y":[1,1,1]},"o":{"x":[0.333,0.333,0.333],"y":[0,0,0]},"t":38,"s":[130.056,130.056,100]},{"i":{"x":[0.833,0.833,0.833],"y":[1,1,1]},"o":{"x":[0.167,0.167,0.167],"y":[0,0,0]},"t":51.109,"s":[95,95,100]},{"i":{"x":[0.833,0.833,0.833],"y":[1,1,1]},"o":{"x":[0.167,0.167,0.167],"y":[0,0,0]},"t":58.688,"s":[102,102,100]},{"i":{"x":[0.833,0.833,0.833],"y":[1,1,1]},"o":{"x":[0.167,0.167,0.167],"y":[0,0,0]},"t":63.74,"s":[98,98,100]},{"t":70.0546875,"s":[100,100,100]}],"ix":6}},"ao":0,"shapes":[{"ty":"gr","it":[{"ind":0,"ty":"sh","ix":1,"ks":{"a":0,"k":{"i":[[0,-191.459],[191.459,0],[0,191.458],[-191.458,0]],"o":[[0,191.458],[-191.458,0],[0,-191.459],[191.459,0]],"v":[[346.667,0],[0,346.667],[-346.667,0],[0,-346.666]],"c":true},"ix":2},"nm":"Path 1","mn":"ADBE Vector Shape - Group","hd":false},{"ty":"fl","c":{"a":0,"k":[0.118000000598,0.442999985639,0.929000016755,1],"ix":4},"o":{"a":0,"k":100,"ix":5},"r":1,"bm":0,"nm":"Fill 1","mn":"ADBE Vector Graphic - Fill","hd":false},{"ty":"tr","p":{"a":0,"k":[346.916,346.917],"ix":2},"a":{"a":0,"k":[0,0],"ix":1},"s":{"a":0,"k":[100,100],"ix":3},"r":{"a":0,"k":0,"ix":6},"o":{"a":0,"k":100,"ix":7},"sk":{"a":0,"k":0,"ix":4},"sa":{"a":0,"k":0,"ix":5},"nm":"Transform"}],"nm":"Group 1","np":2,"cix":2,"bm":0,"ix":1,"mn":"ADBE Vector Group","hd":false}],"ip":0,"op":120,"st":0,"bm":0},{"ddd":0,"ind":3,"ty":4,"nm":"Glow","tt":1,"sr":1,"ks":{"o":{"a":1,"k":[{"i":{"x":[0.833],"y":[1]},"o":{"x":[0.167],"y":[0]},"t":0,"s":[0]},{"i":{"x":[0.833],"y":[1]},"o":{"x":[0.167],"y":[0]},"t":3.115,"s":[100]},{"i":{"x":[0.833],"y":[0.643]},"o":{"x":[0.72],"y":[0]},"t":70.055,"s":[100]},{"t":89,"s":[0]}],"ix":11},"r":{"a":0,"k":0,"ix":10},"p":{"a":1,"k":[{"i":{"x":0.833,"y":0.788},"o":{"x":0.72,"y":0},"t":59.951,"s":[-254,130,0],"to":[226.667,131.333,0],"ti":[-226.667,-131.333,0]},{"t":89,"s":[1106,918,0]}],"ix":2},"a":{"a":0,"k":[0,0,0],"ix":1},"s":{"a":0,"k":[120.056,120.056,100],"ix":6}},"ao":0,"shapes":[{"ty":"gr","it":[{"ind":0,"ty":"sh","ix":1,"ks":{"a":0,"k":{"i":[[0,0],[348.655,1.947],[0,0],[35.647,880.072]],"o":[[0,0],[-8.868,-0.049],[0,0],[-3.819,-94.283]],"v":[[211.999,-440],[-480,280],[-136,648],[483.999,-312]],"c":true},"ix":2},"nm":"Path 1","mn":"ADBE Vector Shape - Group","hd":false},{"ty":"fl","c":{"a":0,"k":[0.76862745098,0.823067997951,1,1],"ix":4},"o":{"a":0,"k":30,"ix":5},"r":1,"bm":0,"nm":"Fill 1","mn":"ADBE Vector Graphic - Fill","hd":false},{"ty":"tr","p":{"a":0,"k":[0,0],"ix":2},"a":{"a":0,"k":[0,0],"ix":1},"s":{"a":0,"k":[100,100],"ix":3},"r":{"a":0,"k":0,"ix":6},"o":{"a":0,"k":100,"ix":7},"sk":{"a":0,"k":0,"ix":4},"sa":{"a":0,"k":0,"ix":5},"nm":"Transform"}],"nm":"Shape 1","np":3,"cix":2,"bm":0,"ix":1,"mn":"ADBE Vector Group","hd":false}],"ip":0,"op":120,"st":0,"bm":0},{"ddd":0,"ind":4,"ty":4,"nm":"Background Circle (Blue)","sr":1,"ks":{"o":{"a":1,"k":[{"i":{"x":[0.833],"y":[0.833]},"o":{"x":[0.167],"y":[0.167]},"t":0,"s":[0]},{"i":{"x":[0.833],"y":[0.833]},"o":{"x":[0.167],"y":[0.167]},"t":8,"s":[100]},{"t":20.796875,"s":[100]}],"ix":11},"r":{"a":0,"k":0,"ix":10},"p":{"a":0,"k":[650,650,0],"ix":2},"a":{"a":0,"k":[346.917,346.917,0],"ix":1},"s":{"a":1,"k":[{"i":{"x":[0.667,0.667,0.667],"y":[1,1,1]},"o":{"x":[0.333,0.333,0.333],"y":[0,0,0]},"t":19.533,"s":[20,20,100]},{"i":{"x":[0.833,0.833,0.833],"y":[1,1,1]},"o":{"x":[0.333,0.333,0.333],"y":[0,0,0]},"t":39,"s":[110,110,100]},{"i":{"x":[0.833,0.833,0.833],"y":[1,1,1]},"o":{"x":[0.167,0.167,0.167],"y":[0,0,0]},"t":51.109,"s":[95,95,100]},{"i":{"x":[0.833,0.833,0.833],"y":[1,1,1]},"o":{"x":[0.167,0.167,0.167],"y":[0,0,0]},"t":58.688,"s":[102,102,100]},{"i":{"x":[0.833,0.833,0.833],"y":[1,1,1]},"o":{"x":[0.167,0.167,0.167],"y":[0,0,0]},"t":63.74,"s":[98,98,100]},{"t":70.0546875,"s":[100,100,100]}],"ix":6}},"ao":0,"shapes":[{"ty":"gr","it":[{"ind":0,"ty":"sh","ix":1,"ks":{"a":0,"k":{"i":[[0,-191.459],[191.459,0],[0,191.458],[-191.458,0]],"o":[[0,191.458],[-191.458,0],[0,-191.459],[191.459,0]],"v":[[346.667,0],[0,346.667],[-346.667,0],[0,-346.666]],"c":true},"ix":2},"nm":"Path 1","mn":"ADBE Vector Shape - Group","hd":false},{"ty":"fl","c":{"a":0,"k":[0.352941185236,0.486274510622,0.89411765337,1],"ix":4},"o":{"a":0,"k":100,"ix":5},"r":1,"bm":0,"nm":"Fill 1","mn":"ADBE Vector Graphic - Fill","hd":false},{"ty":"tr","p":{"a":0,"k":[346.916,346.917],"ix":2},"a":{"a":0,"k":[0,0],"ix":1},"s":{"a":0,"k":[100,100],"ix":3},"r":{"a":0,"k":0,"ix":6},"o":{"a":0,"k":100,"ix":7},"sk":{"a":0,"k":0,"ix":4},"sa":{"a":0,"k":0,"ix":5},"nm":"Transform"}],"nm":"Group 1","np":2,"cix":2,"bm":0,"ix":1,"mn":"ADBE Vector Group","hd":false}],"ip":0,"op":120,"st":0,"bm":0},{"ddd":0,"ind":5,"ty":4,"nm":"Background(Blue)","parent":4,"sr":1,"ks":{"o":{"a":1,"k":[{"i":{"x":[0.833],"y":[0.833]},"o":{"x":[0.167],"y":[0.167]},"t":0,"s":[0]},{"i":{"x":[0.833],"y":[0.833]},"o":{"x":[0.167],"y":[0.167]},"t":3.115,"s":[20]},{"t":20.796875,"s":[20]}],"ix":11},"r":{"a":0,"k":0,"ix":10},"p":{"a":0,"k":[346.917,346.917,0],"ix":2},"a":{"a":0,"k":[346.917,346.917,0],"ix":1},"s":{"a":1,"k":[{"i":{"x":[0.33,0.33,0.33],"y":[1,1,1]},"o":{"x":[0.67,0.67,0.67],"y":[0,0,0]},"t":0,"s":[100,100,100]},{"i":{"x":[0.33,0.33,0.33],"y":[1,1,1]},"o":{"x":[0.67,0.67,0.67],"y":[0,0,0]},"t":38,"s":[168.056,168.056,100]},{"t":70.0546875,"s":[88,88,100]}],"ix":6}},"ao":0,"shapes":[{"ty":"gr","it":[{"ind":0,"ty":"sh","ix":1,"ks":{"a":0,"k":{"i":[[0,-191.459],[191.459,0],[0,191.458],[-191.458,0]],"o":[[0,191.458],[-191.458,0],[0,-191.459],[191.459,0]],"v":[[346.667,0],[0,346.667],[-346.667,0],[0,-346.666]],"c":true},"ix":2},"nm":"Path 1","mn":"ADBE Vector Shape - Group","hd":false},{"ty":"fl","c":{"a":0,"k":[0.352941185236,0.486274510622,0.89411765337,1],"ix":4},"o":{"a":0,"k":100,"ix":5},"r":1,"bm":0,"nm":"Fill 1","mn":"ADBE Vector Graphic - Fill","hd":false},{"ty":"tr","p":{"a":0,"k":[346.916,346.917],"ix":2},"a":{"a":0,"k":[0,0],"ix":1},"s":{"a":0,"k":[100,100],"ix":3},"r":{"a":0,"k":0,"ix":6},"o":{"a":0,"k":100,"ix":7},"sk":{"a":0,"k":0,"ix":4},"sa":{"a":0,"k":0,"ix":5},"nm":"Transform"}],"nm":"Group 1","np":2,"cix":2,"bm":0,"ix":1,"mn":"ADBE Vector Group","hd":false}],"ip":0,"op":120,"st":0,"bm":0},{"ddd":0,"ind":6,"ty":4,"nm":"Element 11","sr":1,"ks":{"o":{"a":1,"k":[{"i":{"x":[0.833],"y":[1]},"o":{"x":[0.167],"y":[0]},"t":10.793,"s":[0]},{"i":{"x":[0.833],"y":[1]},"o":{"x":[0.167],"y":[0]},"t":12.871,"s":[100]},{"i":{"x":[0.833],"y":[0.601]},"o":{"x":[0.72],"y":[0]},"t":27.42,"s":[100]},{"t":56,"s":[0]}],"ix":11},"r":{"a":0,"k":0,"ix":10},"p":{"a":1,"k":[{"i":{"x":0.33,"y":1},"o":{"x":0.174,"y":0},"t":15.99,"s":[647.368,647.581,0],"to":[-154.333,61,0],"ti":[34.333,-69,0]},{"t":32.615234375,"s":[464.545,1145.048,0]}],"ix":2},"a":{"a":0,"k":[88.379,84.132,0],"ix":1},"s":{"a":0,"k":[100,100,100],"ix":6}},"ao":0,"shapes":[{"ty":"gr","it":[{"ind":0,"ty":"sh","ix":1,"ks":{"a":0,"k":{"i":[[0,0],[-17.539,13.457],[-12.743,-16.607],[0,0]],"o":[[-12.743,-16.608],[17.539,-13.458],[0,0],[0,0]],"v":[[-25.635,34.132],[-16.894,-20.673],[38.306,-14.931],[38.379,-14.837]],"c":false},"ix":2},"nm":"Path 1","mn":"ADBE Vector Shape - Group","hd":false},{"ty":"st","c":{"a":0,"k":[0.255000005984,0.685999971278,0.501999978458,1],"ix":3},"o":{"a":0,"k":100,"ix":4},"w":{"a":0,"k":20,"ix":5},"lc":2,"lj":2,"bm":0,"nm":"Stroke 1","mn":"ADBE Vector Graphic - Stroke","hd":false},{"ty":"tr","p":{"a":0,"k":[88.378,84.131],"ix":2},"a":{"a":0,"k":[0,0],"ix":1},"s":{"a":0,"k":[100,100],"ix":3},"r":{"a":0,"k":0,"ix":6},"o":{"a":0,"k":100,"ix":7},"sk":{"a":0,"k":0,"ix":4},"sa":{"a":0,"k":0,"ix":5},"nm":"Transform"}],"nm":"Group 1","np":2,"cix":2,"bm":0,"ix":1,"mn":"ADBE Vector Group","hd":false}],"ip":15,"op":120,"st":15,"bm":0},{"ddd":0,"ind":7,"ty":4,"nm":"Element 10","sr":1,"ks":{"o":{"a":1,"k":[{"i":{"x":[0.833],"y":[1]},"o":{"x":[0.167],"y":[0]},"t":10.793,"s":[0]},{"i":{"x":[0.833],"y":[1]},"o":{"x":[0.167],"y":[0]},"t":12.871,"s":[100]},{"i":{"x":[0.833],"y":[0.601]},"o":{"x":[0.72],"y":[0]},"t":27.42,"s":[100]},{"t":56,"s":[0]}],"ix":11},"r":{"a":0,"k":0,"ix":10},"p":{"a":1,"k":[{"i":{"x":0.33,"y":1},"o":{"x":0.229,"y":0},"t":15.99,"s":[650,650,0],"to":[59.019,77.842,0],"ti":[-71.667,-48,0]},{"t":34.6953125,"s":[1004.113,1117.051,0]}],"ix":2},"a":{"a":0,"k":[33.514,41.664,0],"ix":1},"s":{"a":0,"k":[100,100,100],"ix":6}},"ao":0,"shapes":[{"ty":"gr","it":[{"ind":0,"ty":"sh","ix":1,"ks":{"a":0,"k":{"i":[[3.281,-1.895],[0,0],[1.894,3.281],[0,0],[-3.281,1.894],[0,0],[-1.894,-3.282],[0,0]],"o":[[0,0],[-3.281,1.894],[0,0],[-1.894,-3.283],[0,0],[3.281,-1.895],[0,0],[1.894,3.281]],"v":[[28.859,29.055],[10.732,39.52],[1.361,37.009],[-31.37,-19.681],[-28.859,-29.053],[-10.732,-39.519],[-1.361,-37.008],[31.37,19.683]],"c":true},"ix":2},"nm":"Path 1","mn":"ADBE Vector Shape - Group","hd":false},{"ty":"fl","c":{"a":0,"k":[0.275,0.513999968884,0.961000031116,1],"ix":4},"o":{"a":0,"k":100,"ix":5},"r":1,"bm":0,"nm":"Fill 1","mn":"ADBE Vector Graphic - Fill","hd":false},{"ty":"tr","p":{"a":0,"k":[33.514,41.664],"ix":2},"a":{"a":0,"k":[0,0],"ix":1},"s":{"a":0,"k":[100,100],"ix":3},"r":{"a":0,"k":0,"ix":6},"o":{"a":0,"k":100,"ix":7},"sk":{"a":0,"k":0,"ix":4},"sa":{"a":0,"k":0,"ix":5},"nm":"Transform"}],"nm":"Group 1","np":2,"cix":2,"bm":0,"ix":1,"mn":"ADBE Vector Group","hd":false}],"ip":15,"op":120,"st":15,"bm":0},{"ddd":0,"ind":8,"ty":4,"nm":"Element 9","sr":1,"ks":{"o":{"a":1,"k":[{"i":{"x":[0.833],"y":[1]},"o":{"x":[0.167],"y":[0]},"t":10.793,"s":[0]},{"i":{"x":[0.833],"y":[1]},"o":{"x":[0.167],"y":[0]},"t":12.871,"s":[100]},{"i":{"x":[0.833],"y":[0.601]},"o":{"x":[0.72],"y":[0]},"t":27.42,"s":[100]},{"t":56,"s":[0]}],"ix":11},"r":{"a":0,"k":0,"ix":10},"p":{"a":1,"k":[{"i":{"x":0.33,"y":1},"o":{"x":0.189,"y":0},"t":15.99,"s":[651.262,651.213,0],"to":[70.333,-5.667,0],"ti":[-62.333,-30.333,0]},{"t":33.134765625,"s":[1110.768,929.936,0]}],"ix":2},"a":{"a":0,"k":[60.548,78.82,0],"ix":1},"s":{"a":0,"k":[100,100,100],"ix":6}},"ao":0,"shapes":[{"ty":"gr","it":[{"ind":0,"ty":"sh","ix":1,"ks":{"a":0,"k":{"i":[[0,0],[2.886,-21.917],[20.753,2.734],[0.039,0.005]],"o":[[20.754,2.733],[-2.886,21.918],[-0.04,-0.005],[0,0]],"v":[[-12.409,-41.32],[20.162,3.615],[-22.93,38.586],[-23.048,38.571]],"c":false},"ix":2},"nm":"Path 1","mn":"ADBE Vector Shape - Group","hd":false},{"ty":"st","c":{"a":0,"k":[0.972549019608,0.149019607843,0.505882352941,1],"ix":3},"o":{"a":0,"k":100,"ix":4},"w":{"a":0,"k":15,"ix":5},"lc":2,"lj":2,"bm":0,"nm":"Stroke 1","mn":"ADBE Vector Graphic - Stroke","hd":false},{"ty":"tr","p":{"a":0,"k":[60.548,78.82],"ix":2},"a":{"a":0,"k":[0,0],"ix":1},"s":{"a":0,"k":[100,100],"ix":3},"r":{"a":0,"k":0,"ix":6},"o":{"a":0,"k":100,"ix":7},"sk":{"a":0,"k":0,"ix":4},"sa":{"a":0,"k":0,"ix":5},"nm":"Transform"}],"nm":"Group 1","np":2,"cix":2,"bm":0,"ix":1,"mn":"ADBE Vector Group","hd":false}],"ip":15,"op":120,"st":15,"bm":0},{"ddd":0,"ind":9,"ty":4,"nm":"Element 8","sr":1,"ks":{"o":{"a":1,"k":[{"i":{"x":[0.833],"y":[1]},"o":{"x":[0.167],"y":[0]},"t":10.793,"s":[0]},{"i":{"x":[0.833],"y":[1]},"o":{"x":[0.167],"y":[0]},"t":12.871,"s":[100]},{"i":{"x":[0.833],"y":[0.601]},"o":{"x":[0.72],"y":[0]},"t":27.42,"s":[100]},{"t":56,"s":[0]}],"ix":11},"r":{"a":0,"k":0,"ix":10},"p":{"a":1,"k":[{"i":{"x":0.33,"y":1},"o":{"x":0.263,"y":0},"t":15.99,"s":[649.692,649.692,0],"to":[46.333,-81.667,0],"ti":[-98.333,51.667,0]},{"t":46.126953125,"s":[1087.413,563.271,0]}],"ix":2},"a":{"a":0,"k":[47.326,47.325,0],"ix":1},"s":{"a":0,"k":[100,100,100],"ix":6}},"ao":0,"shapes":[{"ty":"gr","it":[{"ind":0,"ty":"sh","ix":1,"ks":{"a":0,"k":{"i":[[-11.644,-3.948],[0,0],[-3.912,2.92],[0,0],[0.157,-12.294],[0,0],[-3.985,-2.819],[0,0],[11.74,-3.65],[0,0],[1.449,-4.662],[0,0],[7.098,10.038],[0,0],[4.882,-0.063],[0,0],[-7.354,9.853],[0,0],[1.569,4.624],[0,0]],"o":[[0,0],[4.623,1.568],[0,0],[9.854,-7.353],[0,0],[-0.062,4.882],[0,0],[10.038,7.099],[0,0],[-4.662,1.449],[0,0],[-3.649,11.74],[0,0],[-2.82,-3.986],[0,0],[-12.293,0.156],[0,0],[2.92,-3.913],[0,0],[-3.948,-11.644]],"v":[[-17.558,-36.37],[-13.481,-34.987],[0.154,-37.147],[3.606,-39.722],[27.31,-27.644],[27.255,-23.339],[33.522,-11.038],[37.038,-8.552],[32.877,17.724],[28.763,19.002],[19.003,28.764],[17.724,32.876],[-8.551,37.037],[-11.037,33.522],[-23.338,27.255],[-27.644,27.31],[-39.721,3.606],[-37.146,0.155],[-34.987,-13.481],[-36.37,-17.558]],"c":true},"ix":2},"nm":"Path 1","mn":"ADBE Vector Shape - Group","hd":false},{"ty":"fl","c":{"a":0,"k":[1,0.736999990426,0.195999998205,1],"ix":4},"o":{"a":0,"k":100,"ix":5},"r":1,"bm":0,"nm":"Fill 1","mn":"ADBE Vector Graphic - Fill","hd":false},{"ty":"tr","p":{"a":0,"k":[47.325,47.325],"ix":2},"a":{"a":0,"k":[0,0],"ix":1},"s":{"a":0,"k":[100,100],"ix":3},"r":{"a":0,"k":0,"ix":6},"o":{"a":0,"k":100,"ix":7},"sk":{"a":0,"k":0,"ix":4},"sa":{"a":0,"k":0,"ix":5},"nm":"Transform"}],"nm":"Group 1","np":2,"cix":2,"bm":0,"ix":1,"mn":"ADBE Vector Group","hd":false}],"ip":15,"op":120,"st":15,"bm":0},{"ddd":0,"ind":10,"ty":4,"nm":"Element 7","sr":1,"ks":{"o":{"a":1,"k":[{"i":{"x":[0.833],"y":[1]},"o":{"x":[0.167],"y":[0]},"t":10.793,"s":[0]},{"i":{"x":[0.833],"y":[1]},"o":{"x":[0.167],"y":[0]},"t":12.871,"s":[100]},{"i":{"x":[0.833],"y":[0.601]},"o":{"x":[0.72],"y":[0]},"t":27.42,"s":[100]},{"t":56,"s":[0]}],"ix":11},"r":{"a":0,"k":0,"ix":10},"p":{"a":1,"k":[{"i":{"x":0.33,"y":1},"o":{"x":0.229,"y":0},"t":15.99,"s":[648.09,648.244,0],"to":[18.333,-110,0],"ti":[-64.333,76,0]},{"t":34.6953125,"s":[1006.148,335.839,0]}],"ix":2},"a":{"a":0,"k":[77.856,74.774,0],"ix":1},"s":{"a":0,"k":[100,100,100],"ix":6}},"ao":0,"shapes":[{"ty":"gr","it":[{"ind":0,"ty":"sh","ix":1,"ks":{"a":0,"k":{"i":[[0,0],[-12.731,9.768],[-9.249,-12.055],[-0.018,-0.022]],"o":[[-9.249,-12.055],[12.73,-9.768],[0.018,0.023],[0,0]],"v":[[-18.607,24.774],[-12.262,-15.006],[27.805,-10.838],[27.857,-10.77]],"c":false},"ix":2},"nm":"Path 1","mn":"ADBE Vector Shape - Group","hd":false},{"ty":"st","c":{"a":0,"k":[0.972549019608,0.149019607843,0.505882352941,1],"ix":3},"o":{"a":0,"k":100,"ix":4},"w":{"a":0,"k":20,"ix":5},"lc":2,"lj":2,"bm":0,"nm":"Stroke 1","mn":"ADBE Vector Graphic - Stroke","hd":false},{"ty":"tr","p":{"a":0,"k":[77.856,74.774],"ix":2},"a":{"a":0,"k":[0,0],"ix":1},"s":{"a":0,"k":[100,100],"ix":3},"r":{"a":0,"k":0,"ix":6},"o":{"a":0,"k":100,"ix":7},"sk":{"a":0,"k":0,"ix":4},"sa":{"a":0,"k":0,"ix":5},"nm":"Transform"}],"nm":"Group 1","np":2,"cix":2,"bm":0,"ix":1,"mn":"ADBE Vector Group","hd":false}],"ip":15,"op":120,"st":15,"bm":0},{"ddd":0,"ind":11,"ty":4,"nm":"Element 6","sr":1,"ks":{"o":{"a":1,"k":[{"i":{"x":[0.833],"y":[1]},"o":{"x":[0.167],"y":[0]},"t":10.793,"s":[0]},{"i":{"x":[0.833],"y":[1]},"o":{"x":[0.167],"y":[0]},"t":12.871,"s":[100]},{"i":{"x":[0.833],"y":[0.601]},"o":{"x":[0.72],"y":[0]},"t":27.42,"s":[100]},{"t":56,"s":[0]}],"ix":11},"r":{"a":0,"k":0,"ix":10},"p":{"a":1,"k":[{"i":{"x":0.33,"y":1},"o":{"x":0.189,"y":0},"t":15.99,"s":[649.693,649.693,0],"to":[-138,24.333,0],"ti":[110,-64.333,0]},{"t":33.134765625,"s":[219.471,1053.811,0]}],"ix":2},"a":{"a":0,"k":[47.326,47.325,0],"ix":1},"s":{"a":0,"k":[100,100,100],"ix":6}},"ao":0,"shapes":[{"ty":"gr","it":[{"ind":0,"ty":"sh","ix":1,"ks":{"a":0,"k":{"i":[[-11.644,-3.948],[0,0],[-3.913,2.92],[0,0],[0.157,-12.294],[0,0],[-3.986,-2.819],[0,0],[11.74,-3.65],[0,0],[1.449,-4.662],[0,0],[7.099,10.038],[0,0],[4.881,-0.062],[0,0],[-7.353,9.853],[0,0],[1.568,4.624],[0,0]],"o":[[0,0],[4.623,1.567],[0,0],[9.853,-7.352],[0,0],[-0.063,4.882],[0,0],[10.038,7.1],[0,0],[-4.662,1.449],[0,0],[-3.649,11.741],[0,0],[-2.819,-3.987],[0,0],[-12.293,0.157],[0,0],[2.92,-3.913],[0,0],[-3.948,-11.644]],"v":[[-17.558,-36.37],[-13.481,-34.987],[0.154,-37.147],[3.605,-39.723],[27.31,-27.644],[27.255,-23.339],[33.521,-11.038],[37.037,-8.553],[32.875,17.724],[28.763,19.002],[19.003,28.764],[17.724,32.875],[-8.552,37.037],[-11.039,33.522],[-23.339,27.254],[-27.645,27.31],[-39.722,3.606],[-37.146,0.154],[-34.987,-13.481],[-36.37,-17.558]],"c":true},"ix":2},"nm":"Path 1","mn":"ADBE Vector Shape - Group","hd":false},{"ty":"fl","c":{"a":0,"k":[1,0.737254901961,0.196078446332,1],"ix":4},"o":{"a":0,"k":100,"ix":5},"r":1,"bm":0,"nm":"Fill 1","mn":"ADBE Vector Graphic - Fill","hd":false},{"ty":"tr","p":{"a":0,"k":[47.325,47.325],"ix":2},"a":{"a":0,"k":[0,0],"ix":1},"s":{"a":0,"k":[100,100],"ix":3},"r":{"a":0,"k":0,"ix":6},"o":{"a":0,"k":100,"ix":7},"sk":{"a":0,"k":0,"ix":4},"sa":{"a":0,"k":0,"ix":5},"nm":"Transform"}],"nm":"Group 1","np":2,"cix":2,"bm":0,"ix":1,"mn":"ADBE Vector Group","hd":false}],"ip":15,"op":120,"st":15,"bm":0},{"ddd":0,"ind":12,"ty":4,"nm":"Element 5","sr":1,"ks":{"o":{"a":1,"k":[{"i":{"x":[0.833],"y":[1]},"o":{"x":[0.167],"y":[0]},"t":10.793,"s":[0]},{"i":{"x":[0.833],"y":[1]},"o":{"x":[0.167],"y":[0]},"t":12.871,"s":[100]},{"i":{"x":[0.833],"y":[0.601]},"o":{"x":[0.72],"y":[0]},"t":27.42,"s":[100]},{"t":56,"s":[0]}],"ix":11},"r":{"a":0,"k":0,"ix":10},"p":{"a":1,"k":[{"i":{"x":0.33,"y":1},"o":{"x":0.283,"y":0},"t":15.99,"s":[650,650,0],"to":[-178.333,3,0],"ti":[124.333,-150,0]},{"t":47.166015625,"s":[207.297,867.159,0]}],"ix":2},"a":{"a":0,"k":[30.771,30.771,0],"ix":1},"s":{"a":0,"k":[100,100,100],"ix":6}},"ao":0,"shapes":[{"ty":"gr","it":[{"ind":0,"ty":"sh","ix":1,"ks":{"a":0,"k":{"i":[[0,-16.856],[16.856,0],[0,16.856],[-16.857,0]],"o":[[0,16.856],[-16.857,0],[0,-16.856],[16.856,0]],"v":[[30.521,0],[0,30.521],[-30.521,0],[0,-30.521]],"c":true},"ix":2},"nm":"Path 1","mn":"ADBE Vector Shape - Group","hd":false},{"ty":"fl","c":{"a":0,"k":[0.972549019608,0.149019607843,0.505882352941,1],"ix":4},"o":{"a":0,"k":100,"ix":5},"r":1,"bm":0,"nm":"Fill 1","mn":"ADBE Vector Graphic - Fill","hd":false},{"ty":"tr","p":{"a":0,"k":[30.771,30.771],"ix":2},"a":{"a":0,"k":[0,0],"ix":1},"s":{"a":0,"k":[100,100],"ix":3},"r":{"a":0,"k":0,"ix":6},"o":{"a":0,"k":100,"ix":7},"sk":{"a":0,"k":0,"ix":4},"sa":{"a":0,"k":0,"ix":5},"nm":"Transform"}],"nm":"Group 1","np":2,"cix":2,"bm":0,"ix":1,"mn":"ADBE Vector Group","hd":false}],"ip":15,"op":120,"st":15,"bm":0},{"ddd":0,"ind":13,"ty":4,"nm":"Element 4","sr":1,"ks":{"o":{"a":1,"k":[{"i":{"x":[0.833],"y":[1]},"o":{"x":[0.167],"y":[0]},"t":10.793,"s":[0]},{"i":{"x":[0.833],"y":[1]},"o":{"x":[0.167],"y":[0]},"t":12.871,"s":[100]},{"i":{"x":[0.833],"y":[0.601]},"o":{"x":[0.72],"y":[0]},"t":27.42,"s":[100]},{"t":56,"s":[0]}],"ix":11},"r":{"a":0,"k":0,"ix":10},"p":{"a":1,"k":[{"i":{"x":0.33,"y":1},"o":{"x":0.273,"y":0},"t":15.99,"s":[650,650,0],"to":[-94.667,-86.667,0],"ti":[140.667,20.667,0]},{"t":46.64453125,"s":[136.624,624.727,0]}],"ix":2},"a":{"a":0,"k":[42,25.144,0],"ix":1},"s":{"a":0,"k":[100,100,100],"ix":6}},"ao":0,"shapes":[{"ty":"gr","it":[{"ind":0,"ty":"sh","ix":1,"ks":{"a":0,"k":{"i":[[-0.829,-3.697],[0,0],[3.698,-0.828],[0,0],[0.83,3.697],[0,0],[-3.697,0.828],[0,0]],"o":[[0,0],[0.829,3.697],[0,0],[-3.697,0.828],[0,0],[-0.828,-3.697],[0,0],[3.697,-0.828]],"v":[[36.343,-18.872],[40.921,1.552],[35.727,9.747],[-28.148,24.066],[-36.344,18.872],[-40.922,-1.553],[-35.728,-9.747],[28.148,-24.066]],"c":true},"ix":2},"nm":"Path 1","mn":"ADBE Vector Shape - Group","hd":false},{"ty":"fl","c":{"a":0,"k":[0.313725490196,0.81568627451,0.360784313725,1],"ix":4},"o":{"a":0,"k":100,"ix":5},"r":1,"bm":0,"nm":"Fill 1","mn":"ADBE Vector Graphic - Fill","hd":false},{"ty":"tr","p":{"a":0,"k":[42,25.144],"ix":2},"a":{"a":0,"k":[0,0],"ix":1},"s":{"a":0,"k":[100,100],"ix":3},"r":{"a":0,"k":0,"ix":6},"o":{"a":0,"k":100,"ix":7},"sk":{"a":0,"k":0,"ix":4},"sa":{"a":0,"k":0,"ix":5},"nm":"Transform"}],"nm":"Group 1","np":2,"cix":2,"bm":0,"ix":1,"mn":"ADBE Vector Group","hd":false}],"ip":15,"op":120,"st":15,"bm":0},{"ddd":0,"ind":14,"ty":4,"nm":"Element 3","sr":1,"ks":{"o":{"a":1,"k":[{"i":{"x":[0.833],"y":[1]},"o":{"x":[0.167],"y":[0]},"t":10.793,"s":[0]},{"i":{"x":[0.833],"y":[1]},"o":{"x":[0.167],"y":[0]},"t":12.871,"s":[100]},{"i":{"x":[0.833],"y":[0.601]},"o":{"x":[0.72],"y":[0]},"t":27.42,"s":[100]},{"t":56,"s":[0]}],"ix":11},"r":{"a":0,"k":0,"ix":10},"p":{"a":1,"k":[{"i":{"x":0.33,"y":1},"o":{"x":0.174,"y":0},"t":15.99,"s":[649.693,649.692,0],"to":[-113.667,-146,0],"ti":[119.667,22.5,0]},{"t":42.48828125,"s":[219.471,426.071,0]}],"ix":2},"a":{"a":0,"k":[47.326,47.325,0],"ix":1},"s":{"a":0,"k":[100,100,100],"ix":6}},"ao":0,"shapes":[{"ty":"gr","it":[{"ind":0,"ty":"sh","ix":1,"ks":{"a":0,"k":{"i":[[-11.644,-3.948],[0,0],[-3.913,2.92],[0,0],[0.157,-12.294],[0,0],[-3.986,-2.819],[0,0],[11.74,-3.65],[0,0],[1.449,-4.662],[0,0],[7.099,10.038],[0,0],[4.881,-0.063],[0,0],[-7.353,9.854],[0,0],[1.568,4.624],[0,0]],"o":[[0,0],[4.623,1.568],[0,0],[9.853,-7.353],[0,0],[-0.063,4.882],[0,0],[10.038,7.099],[0,0],[-4.662,1.449],[0,0],[-3.649,11.74],[0,0],[-2.819,-3.986],[0,0],[-12.293,0.157],[0,0],[2.92,-3.912],[0,0],[-3.948,-11.644]],"v":[[-17.558,-36.37],[-13.481,-34.987],[0.154,-37.147],[3.605,-39.722],[27.31,-27.644],[27.255,-23.339],[33.521,-11.038],[37.037,-8.552],[32.875,17.724],[28.763,19.002],[19.003,28.764],[17.724,32.876],[-8.552,37.037],[-11.039,33.522],[-23.339,27.255],[-27.645,27.309],[-39.722,3.605],[-37.146,0.154],[-34.987,-13.481],[-36.37,-17.558]],"c":true},"ix":2},"nm":"Path 1","mn":"ADBE Vector Shape - Group","hd":false},{"ty":"fl","c":{"a":0,"k":[0.274509803922,0.513725490196,0.960784313725,1],"ix":4},"o":{"a":0,"k":100,"ix":5},"r":1,"bm":0,"nm":"Fill 1","mn":"ADBE Vector Graphic - Fill","hd":false},{"ty":"tr","p":{"a":0,"k":[47.325,47.325],"ix":2},"a":{"a":0,"k":[0,0],"ix":1},"s":{"a":0,"k":[100,100],"ix":3},"r":{"a":0,"k":0,"ix":6},"o":{"a":0,"k":100,"ix":7},"sk":{"a":0,"k":0,"ix":4},"sa":{"a":0,"k":0,"ix":5},"nm":"Transform"}],"nm":"Group 1","np":2,"cix":2,"bm":0,"ix":1,"mn":"ADBE Vector Group","hd":false}],"ip":15,"op":120,"st":15,"bm":0},{"ddd":0,"ind":15,"ty":4,"nm":"Element 2","sr":1,"ks":{"o":{"a":1,"k":[{"i":{"x":[0.833],"y":[1]},"o":{"x":[0.167],"y":[0]},"t":10.793,"s":[0]},{"i":{"x":[0.833],"y":[1]},"o":{"x":[0.167],"y":[0]},"t":12.871,"s":[100]},{"i":{"x":[0.833],"y":[0.601]},"o":{"x":[0.72],"y":[0]},"t":27.42,"s":[100]},{"t":56,"s":[0]}],"ix":11},"r":{"a":0,"k":0,"ix":10},"p":{"a":1,"k":[{"i":{"x":0.33,"y":1},"o":{"x":0.292,"y":0},"t":15.99,"s":[650,650,0],"to":[-95.667,-127,0],"ti":[3.667,95,0]},{"t":47.6875,"s":[478.638,237.457,0]}],"ix":2},"a":{"a":0,"k":[33.515,41.664,0],"ix":1},"s":{"a":0,"k":[100,100,100],"ix":6}},"ao":0,"shapes":[{"ty":"gr","it":[{"ind":0,"ty":"sh","ix":1,"ks":{"a":0,"k":{"i":[[3.281,-1.895],[0,0],[1.895,3.281],[0,0],[-3.281,1.894],[0,0],[-1.895,-3.281],[0,0]],"o":[[0,0],[-3.282,1.895],[0,0],[-1.895,-3.281],[0,0],[3.281,-1.894],[0,0],[1.895,3.282]],"v":[[28.859,29.054],[10.733,39.519],[1.36,37.008],[-31.37,-19.683],[-28.859,-29.054],[-10.732,-39.52],[-1.36,-37.009],[31.37,19.682]],"c":true},"ix":2},"nm":"Path 1","mn":"ADBE Vector Shape - Group","hd":false},{"ty":"fl","c":{"a":0,"k":[0.274509803922,0.513725490196,0.960784313725,1],"ix":4},"o":{"a":0,"k":100,"ix":5},"r":1,"bm":0,"nm":"Fill 1","mn":"ADBE Vector Graphic - Fill","hd":false},{"ty":"tr","p":{"a":0,"k":[33.515,41.664],"ix":2},"a":{"a":0,"k":[0,0],"ix":1},"s":{"a":0,"k":[100,100],"ix":3},"r":{"a":0,"k":0,"ix":6},"o":{"a":0,"k":100,"ix":7},"sk":{"a":0,"k":0,"ix":4},"sa":{"a":0,"k":0,"ix":5},"nm":"Transform"}],"nm":"Group 1","np":2,"cix":2,"bm":0,"ix":1,"mn":"ADBE Vector Group","hd":false}],"ip":15,"op":120,"st":15,"bm":0},{"ddd":0,"ind":16,"ty":4,"nm":"Element 1","sr":1,"ks":{"o":{"a":1,"k":[{"i":{"x":[0.833],"y":[0.833]},"o":{"x":[0.167],"y":[0.167]},"t":10.793,"s":[0]},{"i":{"x":[0.833],"y":[0.833]},"o":{"x":[0.167],"y":[0.167]},"t":12.871,"s":[100]},{"i":{"x":[0.833],"y":[0.833]},"o":{"x":[0.167],"y":[0.167]},"t":27.42,"s":[100]},{"t":56,"s":[0]}],"ix":11},"r":{"a":0,"k":0,"ix":10},"p":{"a":1,"k":[{"i":{"x":0.33,"y":1},"o":{"x":0.252,"y":0},"t":15.99,"s":[650,650,0],"to":[22,-151.667,0],"ti":[40,75.667,0]},{"t":45.607421875,"s":[717.199,194.507,0]}],"ix":2},"a":{"a":0,"k":[30.771,30.771,0],"ix":1},"s":{"a":0,"k":[100,100,100],"ix":6}},"ao":0,"shapes":[{"ty":"gr","it":[{"ind":0,"ty":"sh","ix":1,"ks":{"a":0,"k":{"i":[[0,-16.856],[16.856,0],[0,16.857],[-16.857,0]],"o":[[0,16.857],[-16.857,0],[0,-16.856],[16.856,0]],"v":[[30.522,-0.001],[0,30.522],[-30.522,-0.001],[0,-30.522]],"c":true},"ix":2},"nm":"Path 1","mn":"ADBE Vector Shape - Group","hd":false},{"ty":"fl","c":{"a":0,"k":[0.255000005984,0.685999971278,0.501999978458,1],"ix":4},"o":{"a":0,"k":100,"ix":5},"r":1,"bm":0,"nm":"Fill 1","mn":"ADBE Vector Graphic - Fill","hd":false},{"ty":"tr","p":{"a":0,"k":[30.771,30.772],"ix":2},"a":{"a":0,"k":[0,0],"ix":1},"s":{"a":0,"k":[100,100],"ix":3},"r":{"a":0,"k":0,"ix":6},"o":{"a":0,"k":100,"ix":7},"sk":{"a":0,"k":0,"ix":4},"sa":{"a":0,"k":0,"ix":5},"nm":"Transform"}],"nm":"Group 1","np":2,"cix":2,"bm":0,"ix":1,"mn":"ADBE Vector Group","hd":false}],"ip":15,"op":120,"st":15,"bm":0}],"markers":[]}