{"nm":"dots cube","ddd":0,"h":600,"w":600,"meta":{"g":"LottieFiles AE 3.3.6","tc":"#ffffff"},"layers":[{"ty":0,"nm":"dennem","sr":1,"st":0,"op":600,"ip":0,"hd":false,"ddd":0,"bm":0,"hasMask":false,"ao":0,"ks":{"a":{"a":0,"k":[400,300,0],"ix":1},"s":{"a":0,"k":[100,100,100],"ix":6},"sk":{"a":0,"k":0},"p":{"a":0,"k":[300,300,0],"ix":2},"r":{"a":1,"k":[{"o":{"x":0.167,"y":0.167},"i":{"x":0.833,"y":0.833},"s":[0],"t":0},{"s":[-720],"t":352}],"ix":10},"sa":{"a":0,"k":0},"o":{"a":0,"k":100,"ix":11}},"ef":[],"w":800,"h":600,"refId":"comp_0","tm":{"a":1,"k":[{"o":{"x":0.333,"y":0},"i":{"x":0.667,"y":1},"s":[0],"t":0},{"s":[2.933],"t":352}],"ix":2},"ind":1}],"v":"4.8.0","fr":120,"op":352,"ip":0,"assets":[{"nm":"","id":"comp_0","layers":[{"ty":4,"nm":"sol 3","sr":1,"st":0,"op":352,"ip":0,"hd":false,"ddd":0,"bm":0,"hasMask":false,"ao":0,"ks":{"a":{"a":0,"k":[335.278,337.367,0],"ix":1},"s":{"a":0,"k":[100,100,100],"ix":6},"sk":{"a":0,"k":0},"p":{"a":0,"k":[335.278,337.367,0],"ix":2},"r":{"a":1,"k":[{"o":{"x":0.476,"y":0},"i":{"x":0.451,"y":1},"s":[0],"t":0},{"s":[180],"t":160}],"ix":10},"sa":{"a":0,"k":0},"o":{"a":1,"k":[{"o":{"x":1,"y":0},"i":{"x":0,"y":1},"s":[100],"t":176},{"s":[0],"t":178}],"ix":11}},"ef":[],"shapes":[{"ty":"gr","bm":0,"hd":false,"mn":"ADBE Vector Group","nm":"Group 1","ix":1,"cix":2,"np":2,"it":[{"ty":"sh","bm":0,"hd":false,"mn":"ADBE Vector Shape - Group","nm":"Path 1","ix":1,"d":1,"ks":{"a":0,"k":{"c":true,"i":[[0,-16.017],[16.017,0],[0,16.016],[-16.016,0]],"o":[[0,16.016],[-16.016,0],[0,-16.017],[16.017,0]],"v":[[29,0],[0,29],[-29,0],[0,-29]]},"ix":2}},{"ty":"fl","bm":0,"hd":false,"mn":"ADBE Vector Graphic - Fill","nm":"Fill 1","c":{"a":0,"k":[0,0,0],"ix":4},"r":1,"o":{"a":0,"k":100,"ix":5}},{"ty":"tr","a":{"a":0,"k":[0,0],"ix":1},"s":{"a":0,"k":[150,150],"ix":3},"sk":{"a":0,"k":0,"ix":4},"p":{"a":0,"k":[270.557,374.734],"ix":2},"r":{"a":0,"k":0,"ix":6},"sa":{"a":0,"k":0,"ix":5},"o":{"a":0,"k":100,"ix":7}}]},{"ty":"gr","bm":0,"hd":false,"mn":"ADBE Vector Group","nm":"Group 2","ix":2,"cix":2,"np":2,"it":[{"ty":"sh","bm":0,"hd":false,"mn":"ADBE Vector Shape - Group","nm":"Path 1","ix":1,"d":1,"ks":{"a":0,"k":{"c":true,"i":[[0,-16.017],[16.017,0],[0,16.016],[-16.016,0]],"o":[[0,16.016],[-16.016,0],[0,-16.017],[16.017,0]],"v":[[29,0],[0,29],[-29,0],[0,-29]]},"ix":2}},{"ty":"fl","bm":0,"hd":false,"mn":"ADBE Vector Graphic - Fill","nm":"Fill 1","c":{"a":0,"k":[0,0,0],"ix":4},"r":1,"o":{"a":0,"k":100,"ix":5}},{"ty":"tr","a":{"a":0,"k":[0,0],"ix":1},"s":{"a":0,"k":[150,150],"ix":3},"sk":{"a":0,"k":0,"ix":4},"p":{"a":0,"k":[270.557,225.266],"ix":2},"r":{"a":0,"k":0,"ix":6},"sa":{"a":0,"k":0,"ix":5},"o":{"a":0,"k":100,"ix":7}}]},{"ty":"gr","bm":0,"hd":false,"mn":"ADBE Vector Group","nm":"Group 5","ix":3,"cix":2,"np":2,"it":[{"ty":"sh","bm":0,"hd":false,"mn":"ADBE Vector Shape - Group","nm":"Path 1","ix":1,"d":1,"ks":{"a":0,"k":{"c":true,"i":[[0,-16.016],[16.017,0],[0,16.017],[-16.016,0]],"o":[[0,16.017],[-16.016,0],[0,-16.016],[16.017,0]],"v":[[29,0],[0,29],[-29,0],[0,-29]]},"ix":2}},{"ty":"fl","bm":0,"hd":false,"mn":"ADBE Vector Graphic - Fill","nm":"Fill 1","c":{"a":0,"k":[0,0,0],"ix":4},"r":1,"o":{"a":0,"k":100,"ix":5}},{"ty":"tr","a":{"a":0,"k":[0,0],"ix":1},"s":{"a":0,"k":[150,150],"ix":3},"sk":{"a":0,"k":0,"ix":4},"p":{"a":0,"k":[400,449.468],"ix":2},"r":{"a":0,"k":0,"ix":6},"sa":{"a":0,"k":0,"ix":5},"o":{"a":0,"k":100,"ix":7}}]},{"ty":"gr","bm":0,"hd":false,"mn":"ADBE Vector Group","nm":"Group 7","ix":4,"cix":2,"np":2,"it":[{"ty":"sh","bm":0,"hd":false,"mn":"ADBE Vector Shape - Group","nm":"Path 1","ix":1,"d":1,"ks":{"a":0,"k":{"c":true,"i":[[0,-16.016],[16.017,0],[0,16.017],[-16.016,0]],"o":[[0,16.017],[-16.016,0],[0,-16.016],[16.017,0]],"v":[[29,0],[0,29],[-29,0],[0,-29]]},"ix":2}},{"ty":"fl","bm":0,"hd":false,"mn":"ADBE Vector Graphic - Fill","nm":"Fill 1","c":{"a":0,"k":[0,0,0],"ix":4},"r":1,"o":{"a":0,"k":100,"ix":5}},{"ty":"tr","a":{"a":0,"k":[0,0],"ix":1},"s":{"a":0,"k":[150,150],"ix":3},"sk":{"a":0,"k":0,"ix":4},"p":{"a":0,"k":[400,300],"ix":2},"r":{"a":0,"k":0,"ix":6},"sa":{"a":0,"k":0,"ix":5},"o":{"a":0,"k":100,"ix":7}}]}],"ind":1},{"ty":4,"nm":"ort 6","sr":1,"st":0,"op":352,"ip":0,"hd":false,"ddd":0,"bm":0,"hasMask":false,"ao":0,"ks":{"a":{"a":0,"k":[400,300,0],"ix":1},"s":{"a":1,"k":[{"o":{"x":0.579,"y":0},"i":{"x":0.723,"y":1},"s":[120,120,100],"t":0},{"o":{"x":0.174,"y":0},"i":{"x":0.327,"y":1},"s":[135,135,100],"t":138},{"s":[120,120,100],"t":352}],"ix":6},"sk":{"a":0,"k":0},"p":{"a":0,"k":[400,300,0],"ix":2},"r":{"a":0,"k":0,"ix":10},"sa":{"a":0,"k":0},"o":{"a":1,"k":[{"o":{"x":1,"y":0},"i":{"x":0,"y":1},"s":[100],"t":176},{"s":[0],"t":178}],"ix":11}},"ef":[],"shapes":[{"ty":"gr","bm":0,"hd":false,"mn":"ADBE Vector Group","nm":"Group 7","ix":1,"cix":2,"np":2,"it":[{"ty":"sh","bm":0,"hd":false,"mn":"ADBE Vector Shape - Group","nm":"Path 1","ix":1,"d":1,"ks":{"a":0,"k":{"c":true,"i":[[0,-16.016],[16.017,0],[0,16.017],[-16.016,0]],"o":[[0,16.017],[-16.016,0],[0,-16.016],[16.017,0]],"v":[[29,0],[0,29],[-29,0],[0,-29]]},"ix":2}},{"ty":"gf","bm":0,"hd":false,"mn":"ADBE Vector Graphic - G-Fill","nm":"Gradient Fill 1","e":{"a":1,"k":[{"o":{"x":0.167,"y":0.167},"i":{"x":0.833,"y":0.833},"s":[41,-46],"t":0},{"o":{"x":0.167,"y":0.167},"i":{"x":0.833,"y":0.833},"s":[46,0],"t":92},{"o":{"x":0.167,"y":0.167},"i":{"x":0.833,"y":0.833},"s":[-38,-2],"t":176},{"o":{"x":0.167,"y":0.167},"i":{"x":0.833,"y":0.833},"s":[-41,-39],"t":262},{"s":[41,-46],"t":352}],"ix":6},"g":{"p":3,"k":{"a":1,"k":[{"o":{"x":0.167,"y":0.167},"i":{"x":0.833,"y":0.833},"s":[0,0.3568627450980392,0.615686274509804,1,0.499,0.9647058823529412,0.796078431372549,0.2784313725490196,0.998,0.3568627450980392,0.615686274509804,1],"t":0},{"o":{"x":0.167,"y":0.167},"i":{"x":0.833,"y":0.833},"s":[0,0.3568627450980392,0.615686274509804,1,0.499,0.9647058823529412,0.796078431372549,0.2784313725490196,0.998,0.9647058823529412,0.796078431372549,0.2784313725490196],"t":92},{"o":{"x":0.167,"y":0.167},"i":{"x":0.833,"y":0.833},"s":[0,0.9647058823529412,0.796078431372549,0.2784313725490196,0.499,0.3568627450980392,0.615686274509804,1,0.998,0.3568627450980392,0.615686274509804,1],"t":176},{"o":{"x":0.167,"y":0.167},"i":{"x":0.833,"y":0.833},"s":[0,0.9647058823529412,0.796078431372549,0.2784313725490196,0.499,0.6627450980392157,1,0.23529411764705882,0.998,0.3568627450980392,0.615686274509804,1],"t":262},{"s":[0,0.3568627450980392,0.615686274509804,1,0.499,0.9647058823529412,0.796078431372549,0.2784313725490196,0.998,0.3568627450980392,0.615686274509804,1],"t":352}],"ix":9}},"t":1,"a":{"a":0,"k":0},"h":{"a":0,"k":0},"s":{"a":1,"k":[{"o":{"x":0.167,"y":0.167},"i":{"x":0.833,"y":0.833},"s":[-34,38],"t":0},{"o":{"x":0.167,"y":0.167},"i":{"x":0.833,"y":0.833},"s":[-20,-41],"t":92},{"o":{"x":0.167,"y":0.167},"i":{"x":0.833,"y":0.833},"s":[32,-37],"t":176},{"o":{"x":0.167,"y":0.167},"i":{"x":0.833,"y":0.833},"s":[43,35],"t":262},{"s":[-34,38],"t":352}],"ix":5},"r":1,"o":{"a":0,"k":100,"ix":10}},{"ty":"tr","a":{"a":0,"k":[0,0],"ix":1},"s":{"a":0,"k":[200,200],"ix":3},"sk":{"a":0,"k":0,"ix":4},"p":{"a":0,"k":[400,300],"ix":2},"r":{"a":0,"k":0,"ix":6},"sa":{"a":0,"k":0,"ix":5},"o":{"a":0,"k":100,"ix":7}}]}],"ind":2},{"ty":4,"nm":"sag 3","sr":1,"st":0,"op":352,"ip":0,"hd":false,"ddd":0,"bm":0,"hasMask":false,"ao":0,"ks":{"a":{"a":0,"k":[464.722,262.633,0],"ix":1},"s":{"a":0,"k":[100,100,100],"ix":6},"sk":{"a":0,"k":0},"p":{"a":0,"k":[464.722,262.633,0],"ix":2},"r":{"a":1,"k":[{"o":{"x":0.476,"y":0},"i":{"x":0.451,"y":1},"s":[0],"t":14},{"s":[180],"t":174}],"ix":10},"sa":{"a":0,"k":0},"o":{"a":1,"k":[{"o":{"x":1,"y":0},"i":{"x":0,"y":1},"s":[100],"t":176},{"s":[0],"t":178}],"ix":11}},"ef":[],"shapes":[{"ty":"gr","bm":0,"hd":false,"mn":"ADBE Vector Group","nm":"Group 3","ix":1,"cix":2,"np":2,"it":[{"ty":"sh","bm":0,"hd":false,"mn":"ADBE Vector Shape - Group","nm":"Path 1","ix":1,"d":1,"ks":{"a":0,"k":{"c":true,"i":[[0,-16.017],[16.017,0],[0,16.016],[-16.017,0]],"o":[[0,16.016],[-16.017,0],[0,-16.017],[16.017,0]],"v":[[29,0],[0,29],[-29,0],[0,-29]]},"ix":2}},{"ty":"fl","bm":0,"hd":false,"mn":"ADBE Vector Graphic - Fill","nm":"Fill 1","c":{"a":0,"k":[0,0,0],"ix":4},"r":1,"o":{"a":0,"k":100,"ix":5}},{"ty":"tr","a":{"a":0,"k":[0,0],"ix":1},"s":{"a":0,"k":[150,150],"ix":3},"sk":{"a":0,"k":0,"ix":4},"p":{"a":0,"k":[529.443,374.734],"ix":2},"r":{"a":0,"k":0,"ix":6},"sa":{"a":0,"k":0,"ix":5},"o":{"a":0,"k":100,"ix":7}}]},{"ty":"gr","bm":0,"hd":false,"mn":"ADBE Vector Group","nm":"Group 4","ix":2,"cix":2,"np":2,"it":[{"ty":"sh","bm":0,"hd":false,"mn":"ADBE Vector Shape - Group","nm":"Path 1","ix":1,"d":1,"ks":{"a":0,"k":{"c":true,"i":[[0,-16.017],[16.017,0],[0,16.016],[-16.017,0]],"o":[[0,16.016],[-16.017,0],[0,-16.017],[16.017,0]],"v":[[29,0],[0,29],[-29,0],[0,-29]]},"ix":2}},{"ty":"fl","bm":0,"hd":false,"mn":"ADBE Vector Graphic - Fill","nm":"Fill 1","c":{"a":0,"k":[0,0,0],"ix":4},"r":1,"o":{"a":0,"k":100,"ix":5}},{"ty":"tr","a":{"a":0,"k":[0,0],"ix":1},"s":{"a":0,"k":[150,150],"ix":3},"sk":{"a":0,"k":0,"ix":4},"p":{"a":0,"k":[529.443,225.266],"ix":2},"r":{"a":0,"k":0,"ix":6},"sa":{"a":0,"k":0,"ix":5},"o":{"a":0,"k":100,"ix":7}}]},{"ty":"gr","bm":0,"hd":false,"mn":"ADBE Vector Group","nm":"Group 6","ix":3,"cix":2,"np":2,"it":[{"ty":"sh","bm":0,"hd":false,"mn":"ADBE Vector Shape - Group","nm":"Path 1","ix":1,"d":1,"ks":{"a":0,"k":{"c":true,"i":[[0,-16.016],[16.017,0],[0,16.017],[-16.016,0]],"o":[[0,16.017],[-16.016,0],[0,-16.016],[16.017,0]],"v":[[29,0],[0,29],[-29,0],[0,-29]]},"ix":2}},{"ty":"fl","bm":0,"hd":false,"mn":"ADBE Vector Graphic - Fill","nm":"Fill 1","c":{"a":0,"k":[0,0,0],"ix":4},"r":1,"o":{"a":0,"k":100,"ix":5}},{"ty":"tr","a":{"a":0,"k":[0,0],"ix":1},"s":{"a":0,"k":[150,150],"ix":3},"sk":{"a":0,"k":0,"ix":4},"p":{"a":0,"k":[400,150.532],"ix":2},"r":{"a":0,"k":0,"ix":6},"sa":{"a":0,"k":0,"ix":5},"o":{"a":0,"k":100,"ix":7}}]},{"ty":"gr","bm":0,"hd":false,"mn":"ADBE Vector Group","nm":"Group 7","ix":4,"cix":2,"np":2,"it":[{"ty":"sh","bm":0,"hd":false,"mn":"ADBE Vector Shape - Group","nm":"Path 1","ix":1,"d":1,"ks":{"a":0,"k":{"c":true,"i":[[0,-16.016],[16.017,0],[0,16.017],[-16.016,0]],"o":[[0,16.017],[-16.016,0],[0,-16.016],[16.017,0]],"v":[[29,0],[0,29],[-29,0],[0,-29]]},"ix":2}},{"ty":"fl","bm":0,"hd":false,"mn":"ADBE Vector Graphic - Fill","nm":"Fill 1","c":{"a":0,"k":[0,0,0],"ix":4},"r":1,"o":{"a":0,"k":100,"ix":5}},{"ty":"tr","a":{"a":0,"k":[0,0],"ix":1},"s":{"a":0,"k":[150,150],"ix":3},"sk":{"a":0,"k":0,"ix":4},"p":{"a":0,"k":[400,300],"ix":2},"r":{"a":0,"k":0,"ix":6},"sa":{"a":0,"k":0,"ix":5},"o":{"a":0,"k":100,"ix":7}}]}],"ind":3},{"ty":4,"nm":"ust 3","sr":1,"st":0,"op":352,"ip":0,"hd":false,"ddd":0,"bm":0,"hasMask":false,"ao":0,"ks":{"a":{"a":0,"k":[400,225.266,0],"ix":1},"s":{"a":0,"k":[100,100,100],"ix":6},"sk":{"a":0,"k":0},"p":{"a":0,"k":[400,225.266,0],"ix":2},"r":{"a":1,"k":[{"o":{"x":0.476,"y":0},"i":{"x":0.451,"y":1},"s":[0],"t":178},{"s":[180],"t":338}],"ix":10},"sa":{"a":0,"k":0},"o":{"a":1,"k":[{"o":{"x":1,"y":0},"i":{"x":0,"y":1},"s":[0],"t":176},{"s":[100],"t":178}],"ix":11}},"ef":[],"shapes":[{"ty":"gr","bm":0,"hd":false,"mn":"ADBE Vector Group","nm":"Group 2","ix":1,"cix":2,"np":2,"it":[{"ty":"sh","bm":0,"hd":false,"mn":"ADBE Vector Shape - Group","nm":"Path 1","ix":1,"d":1,"ks":{"a":0,"k":{"c":true,"i":[[0,-16.017],[16.017,0],[0,16.016],[-16.016,0]],"o":[[0,16.016],[-16.016,0],[0,-16.017],[16.017,0]],"v":[[29,0],[0,29],[-29,0],[0,-29]]},"ix":2}},{"ty":"fl","bm":0,"hd":false,"mn":"ADBE Vector Graphic - Fill","nm":"Fill 1","c":{"a":0,"k":[0,0,0],"ix":4},"r":1,"o":{"a":0,"k":100,"ix":5}},{"ty":"tr","a":{"a":0,"k":[0,0],"ix":1},"s":{"a":0,"k":[150,150],"ix":3},"sk":{"a":0,"k":0,"ix":4},"p":{"a":0,"k":[270.557,225.266],"ix":2},"r":{"a":0,"k":0,"ix":6},"sa":{"a":0,"k":0,"ix":5},"o":{"a":0,"k":100,"ix":7}}]},{"ty":"gr","bm":0,"hd":false,"mn":"ADBE Vector Group","nm":"Group 4","ix":2,"cix":2,"np":2,"it":[{"ty":"sh","bm":0,"hd":false,"mn":"ADBE Vector Shape - Group","nm":"Path 1","ix":1,"d":1,"ks":{"a":0,"k":{"c":true,"i":[[0,-16.017],[16.017,0],[0,16.016],[-16.017,0]],"o":[[0,16.016],[-16.017,0],[0,-16.017],[16.017,0]],"v":[[29,0],[0,29],[-29,0],[0,-29]]},"ix":2}},{"ty":"fl","bm":0,"hd":false,"mn":"ADBE Vector Graphic - Fill","nm":"Fill 1","c":{"a":0,"k":[0,0,0],"ix":4},"r":1,"o":{"a":0,"k":100,"ix":5}},{"ty":"tr","a":{"a":0,"k":[0,0],"ix":1},"s":{"a":0,"k":[150,150],"ix":3},"sk":{"a":0,"k":0,"ix":4},"p":{"a":0,"k":[529.443,225.266],"ix":2},"r":{"a":0,"k":0,"ix":6},"sa":{"a":0,"k":0,"ix":5},"o":{"a":0,"k":100,"ix":7}}]},{"ty":"gr","bm":0,"hd":false,"mn":"ADBE Vector Group","nm":"Group 6","ix":3,"cix":2,"np":2,"it":[{"ty":"sh","bm":0,"hd":false,"mn":"ADBE Vector Shape - Group","nm":"Path 1","ix":1,"d":1,"ks":{"a":0,"k":{"c":true,"i":[[0,-16.016],[16.017,0],[0,16.017],[-16.016,0]],"o":[[0,16.017],[-16.016,0],[0,-16.016],[16.017,0]],"v":[[29,0],[0,29],[-29,0],[0,-29]]},"ix":2}},{"ty":"fl","bm":0,"hd":false,"mn":"ADBE Vector Graphic - Fill","nm":"Fill 1","c":{"a":0,"k":[0,0,0],"ix":4},"r":1,"o":{"a":0,"k":100,"ix":5}},{"ty":"tr","a":{"a":0,"k":[0,0],"ix":1},"s":{"a":0,"k":[150,150],"ix":3},"sk":{"a":0,"k":0,"ix":4},"p":{"a":0,"k":[400,150.532],"ix":2},"r":{"a":0,"k":0,"ix":6},"sa":{"a":0,"k":0,"ix":5},"o":{"a":0,"k":100,"ix":7}}]},{"ty":"gr","bm":0,"hd":false,"mn":"ADBE Vector Group","nm":"Group 7","ix":4,"cix":2,"np":2,"it":[{"ty":"sh","bm":0,"hd":false,"mn":"ADBE Vector Shape - Group","nm":"Path 1","ix":1,"d":1,"ks":{"a":0,"k":{"c":true,"i":[[0,-16.016],[16.017,0],[0,16.017],[-16.016,0]],"o":[[0,16.017],[-16.016,0],[0,-16.016],[16.017,0]],"v":[[29,0],[0,29],[-29,0],[0,-29]]},"ix":2}},{"ty":"fl","bm":0,"hd":false,"mn":"ADBE Vector Graphic - Fill","nm":"Fill 1","c":{"a":0,"k":[0,0,0],"ix":4},"r":1,"o":{"a":0,"k":100,"ix":5}},{"ty":"tr","a":{"a":0,"k":[0,0],"ix":1},"s":{"a":0,"k":[150,150],"ix":3},"sk":{"a":0,"k":0,"ix":4},"p":{"a":0,"k":[400,300],"ix":2},"r":{"a":0,"k":0,"ix":6},"sa":{"a":0,"k":0,"ix":5},"o":{"a":0,"k":100,"ix":7}}]}],"ind":4},{"ty":4,"nm":"ort 5","sr":1,"st":0,"op":352,"ip":0,"hd":false,"ddd":0,"bm":0,"hasMask":false,"ao":0,"ks":{"a":{"a":0,"k":[400,300,0],"ix":1},"s":{"a":1,"k":[{"o":{"x":0.579,"y":0},"i":{"x":0.723,"y":1},"s":[120,120,100],"t":0},{"o":{"x":0.174,"y":0},"i":{"x":0.327,"y":1},"s":[135,135,100],"t":138},{"s":[120,120,100],"t":352}],"ix":6},"sk":{"a":0,"k":0},"p":{"a":0,"k":[400,300,0],"ix":2},"r":{"a":0,"k":0,"ix":10},"sa":{"a":0,"k":0},"o":{"a":1,"k":[{"o":{"x":1,"y":0},"i":{"x":0,"y":1},"s":[0],"t":176},{"s":[100],"t":178}],"ix":11}},"ef":[],"shapes":[{"ty":"gr","bm":0,"hd":false,"mn":"ADBE Vector Group","nm":"Group 7","ix":1,"cix":2,"np":2,"it":[{"ty":"sh","bm":0,"hd":false,"mn":"ADBE Vector Shape - Group","nm":"Path 1","ix":1,"d":1,"ks":{"a":0,"k":{"c":true,"i":[[0,-16.016],[16.017,0],[0,16.017],[-16.016,0]],"o":[[0,16.017],[-16.016,0],[0,-16.016],[16.017,0]],"v":[[29,0],[0,29],[-29,0],[0,-29]]},"ix":2}},{"ty":"gf","bm":0,"hd":false,"mn":"ADBE Vector Graphic - G-Fill","nm":"Gradient Fill 1","e":{"a":1,"k":[{"o":{"x":0.167,"y":0.167},"i":{"x":0.833,"y":0.833},"s":[41,-46],"t":0},{"o":{"x":0.167,"y":0.167},"i":{"x":0.833,"y":0.833},"s":[46,0],"t":92},{"o":{"x":0.167,"y":0.167},"i":{"x":0.833,"y":0.833},"s":[-38,-2],"t":176},{"o":{"x":0.167,"y":0.167},"i":{"x":0.833,"y":0.833},"s":[-41,-39],"t":262},{"s":[41,-46],"t":352}],"ix":6},"g":{"p":3,"k":{"a":1,"k":[{"o":{"x":0.167,"y":0.167},"i":{"x":0.833,"y":0.833},"s":[0,0.3568627450980392,0.615686274509804,1,0.499,0.9647058823529412,0.796078431372549,0.2784313725490196,0.998,0.3568627450980392,0.615686274509804,1],"t":0},{"o":{"x":0.167,"y":0.167},"i":{"x":0.833,"y":0.833},"s":[0,0.3568627450980392,0.615686274509804,1,0.499,0.9647058823529412,0.796078431372549,0.2784313725490196,0.998,0.9647058823529412,0.796078431372549,0.2784313725490196],"t":92},{"o":{"x":0.167,"y":0.167},"i":{"x":0.833,"y":0.833},"s":[0,0.9647058823529412,0.796078431372549,0.2784313725490196,0.499,0.3568627450980392,0.615686274509804,1,0.998,0.3568627450980392,0.615686274509804,1],"t":176},{"o":{"x":0.167,"y":0.167},"i":{"x":0.833,"y":0.833},"s":[0,0.9647058823529412,0.796078431372549,0.2784313725490196,0.499,0.6627450980392157,1,0.23529411764705882,0.998,0.3568627450980392,0.615686274509804,1],"t":262},{"s":[0,0.3568627450980392,0.615686274509804,1,0.499,0.9647058823529412,0.796078431372549,0.2784313725490196,0.998,0.3568627450980392,0.615686274509804,1],"t":352}],"ix":9}},"t":1,"a":{"a":0,"k":0},"h":{"a":0,"k":0},"s":{"a":1,"k":[{"o":{"x":0.167,"y":0.167},"i":{"x":0.833,"y":0.833},"s":[-34,38],"t":0},{"o":{"x":0.167,"y":0.167},"i":{"x":0.833,"y":0.833},"s":[-20,-41],"t":92},{"o":{"x":0.167,"y":0.167},"i":{"x":0.833,"y":0.833},"s":[32,-37],"t":176},{"o":{"x":0.167,"y":0.167},"i":{"x":0.833,"y":0.833},"s":[43,35],"t":262},{"s":[-34,38],"t":352}],"ix":5},"r":1,"o":{"a":0,"k":100,"ix":10}},{"ty":"tr","a":{"a":0,"k":[0,0],"ix":1},"s":{"a":0,"k":[200,200],"ix":3},"sk":{"a":0,"k":0,"ix":4},"p":{"a":0,"k":[400,300],"ix":2},"r":{"a":0,"k":0,"ix":6},"sa":{"a":0,"k":0,"ix":5},"o":{"a":0,"k":100,"ix":7}}]}],"ind":5},{"ty":4,"nm":"assa 3","sr":1,"st":0,"op":352,"ip":0,"hd":false,"ddd":0,"bm":0,"hasMask":false,"ao":0,"ks":{"a":{"a":0,"k":[400,374.734,0],"ix":1},"s":{"a":0,"k":[100,100,100],"ix":6},"sk":{"a":0,"k":0},"p":{"a":0,"k":[400,374.734,0],"ix":2},"r":{"a":1,"k":[{"o":{"x":0.476,"y":0},"i":{"x":0.451,"y":1},"s":[0],"t":192},{"s":[180],"t":352}],"ix":10},"sa":{"a":0,"k":0},"o":{"a":1,"k":[{"o":{"x":1,"y":0},"i":{"x":0,"y":1},"s":[0],"t":176},{"s":[100],"t":178}],"ix":11}},"ef":[],"shapes":[{"ty":"gr","bm":0,"hd":false,"mn":"ADBE Vector Group","nm":"Group 1","ix":1,"cix":2,"np":2,"it":[{"ty":"sh","bm":0,"hd":false,"mn":"ADBE Vector Shape - Group","nm":"Path 1","ix":1,"d":1,"ks":{"a":0,"k":{"c":true,"i":[[0,-16.017],[16.017,0],[0,16.016],[-16.016,0]],"o":[[0,16.016],[-16.016,0],[0,-16.017],[16.017,0]],"v":[[29,0],[0,29],[-29,0],[0,-29]]},"ix":2}},{"ty":"fl","bm":0,"hd":false,"mn":"ADBE Vector Graphic - Fill","nm":"Fill 1","c":{"a":0,"k":[0,0,0],"ix":4},"r":1,"o":{"a":0,"k":100,"ix":5}},{"ty":"tr","a":{"a":0,"k":[0,0],"ix":1},"s":{"a":0,"k":[150,150],"ix":3},"sk":{"a":0,"k":0,"ix":4},"p":{"a":0,"k":[270.557,374.734],"ix":2},"r":{"a":0,"k":0,"ix":6},"sa":{"a":0,"k":0,"ix":5},"o":{"a":0,"k":100,"ix":7}}]},{"ty":"gr","bm":0,"hd":false,"mn":"ADBE Vector Group","nm":"Group 3","ix":2,"cix":2,"np":2,"it":[{"ty":"sh","bm":0,"hd":false,"mn":"ADBE Vector Shape - Group","nm":"Path 1","ix":1,"d":1,"ks":{"a":0,"k":{"c":true,"i":[[0,-16.017],[16.017,0],[0,16.016],[-16.017,0]],"o":[[0,16.016],[-16.017,0],[0,-16.017],[16.017,0]],"v":[[29,0],[0,29],[-29,0],[0,-29]]},"ix":2}},{"ty":"fl","bm":0,"hd":false,"mn":"ADBE Vector Graphic - Fill","nm":"Fill 1","c":{"a":0,"k":[0,0,0],"ix":4},"r":1,"o":{"a":0,"k":100,"ix":5}},{"ty":"tr","a":{"a":0,"k":[0,0],"ix":1},"s":{"a":0,"k":[150,150],"ix":3},"sk":{"a":0,"k":0,"ix":4},"p":{"a":0,"k":[529.443,374.734],"ix":2},"r":{"a":0,"k":0,"ix":6},"sa":{"a":0,"k":0,"ix":5},"o":{"a":0,"k":100,"ix":7}}]},{"ty":"gr","bm":0,"hd":false,"mn":"ADBE Vector Group","nm":"Group 5","ix":3,"cix":2,"np":2,"it":[{"ty":"sh","bm":0,"hd":false,"mn":"ADBE Vector Shape - Group","nm":"Path 1","ix":1,"d":1,"ks":{"a":0,"k":{"c":true,"i":[[0,-16.016],[16.017,0],[0,16.017],[-16.016,0]],"o":[[0,16.017],[-16.016,0],[0,-16.016],[16.017,0]],"v":[[29,0],[0,29],[-29,0],[0,-29]]},"ix":2}},{"ty":"fl","bm":0,"hd":false,"mn":"ADBE Vector Graphic - Fill","nm":"Fill 1","c":{"a":0,"k":[0,0,0],"ix":4},"r":1,"o":{"a":0,"k":100,"ix":5}},{"ty":"tr","a":{"a":0,"k":[0,0],"ix":1},"s":{"a":0,"k":[150,150],"ix":3},"sk":{"a":0,"k":0,"ix":4},"p":{"a":0,"k":[400,449.468],"ix":2},"r":{"a":0,"k":0,"ix":6},"sa":{"a":0,"k":0,"ix":5},"o":{"a":0,"k":100,"ix":7}}]},{"ty":"gr","bm":0,"hd":false,"mn":"ADBE Vector Group","nm":"Group 7","ix":4,"cix":2,"np":2,"it":[{"ty":"sh","bm":0,"hd":false,"mn":"ADBE Vector Shape - Group","nm":"Path 1","ix":1,"d":1,"ks":{"a":0,"k":{"c":true,"i":[[0,-16.016],[16.017,0],[0,16.017],[-16.016,0]],"o":[[0,16.017],[-16.016,0],[0,-16.016],[16.017,0]],"v":[[29,0],[0,29],[-29,0],[0,-29]]},"ix":2}},{"ty":"fl","bm":0,"hd":false,"mn":"ADBE Vector Graphic - Fill","nm":"Fill 1","c":{"a":0,"k":[0,0,0],"ix":4},"r":1,"o":{"a":0,"k":100,"ix":5}},{"ty":"tr","a":{"a":0,"k":[0,0],"ix":1},"s":{"a":0,"k":[150,150],"ix":3},"sk":{"a":0,"k":0,"ix":4},"p":{"a":0,"k":[400,300],"ix":2},"r":{"a":0,"k":0,"ix":6},"sa":{"a":0,"k":0,"ix":5},"o":{"a":0,"k":100,"ix":7}}]}],"ind":6}]}]}